CO_NCM;NO_NCM_ING
87083090;Other brakes and its parts,f/tractors/vehicles/automob.
87083110;Brakes and servo-brakes for dumpers and tractors
87083190;Brakes and servo-brakes f/other motor vehicles
87083900;Other brakes and its parts,f/tractors/motor vehicles
87084010;Gear boxes f/dumpers/tractors except road
87084011;Power-assisted f/torques>=750nm of tractors/dumpers
87084019;Other gear boxes for tractors or dumpers
87084080;Other gearboxes
87084090;Parts of gearboxes
87085010;Drive-axles with differential f/dumpers/tractors
87085011;Drive-axles with differential f/dumpers,load>=14t
87085012;Axles and parts except. drive/trac./dumpers
87085019;Drive-axles with differential f/dumpers/tractors
87085080;Drive-axles with differential f/motor vehicles
90183922;Arterial embolectomy catheters of poly(vinyl chloride)
90183923;Thermodilution catheters of poly(vinyl chloride)
90183924;Peripheral intravenous catheters  of poliuretano
90183929;Other probes, catheters and stems
29398090;Other alkaloids, natural or produced by synthesis, and their salts, esters and other derivatives
48119019;Oth.paper of cellulose covered.etc.strips/rolls w<=15cm
39172210;Rigid tube, made of propylene polymers, with a round internal cross-section of less than 6 mm in diameter and a hexagonal external cross-section
85441911;Copper-clad aluminum wires (CCA) for winding, insulated for electrical uses (including those varnished or anodically oxidized)
38249961;Contrasts for diagnostic examinations using magnetic resonance imaging or ultrasound, based on gadobenate dimeglumine, gadobutrol, gadopentetate dimeglumine, gadoterate meglumine, gadoteridol or gadoxetate disodium.
32071020;Suspension of pigments in organic solvents, of the type used in inkjet printers for decorating ceramic surfaces by firing
39069059;Other acrylic polymers, in irreg.blocks, pieces, etc
73151110;"Roller chains of the type used on bicycles, with a 12.7 mm (1/2"") pitch and an internal width of 1.98 mm (5/64"") or more but less than or equal to 3.17 mm (1/8"")"
73151190;Other roller chains
32071030;Other pigments, opacifiers/colours, preparations and preparations based on zirconium or its salts
39069051;Poly(acrylic acid) and salts, in blocks, irreg.pieces, etc
39069053;Carboxypolymethylene, in powder
39069054;Sodium polyacrylate, in irreg.blocks, pieces, etc
39069069;Other copolymers
3052010;Roe of mullet (Mugil spp.) fish, dried, smoked, etc.
88069100;Other unmanned aerial vehicles (aircraft), of a maximum take-off weight not exceeding 250 g
44188200;Cross-laminated timber (CLT or X-lam)
39069064;Copolymer of potassium acrylate and acrylic acid, with a distilled water absorption capacity of up to four hundred times its own weight
38273900;Other mixtures containing hydrochlorofluorocarbons (HCFC), even if they contain perfluorocarbons (PFC) or hydrofluorocarbons (HFC), but not containing chlorofluorocarbons (CFC), not classified under previous codes
76129020;Containers (capsules) for packaging coffee and similar products, of the type used in beverage preparation machines
39072992;Poly(oxyethylene) methallyl ether (HPEG)
74061020;Copper powders, of non-lamellar structure, with a tin content, by weight, of not less than 7.0% but not more than 9.0% and a nickel content of not less than 0.7% but not more than 1.3%, without other elements
88061000;Unmanned aerial vehicles (aircraft), designed for the transport of passengers
19012090;Other mixtures and pastes for the preparation of bakery, pastry and biscuit products, of heading 19.05
19012020;Dough for preparing bread, with the addition of whole grains or seeds, frozen
7129020;Garlic
29333500;Quinuclidin-3-ol
28439040;Ruthenium trichloride, powder
74061010;Copper powder, non-lamellar in structure, with a lead content by weight of 9.5% or more but less than or equal to 25.0% and a tin content of 1.75% or more but less than or equal to 11.0%, without other elements.
73063010;Other welded pipes, of circular cross-section, of iron or non-alloy steel, with an outside diameter of 22.25 mm, a thickness of 2.64 mm and a length of 448.2 mm.
81093900;Other waste and scrap of zirconium, not classified under previous codes
59112090;Gauzes and screens to drizzle, of oth.textile materials
59113100;Fabric and felt used in mach.f/prod.of paper w<650g/m2
59113200;Fabric and felt used in mach.f/prod.of paper w>=650g/m2
59114000;Fabrics of filter/thick, used in oil presses, etc.
51121100;Combed fabr.of wool/fine anim.hair(con>=85%), w<=200g/m2
51121910;Other fabrics of combed wool (cont>=85%)
48236000;Trays, dishes, plates, cups, etc.of paper/paperboard
48236100;Trays, dishes, plates, cups, etc.of bamboo
48236900;Other trays, dishes, plates, cups, etc.of paper/kraft
48237000;Moulded or pressed articles of paper pulp
48239010;Perforated cards for jacquard machines
48239020;Paper/paperb., of a dieletric strength>=600v, w<=60g/m2
48239090;Other paper, paperboard/pulp/etc.cut and their works
48239091;Oth.paper, etc.of cellulose, rolls 15<w<=36cm
48239099;Oth.paper, paperb.of cellulose and oth.articles of paper
59112010;Gauzes and screens to drizzle, synt/artif.text.mat.piec
87112090;Oth.cycles with recip.int.comb.pist.eng.50<cyl<=250cm3
87113000;Motorcyc.etc.with recip.int.comb.pist.eng.250<c<=500cm3
87114000;Motorcyc.etc.with recip.int.comb.pist.eng.500<c<=800cm3
87115000;Motorcycles,etc.with recip.int.comb.pist.eng.cyl>800cm3
87119000;Oth.motorcyc./cycles with auxil.motor of lateral cars
87120010;Bikes without engine
87120090;Other cycles without engine, including tricycles
87131000;Carriages for disabled,etc.n/mechanically propelled
87139000;Other carriages for disabled and other vehicles
87141000;Parts and accessories of motorcycles (including mopeds)
87141100;Saddles for motor-cycles (including mopeds)
87141900;Other parts and access.f/motor-cycles incl.mopeds
87142000;Parts and access.of carriag.f/disabled/oth.vehic.inval.
85334019;Oth.electric.resistors, variable, n/lineal semiconductors
85334091;Potentiom.of coal, used in system of fuel injection
85334092;Other potentiometers of coal
85334099;Other electrical resistors, variable
85339000;Parts of electrical resistors
85340000;Printed circuits
85340011;Ci simples face rig.c/isolante res.fenol./papel celulos
85340012;Ci simples face rig.c/isolante res.epoxi./papel celulos
85340013;Ci simples face rig.c/isolante res.expox./tec.fib.vidro
85340019;Other integrated circuits single face, hard
85340020;Integrated circuit single-sided, flexible
85340031;Ci dupla face rig.c/isolante res.fenol./papel celulos
85340032;Ci dupla face rig.c/isolante res.epoxi./papel celulos
85340033;Ci dupla face rig.c/isolante res.epoxi./tec.fib.vidro
85340039;Other integrated circuits of double-sided, rigid
85340040;Integrated circuit double face, flexible
85340051;Ci multicamada c/ isolante res.epoxida/tec fibra vidro
85446000;Other electric conductors f/tension>1000v
85447010;Optical fibre cables ext.coated dielectric material
85447020;Optical fibre cables ext.coated steel f/submarine
85447030;Optical fibre cables externally coated with aluminium
85447090;Other optical fibre cables
85451100;Carbon electrodes of a kind used for furnaces
85451910;Graphite electrodes,contain.carbon>=99.9%f/electr.use
85371011;Support with apparatus of cnc,t<=1kv,c/proc/bus>=32bits
85371019;Oth.boards,panels,etc.with appar.com.num.comp.t<=1kv
85371020;Boards with programmable control apparatus,t<=1kv
85371030;Boards with control of elect.power demand appar.t<=1kv
85371090;Oth.boards,etc.with elect.circuit switches appar.t<=1kv
87149100;Frames,forks and parts thereof f/bicycles and oth.cycl.
87149200;Wheel rims and spokes f/bicycles and other cycles
87149300;Oth.hubs and sprocket-wheels f/bicycles,etc
87149310;Hubs,exc.of brakes(coaster brak.)p/bicyc.and oth.cycles
85176214;Centralizing of lines of subscribers (centr/remot.term.)
85176219;Other centralizing appar/equip
49011000;Books, brochures, similar printed papers, in single sheets
49019100;Dictionaries and encyclopaedias, serial instalm.thereof
49019900;Oth.printed books, brochures and similar printed
49021000;Newspapers, journals, printed, periodical>=4 times/week
52102910;Fabrics of cotton, bleached, synthetic or artificial fibres, point twill, diag. <200g/m2
52102990;Other fabrics of cotton, bleached, synthetic or artificial fibres, weight<200g/m2
52103100;Fabric of cotton<85%, dyed/fibr.synt/art.taf.w<=200g/m2
52103200;Fabric of cotton<85%, dyed/fib.synt/art.twill, w<=200g/m2
52103900;Ot.fabrics of cotton<85%, dyed/fibr.synt/art, w<=200g/m2
52104100;Fabric of cotton<85%, color./fibr.syn/art.taf, w<=200g/m2
52104200;Fabric of cotton<85%, col./fibr.syn/art.twill, w<=200g/m2
52104900;Ot.fabrics of cotton<85%, colour/fib.synt/art, w<=200g/m2
64041100;Sports footwear, etc.of text.mat.soles of rubber/plastic
64041900;Oth.footwear of text.materials, soles of rubber/plastic
64042000;Footwear of text.materials, with outer soles of leather
64051010;Footwear composition leather, soles of rubber/plastic
64051020;Footwear composit.leather, with outer soles of leather
70111090;Other glass envelopes, etc.for electric lighting
70112000;Glass envelopes, etc.for cathode-ray tubes
70119000;Ot.glass env.(inc.bulbs/tubes), open, glass parts thereof
70120000;Glass inners f/vacuum flask, etc.vacuum vessels
70131000;Glassware of glass-ceramics, used f/table, kitchen, etc
70132100;Drinking glasses, of lead crystal
61021000;Overcoats, etc.of wool/fine anim.hair mesh, feminine uses
61022000;Overcoats, etc.of cotton mesh, feminine uses
61023000;Overcoats, etc.of fibre mesh synt/art.feminine uses
61029000;Overcoats, etc.of mesh of ot.text.material, feminine uses
61031010;Mesh suits of wool or fine animal hair, masculine uses
61031020;Mesh suits of synthetic fibres, masculine uses
52091200;Fabric of cotton>=85%, raw, point twill, w<=200g/m2
52091900;Oth.fabrics of cotton>=85%, raw, weight>200g/m2
52092100;Fabric of cotton>=85%, bleached, point taffeta, w>200g/m2
52092200;Fabric of cotton>=85%, bleached, point twill, w>200g/m2
52092900;Other fabrics of cotton>=85%, bleached, weight>200g/m2
52093100;Fabric of cotton>=85%, dyed, point taffeta, weight>200g/m2
52093200;Fabric of cotton>=85%, dyed, point twill, weight>200g/m2
52093900;Other fabrics of cotton>=85%, dyed, weight>200g/m2
52094100;Fabric of cotton>=85%, color.yarn, point taf.w>200g/m2
52094210;Fabric of cotton>=85%, col.yarn denim, indigo, w>200g/m2
52094290;Other fabric of cot.>=85%, color.yarn denim, w>200g/m2
52094300;Fabrics of cotton>=85%, color.yarn, point twill, w>200g/m2
55049000;Other artificial staple fibres, n/carded, etc
55049010;Artificial staple fibers, not carded, combed or otherwise processed for spinning, of lyocell
55049090;Other artificial staple fibres, no carded, etc
55051000;Waste of synthetic fibres
55052000;Waste of articificial fibres
55061000;Fibres of nylon/other polyamides, carded, etc.f/spinning
55062000;Fibres of polyesters, carded, combed, etc.f/spinning
55063000;Acrylic/modacrylic fibres, carded, combed, etc.f/spinning
55069000;Other synthetic fibres, carded, combed, etc.f/spinning
55070000;Artificial fibres, carded, combed, etc.f/spinning
55081000;Sewing thread, of synthetic fibres
55082000;Sewing thread, of artificial fibres
55091100;Yarn of nylon fibres/other polyam.>=85%, single
85284110;Output unit for video, with monocr. crt (cathode ray tube)
85423210;Digit.monolithic integrated circuits, no mounted
85423221;Ram memories <=25ns,eprom,eeprom,prom,rom,flash
85423229;Other digital digital memories
85423291;Other ram memories <25ns,eprom,eeprom,prom,flash
85423299;Other ram memories <25ns
85423311;Hybrid.integrat.circuit. thick.<1micron, freq>800mhz
85423319;Other hybrid. integrat. circuit. thick<=1 micron
85423320;Other monolithic integr.circuits, no mounted
85423390;Other mounted circuits
85423911;Hybrid.integrat.circuit. thick.<1micron, freq>800mhz
85423919;Other hybrid. integrat. circuit. thick<=1 micron
85423920;Other monolithic integrated circuits,no mounted
85423931;"Monolithic integrated circuits,""chipset"", mounted smd"
85423939;Other monolithic integr.circuits
85423991;"Other monolithic integr.circuits ""chipset"""
85423999;Other monolithic integr.circuits dig.
85424010;Hybrid integrated circuit,thickness of layer<=1micron
39012021;Polyet.not c/fillers, vulcanized d>1.3, in primary forms
39012029;Oth.polyeth.not c/fillers, density>=0.94, primary forms
39013010;Ethylene-vinyl acetate copolymers, in liquids, pastes
30049022;Medicament containing deoxycholic acid, etc, in doses
30049023;Medicament cont.gluconic acid/salts/esters, in doses
30049024;Medicament cont.o-acetylsalicylic acid, etc.in doses
30049025;Medicament contain.triac/calcium lactophosin doses
30049026;Medicament contain.lactic acid/its salts, etc.in doses
30049027;Medicam.c/nitroglycerine, in doses, fortrans.administrat.
30049028;Medicament c/etretinate miltefosine, etc.in doses
30049029;Oth.medicam.c/monocarboxylic acyclic n/sat.etc.doses
30049031;Medicament c/tranylcypromine sulphate, etc.in doses
30049032;Medicament c/tranylcypromine sulphate, etc.in doses
30049033;Medicament c/clenbuterol or its hydrochloride, in doses
30049034;Medicament c/tamoxifen or its citrate, in doses
30049035;Medicine with levodopa/alfa-metildopa, in doses
30049036;Medicament c/phenylephrine hydrochloride, etc.in doses
30049037;Medicament c/diclofenac sodium, etc.in doses
30049038;Medicament c/melfalan, chlorambucil, etc.in doses
33049990;Other products  of beauty or make-up preparations, etc
33051000;Shampoos for hair
33052000;Preparations for permanent waving/straightening, of hair
33053000;Hair lacquers
34049011;Artificial waxe of polyethylene, emulsifiable
34049012;Other artificial waxes, of polyethylene
34049013;Artificial waxe of poly propylene glycol
38089332;Other anti-sprouting wrapped for sanitary for household use
38089333;Other anti-sprouting presented in another way
38089340;Other regulators for plant growth, packed for household use
38089341;Regulators for plant growth, with methyl bromide, packed for household use
38089349;Other regulators for plant growth, packed for household use
38089351;Regulators for plant growth, contain. bromomethane, presented in another way
38089352;Regulators for plant growth bases on hydrazide
38089225;Fungicide based on chromium, arsenic or copper compounds
38089226;Fungicide based on thiram
38089227;Fungicide based on propiconazole
38089229;Other fungicides presented in another way
38089291;Fungicide based on copper hydroxide,  etc, presented in anhoter way
38089292;Fungicide based on ziram or sulphur, presented in another way
38089293;Fungicide based on mancozeb or maneb, presented in another way
38089294;Fungicide based on sulfiram, presented in another way
38089295;Fungicide based on chromium, arsenic, copper compounds, presented in another way
38089296;Fungicide based on thiram, presented in another way
39013090;Ethylene-vinyl acetate copolymers, in oth.primary forms
39019010;Ethylene copolymers/acrylic acid, in primary forms
39019020;Ethylene copolymers/monomers etc.in primary forms
39019030;Polyethylene chlorosulphonate, in primary forms
39019040;Chlorinated polyethylene, in primary forms
90183930;Lancets for vaccination and cauterising
90183990;Oth.syringes,needles,catheters,etc.similar instruments
90183991;Article f/arteriovenous fistula,comp.needle,base,etc.
90183999;Oth.syringes,needles,catheters,etc.similar instruments
90184100;Dental drill engines,incl.other dental equipment
90184911;Dental drill engines, of tungsten carbide
90184912;Dental drill engines, of vanadium steel
90184919;Dental drill engines, of other material
90184920;Files for dentistry
90184930;Operating by laser apparatus for use in the mouth
90184940;Operat.by kinetic part.projection f/use in the mouth
90184991;Appar.f/build.ceramic parts f/dental use,computadorized
90184999;Other instruments and appliances for dentistry
90185000;Other ophthalmic instruments and appliances
85258013;Other tv cameras, for imag. within infrav. spectr.
85258019;Other television cameras
85258021;Fix. imag. video camera with 3 or more imag. pickup (captivators)
85258022;Other video cameras, for imag. within infrav. spectr.
85258029;Other video cameras of fixed images
85412190;Oth.transis.with dissip.cap.<1w,oth.than photo-transis
85412191;Transist.with dissip.cap.<1w,with heterojunction
85412199;Oth.transis.with dissip.cap.<1w,oth.than photo-transis
85412910;Oth.transis.with dissip.cap.n/moun.ot.than photo-trans.
85412920;Oth.transis.with dissip.cap.moun.,oth.than photo-trans.
85413011;"Thyristors,""diacs"",etc.n/mounted,current intesity<=3a"
85413019;"Other thyristors,""diacs"",""triacs"",n/mounted"
85413021;"Thyristors,""diacs"",etc.mounted,current intesity<=3a"
85413029;"Other thyristors,""diacs"",""triacs"",mounted"
85414011;Light-emitting diodes (led) n/mounted,exc.laser
85414012;Laser diodes n/mounted
85414013;Photo-diodes not mounted
85414014;Photo-transistors not mounted
85414015;Photo-thyristors not mounted
85414016;Solar cells not mounted
87043120;Motor vehicles with motor explosion/tipp.body wei<=5t
87043130;Motor vehic.refriger.etc.with motor explosion,wei<=5t
87039000;Oth.passengers automobiles,incl.of mixed use,etc.
90104900;Oth.appar.f/projection,etc of circuits patterns,etc.
90105010;Proc.equipment f/electronic treatment of images
90105020;Apar p/ revel autom chapas de fotopol c/ suport metalic
90105090;Oth.appar.and equip.f/photog.(incl.cinem.)labor.etc.
90106000;Projection screens f/photographic/cinematographic
90109010;Parts and access.f/autom.developed photographic,etc
90109090;Parts and access.f/autom.developed photographic,etc
90111000;Stereoscopic optical microscopes
90112010;Microscopes for photomicrography
90112020;Microscopes for cinephotomicrography
90112030;Microscopes for microprojection
90118010;Binocular microscopes with mobile specimen stage
90118090;Other optical microscopes
90119010;Parts of access.f/microscopes for photomicrography,etc
90119090;Parts and accessories for optical microscopes
90121010;Electronic microscopes
90121090;Other microscopes and diffraction
90129010;Parts and accessories for electronic microscopes
90129090;Parts and access.f/oth.microscopes and diffraction
85245200;Other magnetic tapes recorded, 4mm<w<=6.5mm
85245300;Other magnetic tapes recorded, w>6.5mm
85246000;Cards incorporating a magnetic stripe, recorded
85249100;Oth.prepar.recorded media f/reprod.dif.phen.sound/image
90082090;Microfiche readers/other microform,etc.
90083000;Other image projectors
90084000;Photographic (oth.than cinemat.)enlargers and reducers
90085000;Projectors and apparatus for enlarging or reducing
90089000;Parts and access.f/image projectors,etc
90091100;Appar.f/repr.original image direc.onto copy,electr.
85232923;Magnetic tapes-type n/record. w<50.8mm, on reels/cas.
85232924;Magnetic tapes  cassette  for video rec. w>6.5mm
85232929;Other magnetic tapes, no recorded
38247200;Other mix. cont. bromochlorodifluoromethane,bromotrifluoromethane and dibromotetrafluoroethane
38247300;Other mixtures contain. hydrobromofluorocarbons (hbfc)
38247410;Prepared based on chlorodifluoromethane/pentafluoroethane
38247420;Prepared based on chlorodifluoromethane/chlorotetrafluoroethane
38247490;Other products prepared based on organic compounds
30041015;Medicament cont.penicillin g procaine, in doses
30041019;Medicament cont.oth.penicillin/its derivatives, in doses
30041020;Medicament cont.streptomycins/its derivatives, in doses
30042011;Medicament c/chloramphenicol, its palmitate, etc.in doses
30042019;Medicament c/amphenicols/other salts, in doses
30042021;Medicament c/erythromycin or its salts, in doses
30042029;Oth.medicam.c/macrolides/derivatives, in doses
38247190;Ot.mixtures c/acycl.perhalog.hydroc.c/fluorine/chlorine
30042031;Medicament c/rifamycin sv sodium, in doses
30042032;Medicament containig rifampicin, in doses
30042039;Other medicaments cont.ansamycin/deriv., in doses
30042041;Medicament contain.lincomycin hydrochloride, in doses
30042049;Other medicaments cont.lincosamides/deriv., in doses
30042051;Medicament contain.cephalothin sodium, in doses
30042052;Medicam.con.cephalothin/cephalexin monohydrate, in doses
30042059;Other medicaments cont.cephalosporin, etc.in doses
30042061;Medicament c/gentamycin sulphate, in doses
30042062;Medicament containing daunorubicin, in doses
30042063;Medicament containing pirarubicin, in doses
30045060;Medicament c/retinoic acid(tretinoin), in doses
30045090;Medicament c/oth.vitamins/provitamins, etc.in doses
30049011;Medicament containing streptokinase, in doses
30049012;Medicament containing l-asparaginase, in doses
30049013;Medicament containing deoxyribonuclease, in doses
30049019;Medicament containing enzymes, in doses
30049021;Medicament c/permethrin/propatyl nitrate, etc.in doses
33012919;Essential oil, of eucalyptus
33012921;Other essential oils, of lavender
33012922;Essential oil, of vetiver
33012990;Other essential oils
33013000;Resinoids
33019010;Concent.of essential oils in fats of treatment of flow.
32100020;Other varnishes
32100030;Prep.water pigments kind used forfinishing leather
32110000;Prepared driers
32121000;Stamping foils
32129010;Aluminum in powd., etc, pasted with solvent hidrocarbon
32129090;Oth.pigments, dispersed in non-aqueous, liquid, etc.
32131000;Colours in sets, forartistic painting, educat.activit, etc
32139000;Other colours, forartistic painting, educat.activit, etc
32141010;Grafting putty, resin cements, other mastics
32141020;Painters' fillings
32149000;Fillings non-refractory used in masonry
32151100;Black ink, of printing
32151900;Other  ink, of printing
32159000;Ink od writing or drawing ink and other inks
33011100;Essential oil, of bergamot
38083022;Herbicide based on atrazine, alachlor, diuron or ametrine
38083023;Herbicide based on glyphosate/its salts, imazaquin, etc
38083024;Herbicide based on paraquat dichloride, propanil, etc
38083025;Herbicide based on pentachlorophenol/its salts, etc.
38083026;Herbicide based on imazethapyr
33019020;Terpenic by-prod.of the deterpenation of essent.oils
33019030;Aqueous distillates arom./aqueous solut.of essent.oils
33019040;Extracted oleoresins
33021000;Mixtures used basic matter forfood or drink industries
33029011;Vetiverol for perfumery
33029019;Other mixtures used as basic matter forperfumery
33029090;Other mixtures used as basic matter forindustry
33030010;Perfumes (extracts)
33030020;Cologne water
33041000;Lip make-up preparations
33042010;Eyeshadow, liner, pencil forbrows and mascara
33042090;Other product of eye make-up
33043000;Manicure or pedicure preparations
33049100;Powders, whether or not compressed, for make-up
33049910;Creams of beauty, nutritious creams and tonic lotions
38089124;Insecticide based on disulfoton or endosulfan
38089125;Insecticide based on aluminium phosphide
60063130;Other knitted or crocheted fabrics of synthetic fibers, unbleached or bleached, acrylic or modacrylic
60063190;Other knitted or crocheted fabrics, of synthetic fibers, unbleached or bleached, other types
60063200;Other fabrics of mesh, synthetic fibres, dyed
60063210;Other knitted or crocheted fabrics of synthetic fibers, dyed, nylon or other polyamides
60063220;Other knitted or crocheted fabrics of synthetic fibers, dyed, of polyester
60063230;Other knitted or crocheted fabrics of synthetic fibers, dyed, acrylic or modacrylic
52064500;Cotton yarn<85%, twisted, fibr.comb.title<125decitex
52071000;Cotton yarn>=85%, for retail sale
52079000;Other cotton yarns, for retail sale
52081100;Fabric of cotton>=85%, raw, point taffeta, w<=100g/m2
52081200;Fabric of cotton>=85%, raw, point taff.100<w<=200g/m2
52081300;Fabric of cotton>=85%, raw, point twill, w<=200g/m2
52081900;Other fabrics of cotton>=85%, raw, weight<=200g/m2
55092200;Yarn of polyesters fibres>=85%, multiple(folded)/cabled
55093100;Yarn of acrylics/modacrylics fibres>=85%, single
55093200;Yarn of acrylics/modacrylics fibres>=85%, folded, etc
55094100;Yarn of other synthetic fibres>=85%, single
55094200;Yarn of oth.synthet.fibres>=85%, multip.(folded)/cabled
55095100;Yarn of fibres of polyesters with artificial fibres
55095200;Yarn of fibres of polyesters with wool/fine animal hair
55095300;Yarn of fibres of polyesters with cotton
55095900;Other yarn of fibres of polyesters
55096100;Yarn of acrylics/modacr.fibres with wool/fine anim.hair
55096200;Yarn of acrylics/modacrylics fibres with cotton
55096900;Other yarn of acrylics/modacrylics fibres
55099100;Yarn of other synth.fibres with wool/fine anim.hair
55099200;Yarn of other synthetic fibres with cotton
55099900;Other yarns of synthetic fibres
55101100;Yarn of artificial fibres>=85%, single
55101111;Yarns containing at least 85%, by weight, of artificial staple fibers, simple, obtained from cellulose fibers, of rayon viscose, except modal
57023100;Carpet, etc.of wool/fine animal hair, velvet, n/made-up
57023200;Carpet, etc.of textile mater.synt/artif.velvet, n/made-up
57023900;Carpet, etc.of other textile materials, velvet, n/made-up
57024100;Carpet, etc.of fine animal hair, velvet, made-up
57024200;Carpet, etc.of textile mater.syn/artif.velvet, made-up
57024900;Carpet, etc.of oth.textile mater., velvet, made-up
57025010;Carpets floor covering, n/velvet, n/made-up,of wool/fine animal hair
57025020;Carpets floor covering, n/velvet, n/made-up,of synthetic material
57025090;Carpets floor covering, n/velvet, n/made-up,of other materials
57025100;Carpet, etc.of fine animal hair, n/velvet, n/made-up
57025200;Carpet, etc.of textile mat.syn/artif.n/velvet, n/made-up
57025900;Carpet, etc.of oth.textile materials, n/velvet, n/made-up
57029100;Carpet, etc.of wool/fine anim.hair, n/velvet, made-up
57029200;Carpet, etc.of textile mater.syn/art.n/velvet, made-up
57029900;Carpet, etc.of oth.textile materials, n/velvet, made-up
57031000;Carpet/cover.f/pavem.of wool/fine animal hair, tufted
48234000;Diagram paper forrecording apparels, in rolls/sheets, etc
48235100;Paper/paperboard forwriting etc.printed/perforated
48235900;Oth.paper/paperb.forwriting etc.printed/graphic uses
72181000;Stainless steel in ingots or other primary forms
72189100;Semi-manufactured prod.stainless steel cross-section
72189900;Oth.semi-manufactured prod., of stainless steel
72191100;Hot-rolled stainless steel, w>=600mm, rolls, t>10mm
72191200;Hot-rolled stainl.steel, w>=600mm, rolls, 4.75mm<=t<=10mm
72191300;Hot-rolled stainl.steel, w>=600mm, rolls, 3mm<=t<4.75mm
72191400;Hot-rolled stainless steel, w>=600mm, rolls, t<3mm
72192100;Hot-rolled stainless steel, w>=600mm, n/coils, t>10mm
35069110;Adhesives based on rubber
35069120;Adhesives based dispersed plastics, fordispersing, etc
35069190;Other adhesives based on plastics
65069100;Other headgear of rubber or plastic
65069200;Other headgear of furskin
65069900;Other headgear of other materials, exc.mesh
65070000;Strips f/interior garrison, linings, etc.f/headgear
66011000;Garden or similar umbrellas
66019110;Umbrellas of stem/telescop.shaft with silk fabric
66019190;Other umbrellas of stem/telescopic shaft
66019900;Other umbrellas and sun umbrellas
66020000;Walking-sticks, seat-sticks, whips and the like
66031000;Handles and knobs f/umbrellas, etc.
66032000;Umbrella frames
66039000;Other parts, trimmings and accessor.f/umbrella, etc
67010000;Skins/oth.parts of birds with their feathers, etc.worked
67021000;Artific.flowers, foliage, fruit and parts thereof, plastic
67029000;Artific.flowers, foliag.fruit and parts thereof, oth.mat.
67030000;Human hair, wool and oth.textile mat.prep.f/wigs produc.
70195210;Fabric of glass fibres, f/produc.plates of electric circ
70195290;Oth.fabric glass fibres, w>30cm, plain weave, w<250g/m2
70195900;Other woven fabric of glass fibres
70199000;Other glass fibres and articles thereof
70199010;Out.fib.c/fios paral.e superp.ang90º 3>=d<=7 fios cm2
70199090;Outras fibras de vidro e suas obras
70200000;Other articles of glass
70200010;Glass inners for vacuum flask, other vaccum vessels
70200090;Other articles of glass not stated
71011000;Natural pearls, not mounted or set
71012100;Pearls, cultured, unworked, n/mounted or set
71012200;Pearls, cultured, unworked, n/mounted or set
71021000;Diamonds, unsorted, unworked, n/mounted or set
71022100;Industrial diamonds, simply sawn or bruted, cleaved, etc.
71022900;Industrial diamonds, n/mounted or set
30043914;Medicament containing acth (corticotrophin), in doses
30043915;Medicament c/pmsg (serum gonadotrophin), in doses
30043917;Medicament containing buserelin or its acetate, in doses
30043918;Medicament containing triptorelin or its salts, in doses
30043919;Medicament containing leuprolide, in doses
30043921;Medicament containing lh-rh (gonadorelin), in doses
30043922;Medicament containing oxytocin, in doses
30043923;Medicament containing insulin salts, in doses
30043924;Medicament containing timosins, in doses
30043925;Medicament containing calcitonin, in doses
30043926;Medicament containing octreotide, in doses
30043927;Medicament containing goserelin or its acetate, in doses
30043916;Medicament c/somatostatin or its salts, in doses
30043928;Medicament containing nafarelin or its acetate, in doses
30043929;Medicament cont.oth.polypeptides hormones, etc.in doses
30043931;Medicament contain.oestradiol hemisuccinate, in doses
32099011;Paint of polytetrafluoroethylene, disper./dissol.aqueous
32099019;Paint of oth.synt.polymers, etc, dispersed/dissol.aqueous
32099020;Varnishes of oth.synt.polymers, etc, disp./dissol.aqueous
32100010;Other paints
35040090;Oth.protein substances, their derivativ.and hide powder
32089039;Oth.polym.synt.solutions, etc, dispers./dissolv.n/aqueous
32091010;Paint acrylic/vinyl polymers, dispersed/dissol.n/aqueous
32091020;Varnishes of acrylic/vinyl.polim.disper./dissol.aqueous
38081021;"Insecticide based on acephate/""bacillus thuringiensis"""
38081022;Insecticide based on cypermethrins or permethrin
38081023;Insecticide based on monocrotofos or dicrotofos
38081024;Insecticide based on disulfoton or endosulfan
38081025;Insecticide based on aluminium phosphide
38081026;Insecticide based on trichlorfon or dichlorvos
38081027;Insecticide based on mineral oils
38081028;Insecticie based on sulfluramid
38081029;Other inseticides presented in another way
38082010;Fungicides for direct household use
2071424;Boneless mechanically separated chicken meat, edible, frozen
39069063;Copolymer of ethyl acrylate, n-butyl acrylate and 2-methoxyethyl acrylate
38271190;Other mixtures containing chlorofluorocarbons (CFCs), even if containing hydrochlorofluorocarbons (HCFCs), perfluorocarbons (PFCs) or hydrofluorocarbons (HFCs), not classified in previous codes
97053100;Collections and collectors' pieces of numismatic interest, over 100 years old
28201010;Manganese dioxide with a MnO 2 content equal to or greater than 91% by weight (electrolytic manganese)
85441919;Other insulated wires f/winding,f/elect.use
39072999;Other polyethers, in primary forms, not classified under previous codes
90029090;Oth.lenses,prisms,mirrors and oth.optical elemen.mount.
90029010;Optomechanical switches, of the type used in optical data transmission networks, suitable for insertion mounting (PTH -Pin Through Hole)
85059019;Other electromagnets
84502020;Other machines, with a capacity not exceeding 18 kg
74094019;Other plates, strips, copper-nickel alloys, etc.t>0.15mm, coils
39172290;Other rigid tubes, of polymers of propylene
85059011;Electromagnets of the type used in magnetic resonance imaging diagnostic devices
24049200;Other products containing nicotine for absorption of nicotine into the human body for percutaneous application
59039010;Polyester filament fabrics, impregnated or coated with synthetic resins, of a kind used as support for the manufacture of abrasives (sandpaper), in rolls
38249962;Contrasts for diagnostic examinations using magnetic resonance imaging or ultrasound, based on sulfur hexafluoride
38249969;Other contrasts for diagnostic examinations using magnetic resonance imaging or ultrasound
90189097;Devices intended for robotic-assisted surgical procedures
29159070;Perfluorooctanoic acids and their salts
2071434;Chicken feet and paws, edible, frozen
2071439;Other edible chicken offal, frozen
48119020;Other paper, paperboard, cellulose wadding and webs of cellulose fibres, impregnated and coated on both sides with latex in a total proportion by weight of 15 % or more, weighing 105 g/m2 or more but not more than 135 g/m2, of a kind used as a support for the manufacture of abrasives (sandpaper), in rolls
39069052;Sodium salt of poly(acrylamide acid), water soluble, in irregular blocks, pieces, powders, etc.
39069061;Copolymer of potassium acrylate and acrylamide, with distilled water absorption capacity of up to four hundred times its own weight, in irregular blocks, pieces, powders, etc.
39069062;Methyl-ethylene acrylate copolymers with a methyl acrylate content of 50% or more by weight, in irregular blocks, pieces, powders, etc.
39069065;Copolymer of acrylamide and sodium acrylate, in irregular blocks, pieces, powders, etc.
29333394;Remifentanil
59039090;Other impregnated, coated, covered or laminated fabrics, with plastic, excluding those of heading 59.02, not classified in previous codes
85177120;Antennas specifically for cellular base stations
65061090;Other helmets and similar protective headgear
72193400;Cold-rolled prod.of stain.steel, w>=600mm, 0.5mm<=t<=1mm
72193500;Cold-rolled prod.of stain.steel, w>=600mm, t<0.5mm
72199010;Oth.rolled stain.steel, w>=600mm, t<4.75mm, hardn.>=42hrc
72199090;Other rolled stainless steel, w>=600mm
72201100;Hot-rolled stainless steel, w<600mm, t>=4.75mm
72201210;Hot-rolled stainless steel, w<600mm, t<=1.5mm
72201220;Hot-rolled stainless steel<600mm, 1.5mm<t<=3mm
72201290;Other hot-rolled stainless steel<600mm
72202010;Flat-rolled prod.stain.steel, cold-roll.w<=23mm, t<=0.1mm
62029300;Other mantles, etc.of synth/artif fibres, feminine uses
62029900;Other mantles, etc.of oth.textile materials, feminin.uses
62031100;Men's or boys' suits of wool or fine animal hair
62031200;Men's or boys' suits of synthetic fibres
62031900;Men's or boys' suits of other textile materials
62032100;Ensembles of wool or fine animal hair, masculine uses
62032200;Ensembles of cotton, masculine uses
62032300;Ensembles of synthetic fibres, masculine uses
62032900;Ensembles of other textile materials, masculine uses
62032910;Ensembles of wool or fine animal hair, masculine uses
23099070;Preparations with a vitamin B12 content of not less than 0,1 % but not more than 1 % by weight, with a calcium carbonate support, of a kind used in animal feeding
26011220;Iron ores and concentrates, other than roasted iron pyrites (pyrites cinders), in briquettes of a volume of 4 cm³ or more but not exceeding 60 cm³
3091000;Flours/meals/pellets of fish for human consumption
34049022;Waxes prepared based on hydroxystearyl cetyl ether
85043193;Other electrical transformers of a power not exceeding 1 kVA in width, length not exceeding 50 mm and height not exceeding 25 mm, suitable for insertion mounting (PTH - Pin Through Hole) or surface mounting (SMD - Surface Mounted Device)
81126100;Waste and residues of cadmium
85492100;Wastes and residues, and scrap, of the kind principally used for the recovery of precious metals, containing cells, batteries or electrical accumulators, mercury switches, cathode-ray tube glass or other activated glass, or electrical or electronic components containing cadmium, mercury, lead or polychlorinated biphenyls (PCBs)
38085926;Commodities based on N-Ethylperfluoroctane sulfonamide
97052200;Extinct or endangered species and parts thereof
29314912;Diphenylphosphonate(4,4'-bis((dimethoxyphosphinyl)methyl)diphenyl)
29211994;N,N-Dimethylacetylamine
29314939;Other non-halogenated organophosphorus compounds containing a phosphorus atom bonded to an alkyl group (of 1 to 3 carbons), without other carbon atoms, not elsewhere specified
84254100;Built-in jacking systems of a type used in garages
84254200;Jacks and hoists, hydraulic
84254910;Jacks and hoists, hand-operated
84254990;Other jacks and hoists
84261100;Bridges and beams, rolling, of fixed supports
73062100;Pipes iron/steel for casing and tubing of a kind used in drilling for oil or gas
73062900;Other pipes iron/steel for casing and tubing of a kind used in drilling for oil or gas
73063000;Oth.pipes of iron/steel, n/alloy, welded cir.cross-sect.
73064000;Oth.pipes of stainless steel, welded cir.cross-section
73065000;Oth.pipes of oth.alloy steel, welded, etc.circ.cross-sec.
73066000;Other pipes of iron/steel, welded, n/circular
73066100;Other welded pipes, of square or rectangular cross-section
73066900;Other welded pipes, of non-circular cross-section
73069010;Oth.pipes and hollow, of iron/steel, n/alloy, welded, etc.
73069020;Oth.pipes and hollow, stainl.steel, welded/riveted, etc.
73069090;Oth.pipes and hollow, stainl.steel, welded/riveted, etc.
73071100;Moulded fittings f/pipes of non-malleable cast iron
73071910;Moulded fittings f/pipes of malleab.cast iron d>50mm
84304190;Other rotary boring or sinking machinery, self-propelled
84304910;Other drilling of percussion
73158900;Other chains, of cast iron, iron/steel
73159000;Parts of other chains, of iron/steel
73160000;Anchors, grapnels and parts thereof, of cast iron, etc.
73170010;Tack nails, of cast iron/iron/steel, incl.heads oth.mater
73170020;Curved wire staples, of cast iron, iron or steel
73170030;Carding tacks, of cast iron/iron/steel, f/tex.car.machin.
73170090;Nails, thumb-tacks, similar articles, cast iron/iron/steel
73181100;Coach screws, cast iron/iron/steel
73181200;Other wood screws, of cast iron/iron/steel
73181300;Hooks and rings, of cast iron/iron/steel
73181400;Self-tapping screws, of cast iron, iron or steel
73181500;Other screws/bolts/nuts, of cast iron/iron/steel
73181600;Nuts, of cast iron, iron or steel
73181900;Other threaded articles, of cast iron, iron or steel
73182100;Pressure or safety washers, of cast iron, etc
73182200;Other iron washers, of cast iron, iron/steel
73182300;Rivets of cast iron, iron or steel
79011210;Zinc n/alloyed , cont.zinc<99.99%, in ingoats
79011290;Other unwrought zinc of zinc n/al.cont.zinc<99, 99%
79012010;Zinc alloys, in ingots
79012090;Other unwrought of zinc alloys
79020000;Zinc waste and scrap
79031000;Zinc dust
79039000;Zinc powders and flakes
79040000;Zinc bars, rods, profiles and wire
79050000;Zinc plates, sheets and strips
79060000;Zinc tubes and its accessories
79070000;Other articles of zinc
79070010;Zinc tubes and its accessories
79070090;Other articles of zinc
80011000;Tin not alloyed, unwrought
85176221;Public central, eletron. commutator, includ. traffic
85176222;Private autom.central, capac.<=25 internal lines
85176223;Priv. autom.central, capac.>25 intern. lines and <=200 intern. lines
85176224;Private autom.central, capac.>200 internal lines
85176229;Other commut. aut. centr. for teleph.line excep. videotext
85451920;Blocos grafite tipos utiliz c/ catodos em cubas eletrol
85451990;Other carbon electrodes, for electric use
85452000;Carbon brushes, for electric use
85459010;Electrics battery carbons
85459020;Heating resistors,n/coated or fitted with terminals
85459030;"Connection bases for electrodes (""nipples"")"
85459090;Oth.carbon and articles of graphite/carbon f/electr.use
85461000;Glass insulators for electric use
85462000;Ceramics insulators for electric use
85469000;Insulators of other matters for electric use
85471000;Insulating fittings of ceramics f/mach.appar.elect.inst
90021120;Mounted object.lenses,zoom>=20,f/television cameras
90021190;Oth.mounted object.lenses f/cameras,photogr.apparatus
90021900;Other mounted objective lenses
90022010;Mounted polarizing filters
90022090;Mounted  optical filters
88026000;Spacecraft and its spacecraft launch vehicles,etc.
85176293;Other person. recep.appar./equip.of radiomessages
85176294;Protocol translators for intercon.networks
85176295;Fixed terminals without own source of energy, mono-chanels
85176299;Other appar/equip. of radio-teleph., radio-telegraph
85176900;Other eletric. appar./equip.for teleph./telegr. by wire
85177010;Printed circuits with assembled eletr./eletron. components
85177021;Specif.antenna for cellular telephone, except.telescopic
85177029;Other antennas except.for used in cellular telephone
85177091;Cabinets, backstages and  framework f/transm./rec. appar.
85177092;Recorders/select.for autom. central of telef. etc.
85177099;Other parts for appar./equip. of teleph./telegr.
85178000;Oth.telephonic or telegraphic apparatus, telecommunic.
85178010;Apparatus of administration of nets (tmn)
85178021;Centralizing of lines of subscribers
85178022;Centralizing digital circuits (dcme)
85178029;Oth.telephonic/telegraphic electr.centralizing
85178090;Oth.electrical apparatus f/telephony/telegraphy
85309000;Parts of electrical signalling appar.etc.f/railways, etc
85176296;Other appliances of radio-telecom, radio-telegraph, analog.
85311010;Fire-alarms and overheating alarms
85311090;Other electric alarms, f/protect.against robbery
85312000;Indicator panels incor.liquid crystal/light emit.diodes
85318000;Other electric sound or visual signalling apparatus
85319000;Parts of electric sound or visual signalling apparatus
85321000;Fixed capacitors, f/elect.line 50/60hz, pot>=0.5kvar
85322110;Elect.capacit., fixed of tantalus, f/surf.mounted device
85322111;Electr.capacit., fixed of tantalus, surf.moun.dev.t<=125v
85322119;Oth.elec.capacit., fixed of tantalus, f/surf.mount.device
85322190;Other electrical capacitors, fixed of tantalus
85322200;Electrolytic fixed capacitors, of aluminium
85322310;Fixed capacitors with ceram.diel.single layer, surf.moun
85322390;Oth.fixed capacitors with ceram.diel.single layer
85322410;Oth.fixed capacit.with ceram.diel.surf.moun.device
85437099;Other eletric.machinery with sel function, not mentioned
85438100;Proximity cards and tags
85438911;Radio-freq.amplifier f/transmit.microwave sign,hpa,etc
87083019;Mounted brakes and servo-brakes for vehicles/automob.
84336021;Machines for cleaning, sorting or grading eggs, c>=36000/hour
84336029;Other machines for cleaning, sorting or grading eggs
84336090;Machin.f/cleaning/sorting/grading eggs and agric.prod.
84339010;Parts of lawn mowers
84339090;Parts of lawn mowers f/harvesting/threshing, etc
84341000;Milking machines
84342010;Machinery for processing milk
73259100;Grind.balls, etc.moulded, cast iron/iron/steel, f/mills
73259910;Other moulded articles, of steel
73259990;Other moulded articles, of cast iron or iron
56039100;Other non-wovens, weight<=25g/m2
56039110;Outros falsos tecidos de poliester,peso<=25g/m2
56039120;Outros falsos tecidos de polipropileno,peso<=25g/m2
56039130;Outros falsos tecidos de raiom viscose,peso<=25g/m2
56039190;Outros falsos tecidos,peso<=25g/m2
56039210;Oth.non-wovens of high densit.polyethylene 25<w<=70g/m2
56039220;Outros falsos tecidos de poliester,25g/m2<peso<=70g/m2
56039230;Outros falsos tecidos polipropileno,25g/m2<peso<=70g/m2
56039240;Outros falsos tecidos raiom viscose,25g/m2<peso<=70g/m2
56039290;Other non-wovens, 25g/m2<weight<=70g/m2
56039310;Oth.non-wovens of high density polyethyl.70<p<=150g/m2
56039320;Outros falsos tecidos de poliester,70g/m2<peso<=150g/m2
60059090;Other fabrics of warp mesh
60061000;Other fabrics of mesh of wool or fine animal hair
60062100;Other fabrics of mesh, of cotton, raw or bleached
60062200;Other fabrics of mesh, of cotton, dyed
60062300;Oth.fabrics of mesh, of cotton, of yarn of differ.colours
60062400;Oth.fabrics of mesh, of cotton, printed
60063100;Other fabrics of mesh, synthetic fibres, raw or bleached
60063110;Other knitted or crocheted fabrics of synthetic fibers, unbleached or bleached, of nylon or other polyamides
60063120;Other knitted or crocheted fabrics of synthetic fibers, unbleached or bleached, of polyesters
32041911;Carotenoids
32041912;Preparations c/beta-carotene, etc.to color food
32041913;Other preparations to color food
32041919;Other preparations with a base of caratenoids
32041920;Dyes soluble in solvent (solvent dyes)
32041930;Azo dyes
32041990;Oth.colouring matter organic synthetic and its prepar.
71104100;Iridium, osmium and ruthen.unwrought or in powder form
71104900;Iridium, osmium and ruthenium, in semi-manufactured form
71110000;Base metals/silver/gold, clad with platinum, n/worked, etc
71121000;Waste and scrap of gold/metal clad/plated of gold
71122000;Waste/scrap of platinum/metal clad/plated of platinum
72254010;Hot-rolled of oth.alloy steel, w>=600mm, n/coils t<=7mm
72254020;Flat-rolled of high-speed steel, width => 600 mm
72254090;Oth.hot-rolled of oth.alloy steel, w>=600mm, n/coils
72255000;Cold-rolled of other alloy steel, w>=600mm
72255010;Other cold fat-rolled of high-speed steel, width => 600 mm
72255090;Other cold fat-rolled of other alloy steel, width => 600 mm
72259200;Rolled of other alloy steel, w>=600mm, otherwise galvan.
72259900;Other rolled of other alloy steel, w>=600mm
72259910;Other flat-rolled of high-speed steel, width => 600 mm
72259990;Other flat-rolled of steel, width => 600 mm
72261100;Rolled of silicon alloy steel, w<600mm, grain-oriented
72261900;Other rolled of silicon alloy steel, w<600mm
72262010;Rolled of alloy of high-speed steel, w<600mm, 1mm<=t<=4mm
62046100;Ensembles, jacket, etc.of wool/fine animal hair, feminine
62046200;Ensembles, jacket, etc.of cotton, feminine
62046300;Ensembles, jacket, etc.of synthetic fibre, feminine
62046900;Ensembles, jacket, etc.of oth.textile materials, feminine
72259100;Rolled of other alloy steel, w>=600mm, electr.galvanized
35051000;Dextrins and other modified starches
35052000;Glues with a basis of starches, of dextrins, etc.
35061010;Products used as glue, adhes.of cyanoacrylates, wei<=1kg
35061090;Oth.prod.used as glue, adhes.of cyanoacrylates, wei<=1kg
58022000;Towelling fabric, of other textile materials
58023000;Tufted fabric
58030010;Fabric, in point of gauze, of cotton
58030090;Fabric, in point of gauze, of other textile materials
58031000;Fabric of cotton, in point of gauze
58039000;Fabric of other textile materials, in point of gauze
58041010;Tulle, crib and woven of meshes knotted, of cotton
58041090;Other tulle, crib and woven of meshes knotted
39019050;Ethylene polymers-metacrilic acid, with ethylene >= 60%
30049077;Medicament c/tizanidine hydrochloride, etc.in doses
30049078;Medicament c/topotecan, uracil, tegafur, etc.in doses
38089359;Other regulators for plant growth, presented in another way
38089410;Desinfectants packed for retail sale
38089411;Desinfectant containing bromide, packed for household use
38089419;Other desinfectants packed for household use
38089421;Desinfectants contain.bromomethane/bromochloromethane, in another way
38089422;Deseinfectant containing 2-(tiocianometiltio)benzotiazol, other way
39049000;Oth.polymers of vinyl chloride/halog.olefins, prim.forms
39051200;Polyvinyl acetate, in aqueous dispersion
39051910;Polyvinyl acetate, c/vinyl alcoholin blocks, etc
39051990;Other polymers of polyvinyl acetate, primary forms
39052100;Vinyl acetate copolymers, in aqueous dispersion
39052900;Other vinyl acetate copolymers, in primary forms
39053000;Poly(vinyl alcohol), in primary forms
39059110;Poly(vinyl formal)copolymers, in primary forms
39059120;Poly(vinyl butyral)copolymers, in primary forms
39059130;Poly(vinyl pyrrlidone)copolymers/vinyl acetate
39059131;Iodinated poly(vinyl pyrrlidone)copolymers, prim.forms
39059132;Poly(vinyl pyrrlidone)copolymers, etc.alcoholic solut.
39059139;Other poly(vinyl pyrrlidone)copolymers, in primary forms
39059190;Other vinyl acetate copolymers, etc.primary forms
39059900;Other vinyl acetate polymers, etc.primary forms
39059910;Poly (vinyl formal)
39059920;Poly (vinyl butyral)
39059930;Iodinated poly (vinyl pyrrlidone)
30049076;Medicament c/furosemide/chlorthalidone, etc.in doses
62051000;Shirts of wool or fine animal hair, masculine uses
62052000;Shirts of cotton, masculine uses
62053000;Shirts of synthetic/artificial fibres, masculine uses
62059000;Shirts of other textile materials, masculine uses
62059010;Shirts of wool or fine animal hair, masculine uses
62059090;Shirts of other textile materials, masculine uses
62061000;Blouses, shirts, etc.of silk or silk waste, feminine uses
62062000;Blouses, shirts, etc.of wool/fine animal hair, feminine
62063000;Blouses, shirts, etc.of cotton, feminine uses
62064000;Blouses, shirts, etc.of synth/artif fibres, feminine uses
62069000;Blouses, shirts, etc.of other textile materials, feminine
62071100;Underpants and briefs, of cotton
62071900;Underpants and briefs, of other textile materials
62072100;Nightshirts and pyjamas, of cotton, masculine uses
68062000;Vermiculite and clays, expanded clays, foamed slag, etc
68069010;Aluminous or silico-aluminous mineral products
68069090;Oth.articles of mineral mater.f/isolat.heat/sound, etc.
68071000;Articles of asphalt or of similar material, in rolls
68079000;Other articles of asphalt or of similar material
68080000;Panels and simil.of veget.fibre/straw, agglom.cemen.etc
68091100;Boards, etc.n/ornam.of plaster coated paper/paperboard
68091900;Other boards, sheets, panels, etc.n/ornam.of plaster
68099000;Articles of plaster or of compositions based on plaster
68101100;Building blocks and bricks, of cement, concrete, etc
68101900;Other roofs, tiles, similar of cement, concrete, etc
68109100;Prefabric.structural compon.f/building, cement, concr.etc
68109900;Oth.articles of cement, of concrete/of artificial stone
68111000;Corrugated sheets, of cellulose fibre-cement, etc
68112000;Other sheets and similar, of cellulose fibre-cement
71123010;Ash containing gold, but not contain.oth.precious metal
71123020;Ash cont.platinum, but not contain.oth.precious metal
71123090;Ash containing other precious metal and its compounds
71129000;Waste/scrap of oth.prec.met, /metal clad/plat.prec.metal
71129100;Other waste/scrap of gold/metal clad or plated
71129200;Other waste/scrap of platinum/metal clad or plated
71129900;Other waste/scrap of other precious metal, etc.
71131100;Articles of jewellery, silver, wheter or n/plated/clad pr
85232931;Magnetic tapes for reprod.dif.of sound./record.imag.
85232932;Magnetic tapes type cassette/cartridges w<4mm, record.
85232933;Magnetic tapes, w>6.5mm,record.
85232939;Magnetic tapes, w>4mm, <6.5mm,record.
85232990;Other discs,tapes,suport. for sound record.,without record.
85233000;Cards incorporating a magnetic stripe, no recorded
85234011;Discs for read.by laser, can be writ.only time
85234019;Other support. prep./sound record./similar
85234021;Writ. disc,for laser read., only sound reprod.
85234022;Discs for laser system, for dif.reprod. of sound/image
85234029;Other discs for  read. by laser system
85234110;Discs for reading system by laser, recorded only once
85234190;Other discs for reading system by laser
85234910;Discs by laser reading for reproducing sound only
85367000;Connectors of bunches or cables of optic fibers
85369010;Connectors f/flat cables parallel conductors, t<=1kv
85369020;Sliding sockets for aerial conductors, t<=1kv
85369030;Sockets f/electronic microstructures,f/tension<=1kv
85369040;Connectors for printed circuits,f/tension<=1kv
85369050;Connectors for printed circuits,incl.mount.insul.backin
85369090;Oth.appar.f/interruption,etc.f/elect.circuits t<=1kv
85366990;Other socket of current, for tension <= 1 kv
86040090;Oth.vehicles f/inspection/maintenance of railway,etc.
86050010;Passengers wagons for railway/similar
86050090;Luggage vans,post office coaches,etc.f/railway
86061000;Tank wagons/similar f/transp.goods by railway
86062000;Insulated or refrigerated vans and wagons,etc.f/railway
86063000;Autom.self-discharging wagons f/trans.goods by railway
86069100;Covered and closed wagons f/trans.goods by railway
86069200;Open/non-remov.sides wagons,height>60cm f/railway
86069900;Other wagons f/transporting goods by railway
86071110;Bogies of vehicles traction for railway
86071120;Bissel-bogies of vehicles traction for railway/similar
86071200;Oth.bogies and bissel-bog.of vehic.traction f/railway
86071910;Bearing boxes of vehicles f/railway
86071911;Bear.boxes c/ext.diam.>190mm,f/wheels axi ofrailw.wagon
86071919;Other bearing boxes of vehicles for railway
86071990;Axis,wheels and parts thereof of vehicles f/railway
90069190;Other parts and accessories f/photographic apparatus
90069900;Other parts and acces.f/picture apparatus and devices
90071000;Cameras
90071100;Cinematog.cameras f/ film of w<16mm or f/double 8mm
90071900;Other cinematographic cameras
90072010;Cinematographic projectors,f/film of w<16mm
90072020;Projectors for movies, width >=35 mm, but <=70 mm
90072090;Other cinematographic projectors
90072091;Oth.cinematog.projectors f/film 35mm<=w<=70mm
90072099;Other cinematographic projectors
90079100;Parts and accessories for cinematographic camaras
90079200;Parts of access.f/cinematographic projectors
90081000;Slide projectors
90082010;Microfilm readers
85281290;Oth.recep.appar.f/col.telev.incl.sound/image apparatus
85281300;Recep.appar.f/blakc/white telev.incl.radio, etc.
85282100;Video monitors, colour
85282110;Video monit., colour, with sweeping disposit.etc
85282190;Other video monitors, colour
85282200;Video monitors, black and white or oth.monochrome
85283000;Video projectors
84099971;Rings of segment,d>=200mm for diesel engines or semidiesel
84099979;Other rings of segmentf or diesel engines or semidiesel
84099990;Other parts for diesel engines or semi-diesel
84099991;Cylinder welded shirts by head with a diameter>=200mm
84099999;Other parts for diesel and half diesel engines
84101100;Hydraulic turbines and water wheels, potency<=1000kw
84281000;Lifts and skip hoists
84282010;Pneumatic conveyors mobile appar.with engines>120hp
84282090;Other pneumatic elevators and conveyors
84283100;Machin.elevators/conveyors of goods, f/underground use
84283200;Machin.elevators/conveyors of goods, bucket type
38089126;Insecticide based on trichlorfon or dichlorvos
38089127;Insecticide based on mineral oils or tiometon
38089128;Insecticide based on sulfluramid
38089129;Other inseticides presented in another way
38089193;Insecticide based on dicrotofos, presented in another way
38089194;Insecticide based on disulfoton or endosulfan, presented in another way
38089195;Insecticide based on aluminium phosphide, presented in another way
38089196;Insecticide based on trichlorfon or dichlorvos, presented in another way
38089197;Inseticide based on mineral oil/tiometon, in another way
38089198;Insecticie based on sulfluramid, presented in another way
39044090;Vinyl chloride-vinyl acetate copolymers, primary forms
39045010;Copolym. of vinylidene chloride, not c/emulsifier, etc
38089191;Insecticide based on acephate presented in another way
38089192;Insecticide based on cypermethrins/permethrin, other way
39045090;Other vinylidene chloride polymers, in primary forms
39046110;Polytetrafluoroethylene in liquids and pastes
39046190;Other polytetrafluoroethylene in primary forms
39046910;Vinylidene fluoride-hexafluoropropylene copolymer
39046990;Other fluoro-polymers, in primary forms
30049058;Medicament containing etoposide, in doses
30049059;Oth.medicaments c/products pos.2930 to 2932, etc.doses
30049061;Medicament c/terfenadine/talniflumate, etc.in doses
30049062;Medicament c/nifendipine/nitrendipine, etc.in doses
30049063;Medicament c/oxfendazole/albendazole, etc.in doses
30049064;Medicament c/triazolam/alprazolam, etc.in doses
30049065;Medicament c/phenytoin or its sodium salt, etc.in doses
30049066;Medicament c/2-(2-methyl-3-chloroanilino)nicot. doses
30049067;Medicament c/nicarbazine/norfloxacin, etc.in doses
30049068;Medicament c/cyclosporine a, fluspirilene, etc.in doses
30049069;Ot.medicaments c/comp.heterocyc.heteroat.nitr.in doses
30049071;Medicament c/levamisole/its salts/tetramisole, in doses
30049072;Medicament c/sulfadiazine/its sodium salt, in doses
30049073;Medicament c/ketazolam/sulpiride, etc.in doses
30049074;Medicament c/phthalylsulfathiazole/butanide, etc.doses
30049075;Medicament c/fluphenazine enanthate, etc.in doses
34029029;Other solutions/emulsions of surface-active prods, etc
34029031;Prepar.of ethoxylated nonylphenol(detergents)for wash
34029039;Other preparations for wash (detergents)
34029090;Other surface-active prepar.and prepar.for cleaning
34031110;Prep.cont.oils of petrol.etc.treat.of textile materials
34031120;Prep.cont.oils of petrol.etc.treat.of leather/furskins
34031190;Prep.cont.oils of petrol.etc.fortreatment of other mat.
34031900;Prep.cont.oils of petroleum/bituminous minerals
34039110;Other preparations for treatment of textile materials
34039120;Other preparations for treatment of leather/furskins
34039190;Other preparations for treatment of other matters
34039900;Oth.preparat.of lubricating/anti-adherent/anti-rust, etc
34041000;Waxes of chemically modified lignite
34042010;Artificial waxes of polyethylene glycol
34042020;Prapared waxes of polyethylene glycol
32041300;Basic dyes and its preparations
32041400;Direct dyes and its preparations
32041510;Vat blue dye, second colour index 73000
32041520;Dibenzanthrone dye
32041530;12, 12-dimethoxybenzanttrone dye
32041590;Other vat dyes and its preparations
32041600;Other reagents dye and its preparations
32041700;Pigments and its preparations
33012200;Essential oil, of jasmin
33012300;Essential oil, of lavender or of lavandin
33012400;Essential oil, of peppermint (mentha piperita)
33012510;Essential oil, of japanese mint (mentha arvensis)
33012520;"Essential oil,  of ""mentha spearmint""(mentha viridis l)"
33012590;Essential oil, of other mints
33012600;Essential oil, of vetiver
33012911;Essential oil, of citronella
33012912;Essential oil, of cedar
33012913;Essential oil, of guaiacum (bulnesia sarmientoi)
33012914;"Essential oil, of ""lemongrass"""
33012915;Essential oil, of rosewood
33012916;Essential oil, of palmarosa
33012917;Essential oil, of coriander
72192200;Hot-rolled stain.steel, w>=600mm, n/coils 4.75mm<=t<=10mm
72192300;Hot-rolled stain.steel, w>=600mm, n/coils 3mm<=t<4.75mm
54034200;Yarn of cellulose acetate, multiple(folded) or cabled
54034900;Yarn of artificial filament multiple(folded)/cabled
54041011;Imitations of catgut, reabs.of synth.monofilam.t>=67d
54041019;Other imitations of catgut, of synt.monofilam.t>=67decit
54041090;Oth.synthetic monofilam.t>=67decitex, traver.sect.<=1mm
54041100;Elastomeric monofilaments, width<5mm
54041200;Other polypropylene monofilaments, width<5mm
54041911;Imitations of catgut
54041919;Imitations of catgut, of monofilaments
54041990;Other synthetic monofilaments, width<5mm
54049000;Laminate of synthetic textile matters, width<=5mm
54050000;Artificial monofilam.t>=67 decitex, cross-sect.<=1mm, etc
54060010;Synthetic filament yarn, for retail sale
54060020;Artificial filament yarn, for retail sale
54061000;Synthetic filament yarn, for retail sale
54062000;Artificial filament yarn, for retail sale
55169200;Other fabrics of artificial fibres, dyed
55169300;Other fabrics of artificial fibres, of dif.colours
55169400;Other fabrics of artificial fibres, printed
56011000;Wadding and tampons, etc.of wadding of textile materials
56012110;Wadding of cotton
56012190;Other articles of cotton wadding
56012211;Wadding of aramid fibres
56012219;Wadding of other fibres synthetic/artificial
56012291;Filter tips for cigarettes, of fibres synt/artif wadding
72111300;Hot-rolled iron/steel, 15<t<60cm, t>=4mm, n/coils, etc
53051100;Coir (fibres of coconut) raw
55132310;Fabrics < 85% polyester staple fibres by weight, diag. texture <4, dyed
55132390;Other fabrics < 85% polyester staple fibres by weight, dyed
55132900;Ot.fabric synt.fibres<85% with cot.w<=170g/m2, dyed
55133100;Fabric polyest<85% with cot.w<=170g/m2, taf.dif.colours
55133200;Fabric polyest<85% with cot.w<=170g/m2, twill, dif.col.
55133300;Oth.fabrics polyest<85% with cot.w<=170g/m2, dif.col.
55133900;Ot.fabrics synt.fibres<85% with cot.w<=170g/m2, dif.col.
55133911;Fabrics made from yarn of different colours, < 85% polyester staple fibres by weight, diag. texture <4
55133919;Other fabrics < 85% polyester staple fibres by weight, w<170g/m2
55133990;Other fabrics < 85% synthetic staple fibres by weight, mixed with cotton
55134100;Fabric polyest<85% with cot.w<=170g/m2, taffeta, printed
55134200;Fabric polyest<85% with cot.w<=170g/m2, twill, printed
55134300;Other fabrics polyest<85% with cot.w<=170g/m2, printed
55134900;Other fabrics synt.fibr<85% with cot.w<=170g/m2, printed
59049200;Floor coverings with other textile support
59050000;Textile wall coverings, of textile material
59061000;Adhesive tape, woven with rubber, width<=20cm
59069100;Fabrics of mesh, with rubber
59069900;Other fabrics with rubber
59070000;Oth.fabrics impregnated/coated/covered, etc
59080000;Textile wicks, woven, f/candles, etc.
59090000;Textile hose-piping and similar textile tubing
59100000;Transmission/conveyor belts/belting, of tex.material
59111000;Felt and woven, with rubber layer, etc.used f/comb produc
52104910;Fabrics of cotton, made from yarn of different colours, synthetic or ariticial fibres, point twill, diag. <200g/m2
55101112;Yarns containing at least 85% by weight of artificial staple fibers, simple, obtained from cellulose fibers, modal
55101113;Yarns containing at least 85% by weight of discontinuous fibers, obtained from cellulose fibers, simple, of lyocell
55101119;Yarns containing at least 85%, by weight, of artificial staple fibers, simple, obtained from cellulose fibers, of other materials
62032990;Ensembles of other textile materials, masculine uses
62033100;Ackets (coats) of wool or fine animal hair
62033200;Ackets (coats) of cotton
62033300;Ackets (coats) of synthetic fibres
62033900;Ackets (coats)  of other textile materials
62034100;Ensembles, jackets, etc.of wool/fine animal hair, mascul.
62034200;Ensembles, jackets, etc.cotton, use masculine
62034300;Ensembles, jackets, etc.of synthetic fibre, masculine
62034900;Ensembles, jackets, etc.of oth.textile materials, mascul.
67041100;Complete wigs, of textile synthetic materials
38083029;Other herbicides presented in another way
38083031;Anti-sprouting for direct household use
38083032;Other anti-sprouting presented in another way
38083040;Plant-growth regulators for direct household use
38083051;Plant-growth regulators, based on maleic hydrazide
38083059;Plant-growth regulators, presented in another way
38084010;Disinfectants for direct household use
38084021;Disinfectants based on thiram
38084022;Desinfectants based on 2-(thiocyanomethylthio)benzoth.
38084029;Other desinfectants presented in another way
38085010;Inseticides, rodenticides, fungicides, herbicides, packed for houselhod use
38085021;Inseticides based on methamidophos or monocrotophos
38249041;Anti-scaling, anti-rust preparat.or oxidation inhibitors
38249042;Eutectic mixture of diphenol and diphenol oxide
38249043;Preparations containing trimethyl-3, 9-diethyldecane
38249049;Other fluids for transfer of heat
38249051;Foam inhibitors c/tributyl phosphate sol.in isopr.alcoh
38249052;Mixed polyethylene glycols
38249053;Liquid polypropylene glycol
38249054;Flame-retardants c/mixed isopr.triphenyl phosphates
38249059;Other prep.c/esters inorg.acid/its derivatives, etc.
38249061;Prep.based on tetrafluoroethand and pentafluoroethane
38249062;Prep.based on chlorodifluoromethane/pentafluoroethane
38249063;Prep.based on chlorodifluoromethane/chlorotetrafluor.
38249071;Soda-lime and water repellent calcium carbonate
38249072;Prep.with a basis of silica in colloidal suspension, etc
38249073;Prep.with a basis of tungsten carbide nickel=agglom.etc
38249074;Prep.with a basis of hydroxide nickel/cadmium, etc
30043932;Medicament contain.oestradiol fenpropionate, in doses
30043933;Medicament contain.oestriol or its succinate, in doses
30043934;Medicament containing allyloestrenol, in doses
30043935;Medicament containing lynestrenol, in doses
30043936;Medicaments cont.megestrol acetate, formestane, in doses
30043937;Medicaments cont.desogestrel, in doses
30043938;Medicamentc/oestradiol, fortransdermal administ.in doses
30043939;Medicament cont.oth.estrogens/progestogens, in doses
30043981;Medicaments cont.levothyroxine sodium, in doses
30043982;Medicaments cont.liothyronine sodium, in doses
33059000;Other preparations for use on the hair
33061000;Dentifrices
33062000;Yarn used to clean between the teeth (dental floss)
33069000;Other preparations for oral or dental hygiene, etc.
33071000;Pre-shave, shaving or after-shave preparations
33072010;Personal deodorants and antiperspirants, liquid
33072090;Other personal deodorants and antiperspirants
33073000;Perfumed bath salts and other bath preparations
33074100;Agarbatti, oth.odoriferous prepar.which operat.b/burning
33074900;Other prep.for perfuming/deodorizing ambient
33079000;Oth.prods.of perfumery or dressing table, prepared, etc
34011110;Medicinal soaps, in bars, pieces, moulded illustration, etc
34011190;Other prods/prep.dressing table, in bars, pieces, etc
34011900;Other soaps, prods/preparations, in bars, pieces, etc
34012010;Soap of dressing table, in other forms
34012090;Other soaps
38089211;Fungicides containing bromomethane, etc, for househol use
38089219;Other fungicides packed for household use
38089220;Fungicides containing bromomethane, etc, presented in another way
38089221;Fungicide based on copper hydroxide, cuprous oxide
38089222;Fungicide based on ziram or sulphur
38082021;Fungicide based on copper hydroxide,  etc
38082022;Fungicide based on ziram or sulphur
38082023;Fungicide based on mancozeb or maneb
38082024;Fungicide based on sulfiram
38082025;Fungicide based on chromium, arsenic, copper compounds
38082026;Fungicide based on thiram
38082027;Fungicide based on propiconazole
38082029;Other fungicides presented in another way
38083010;Herbicides for direct household use
38083021;Herbicide based on 2, 4-d, 2, 4-db, its derivatives/ mcpa
38249022;Preparations containing dimerized fatty acids
38249023;Prepar./stearoylbenzoylmethane/ palmitoylbenzoylmethane
38249024;Prep.c/propylene glycol caprylate/propylene glycol capr
38249025;Preparations c/caprylic and capric acid triglycerides
38249026;Esters of fatty alcohols c12/c20 with methacrylic acid
38249027;Esters of c10 monocarboxylic acids w/glycerol bran.ch.
38249028;Mixtures of dimethyl esters of adipic acid, etc
38249029;Oth.derivatives of industrial fatty acids, prepar.etc
38249031;Preparations containing hexamethylene isocyanates
38249032;Preparations containing other isocyanates
38249033;Preparations containing fatty amines c8 to c22
38249034;Prepar.cont.polyethylene amines, etc.forcoagulating latex
38249035;Other preparations containing polyethylamines
38249036;Mixtures of mono-,  di- and triisopropanolamines
38249037;Reticulants for silicons
38249039;Oth.prepar.forrubber/plastic, forresin hardened, etc
30043913;Medicament containing menotrophins, in doses
38029050;Bauxite (activated natural mineral)
38029090;Other activated natural mineral products, etc
38030000;Tall oil, whether or not refined
38030010;Tall oil, whether or not refined, raw
38237010;Stearyl alcohol (industrial fatty alcohols)
38237020;Lauryl alcohol (industrial fatty alcohols)
38237030;Other mixtures of primary aliphatic alcohols
38237090;Other industrial fatty alcohols
38241000;Prepared binders for foundry moulds or cores
38242010;Naphthenic acids and their esters
38242020;Naphthenic acids, water-insoluble
38243000;Non-agglomerated metal carbides mixed together, etc
38244000;Prepared additives for cements, mortars or concretes
38245000;Non-refractory mortars and concretes
38246000;Sorbitol, except the polyalcohol d-glucitol
38247110;Mixtures containing trichlorotrifluoroethane
73063090;Other welded tubes and hollow profiles, of circular cross-section, of iron or non-alloy steel, not classified in previous codes
74061090;Other copper powders and flakes, of non-lamellar structure
65061010;Helmets and similar protective headgear, of the type used by firefighters, with built-in visor and face shield
38249019;Oth.interm.produc.of manuf.antibiotic, vitamin, etc.
38249021;Dimerized fatty acids
30042069;Oth.medicaments c/aminoglycosides/deriv.in doses
30042071;Medicament containing vancomycin, in doses
30042072;Medicament containing actinomycins, in doses
30042073;Medicament containing cyclosporin a, in doses
30042079;Other medicament c/polypeptides/derivatives, in doses
30042091;Medicament containing mitomycins, in doses
30042092;Medicament containing tiamulin fumarate, in doses
30042093;Medicament contain.bleomycins or their salts, in doses
30042094;Medicament containing imipenems, in doses
30042095;Medicament with amphotericin b in liposome, doses, retail sale
30042099;Medicament containing other antibiotics, in doses
30043100;Medicament containing insulin, in doses
30043200;Medicament c/hormones corticossupra-renal, in doses
68129920;Fabricated asbestos fibres
68129930;Mixtures with basis of asbestos/with basis of asbestos and magnesium carbonate
68129990;Other articles of fabricated asbestos fibres or mixtures with basis of asbestos and magnesium carbonate
68131010;Pads not mounted, for brakes, of asbestos, etc.
68131090;Other linings not mounted, for brakes, of asbestos, etc.
68132000;Friction lining, containing asbestos
68138110;Brake pads, containing asbestos
68138190;Other linings for brakes, containing asbestos
68138910;Friction discs, for clutches, of asbestos
73261100;Grin.balls, etc.forged/stam.cast iron/iron/steel, f/mills
73261900;Other forged/stamped articles, of iron or steel
73262000;Articles of iron or steel wire
73269000;Other articles of iron or steel wire
73269010;Elliptical steel with nickel hubcaps used to produce recipients
73269090;Other articles of iron or steel
74010000;"Copper mattes; cement copper (precipitated copper)"
74011000;Copper mattes
74012000;Cement copper (precipitated copper)
74020000;Unrefined copper  and anodes cop.f/electr.refining
74031100;Refined copper cathodes/its sections, unwrought
74031200;Refined copper in bars, for obtaining wire, unwrought
74031300;Billets of refined copper, unwrought
74031900;Other products of refined copper, unwrought
74032100;Copper-zinc base alloys (brass), unwrought
74032200;Copper-tin base alloys (bronze), unwrought
90221990;Oth.appar.of x-rays,f/radiography or radiotherapy
90221991;Appar.of x-rays,lugg.inspec.,h<=4dm,a<=6dm,c<=1,2m
92011000;Upright pianos
92012000;Grand pianos
92019000;Oth.pianos,harpsich.and oth.keyboard stringed instrum.
92021000;Other string musical instruments,played with a bow
92029000;Other string musical instruments
92030000;Keyboard pipe organs,harmon.and similar keyboard instr.
92041000;Accordions and similar instruments
92042000;Mouth harmonics
92051000;Brass-wind musical instruments
92059000;Other wind musical instruments
92060000;Percussion musical instruments(drums,etc.)
92071010;Synthesizers (musical instruments of keyboard)
84836011;Clutches of friction
84836019;Other clutches
84836090;Joining dispositive, including universal joints
84839000;Parts of transmis.shafts, cranks, bearings housing, etc.
84841000;Gaskets/sim.joints of met.sheet.comb.ot.mat.layer metal
84842000;Mechanical seals
51121920;Other fabrics of fine animal hair (cont>=85%)
51122010;Fabric of combed wool, with filaments synthet./artif.
51122020;Fabric combed fine anim.hair, with filaments synt/artif
51123010;Fabric of combed wool, with fibres synt/discont.artif.
51123020;Fabric of combed fine anim.hair, with fibres syn/dis.art
51129000;Oth.fabrics of comb.wool or of combed fine animal hair
51130011;Woven fabrics of coarse animal hair(content>=85%)
51130012;Woven fabrics of coarse anim.hair(content>=85%)with cot
51130013;Woven fabr.of coarse anim.hair(content>=85%)without cot
51130020;Fabrics of horsehair
52010010;Cotton, not carded or combed
52010020;Ginned, not carded or combed
52010090;Other types of cotton, not carded or combed
52021000;Yarn waste of cotton
52029100;Garnetted stock of cotton
52029900;Other cotton waste
52030000;Cotton, carded or combed
53051900;Coir(fibres of coconut)proces.n/spun, tow, waste
53052100;Raw abaca
53052900;Abaca process, n/spun, tow and waste
53059011;Raw ramie
53059012;Combed ramie
53059019;Other fibres of ramie
53059091;Other fibres of vegetable, raw
53059099;Other fibres of vegetable
53059110;Raw ramie
53059190;Other vegetal textile fibres, raw
53059911;Combed ramie
53059919;Ramie proces.of other way, noils and waste
53059990;Oth.vegetal textile fibres process noils and waste
53061000;Flax yarn, single
53062000;Flax yarn, multiple (folded) or cabled
53071010;Yarn of jute, single
53071090;Arn of jute or of other textile bast fibres, single
53072010;Yarn of jute, multiple (folded) or cabled
53072090;Yarn of other textile bast fibres, folded, etc.
53081000;Coir yarn (yarns of fibres of coconut)
53082000;True hemp yarn
53083000;Paper yarn
53089000;Yarn of other vegetable textile fibres
55134911;Printed fabrics < 85% polyester staple fibres by weight, mixed with cotton
55134919;Other fabrics < 85% polyester staple fibres by weight, mixed with cotton
55134990;Other fabrics < 85% synthetic staple fibres by weight, mixed with cotton
58042100;Income of fibre synthetic/artific., of mechanically made
58042910;Income of cotton, of mechanically made
58042990;Income of other textile materials, of mechanically made
58043010;Income of cotton, of mechanically made
49119100;Prints, engravings and pictures
49119900;Other printed matter
50010000;Silkworm cocoons suitable for reeling
50020000;Raw silk (not thrown)
50030010;Silk waste, not carded or combed
50030090;Other silk wastes
50031000;Silk waste, not carded or combed
50039000;Other silk wastes
50040000;Silk yarn
50050000;Yarn spun from silk waste
50060000;Silk yarn/its waste, by messina, f/retail sale
50071010;Fabrics of noil silk, printed, dyed, etc.
50071090;Other fabrics of noil silk
50072010;Fabrics of silk/waste(cont.>=85%), printed, etc
50072090;Other fabrics of silk/waste of silk(containing>=85%)
50079000;Other fabrics of silk or of waste of silk
51011110;Shorn wool, dirty, n/carded, etc.22.05<=f<=32.6micr.
51011190;Other shorn wool, dirty, n/carded or combed
51011900;Other woll, dirty, neither carded nor combed
51012100;Shorn wool, degreased, n/carbonised, n/carded, n/combed
52112020;Fabrics of cotton, bleached, synthetic or artificial fibres, point twill, diag. <200g/m2
52112090;Other fabrics of cotton, bleached, synthetic or artificial fibres, weight<200g/m2
52112100;Fabric of cotton<85%, bleac/fibr.synt/art.taf., w>200g/m2
52112200;Fabric of cotton<85%, bleac/fibr.syn/art.twill, w>200g/m2
52112900;Ot.fabrics of cotton<85%, bleac/fibr.synt/art, w>200g/m2
60029300;Other fabrics of fibres mesh synt/artif
60029900;Other fabrics of mesh of other textile materials
60031000;Other fabrics of mesh of wool/fine animal hair w<=30cm
60032000;Other fabrics of cotton mesh, w<=30cm
60033000;Other fabrics of fibres mesh synthetic w<=30cm
60034000;Other fabrics of fibres mesh artificial w<=30cm
60039000;Other fabrics of other textile materials w<=30cm
60041010;Fabrics of cotton mesh, w>30cm, elast>=5%
60041011;Tecidos de malha de algodão crus ou branqueados l>30cm
60041012;Tecidos de malha de algodão tintos l>30cm
60041013;Tecidos de malha de algodão fios diversas cores l>30cm
60041014;Tecidos de malha de algodão estampados l>30
60041020;Fabrics fibres mesh synt/artif.w>30cm, e>=5%
52052390;Oth.cotton yarn>=85%, sing.combed fib.192.3d<=t<232.56d
55091210;Yarn of aramid fibres>=85%, twisted/twisted multiple
55091290;Yarn of nylon fibres/other polyam.>=85%, twisted, etc.
55092100;Yarn of polyesters fibres>=85%, single
56075019;Lines, ropes and cables, of other polyamides fibres
56075090;Lines, ropes and cables, of other synthetic fibres
56079010;Lines, ropes and cables, of cotton
56079020;Cordages, ropes and cables, of jute num.meter 0,75
56079090;Lines, ropes and cables, of other textile materials
56081100;Made up fishing nets of textile materials synth/artif
56081900;Other made nets of textile materials synthetic/artif.
56089000;Knotted netting of twine, etc.of other textile materials
56090010;Articles of yarn, strip of cotton
56090090;Articles of yarn, strip, etc.oth.text.material synt/artif
57011011;Carpets of wool, hand knotted, coiled
57011012;Carpets of wool, machine knotted, coiled
57011020;Carpets of fine animal hair, of point knotknotted/coiled
57019000;Carpets of oth.textile mat., of point knotknotted/coiled
57021000;"Carpet ""kelim"", ""schumacks"", ""karamanie"", etc.hand-woven"
57022000;Covering for pavement, of coir (coconut fibres)
61031090;Mesh suits of other textile materials, masculine uses
71023100;Diamonds, n/industr.simply sawn or bruted, cleaved, etc.
71023900;Other diamonds, n/industrial, n/mounted or set
71031000;Precious stones/semi, unwork.simply sawn/roughly shaped
72192400;Hot-rolled prod.of stainless steel, w>=600mm, t<3mm
72193100;Cold-rolled prod.of stainless steel, w>=600mm, t>=4.75mm
72193200;Cold-rolled stain.steel, w>=600mm, 3mm<=t<4.75mm
72193300;Cold-rolled prod.of stain.steel, w>=600mm, 1mm<t<3mm
92071090;Other keyboard musical instruments
92079010;Guitar and bass guitar
92079090;Musical instruments with sound amplified,electrically
92081000;Music boxes
92089000;Fairground organs and other musical instruments
92091000;Metronomes,tuning forks and pitc.pip.f/musical instrum.
92092000;Mechanisms for musical boxes
92093000;Strings for musical instruments
92099100;Parts and accessories for pianos
38231910;Caprylic acid
38231990;Oth.industrial monocarboxylic fatty acids/ac.oils.refin
90221999;Oth.appar.of x-rays,f/radiography or radiotherapy
90222110;Radiocobalt apparatus(cobalt bombs),medical uses,etc
90222120;Gamma therapy apparatus f/medical,surgical,etc.
90222190;Oth.radiation appar.alpha/beta/gama,f/medical uses,etc.
90222900;Other radiation apparatus alpha, beta or gama
90222910;Gamma rays,f/detect.stuffing level/cover of drink can
90222990;Other radiation apparatus alpha, beta or gama
90223000;X-ray tubes
90229011;Voltage generators,f/x-rays appar./other radiations
90229012;X-ray screens,f/x-rays apparatus/other radiations
90229019;Other x-rays generators apparatus
90229080;Other x-rays generators devices
90229090;Parts and access.f/x-rays appar./other radiations,etc.
90230000;Instrum.appar.and models f/demonstrat.in education,etc.
90241010;Mach.appl.f/testing tensile strength/metals compress.
90241020;Machines and appliances f/testing hardness
90241090;Machines and appliances for testing other metals
91019900;Other pocket-watches,and oth.prec.metal case,etc.
91021110;Wristwatches,base metal case,elect.operat.mech.disp
91021190;Oth.wristwatches,elect.operat.mechanical display
91021210;Wristwatches,metal base case,elect.oper.opto-elec.disp
91021220;Wristwatches,plastic case,elect.oper.opto-elec.disp
91021290;Oth.wristwatches,plast.case,elect.oper.opto-elec.displ
91021900;Other wristwatches, electrically operated
91022100;Wristwatches, with automatic winding
91022900;Other wristwatches
91029100;Pocket-watches,electrically operated and other watches
91029900;Other pocket-watches and other watches
91031000;Clocks with watch movements
91039000;Oth.colocks with watch movements
91040000;Instrum.panel clocks f/motor vehicles and oth.vehicles
91051100;Oth.clocks,electrically operat.exc.watch movements
96170020;Parts of thermos flasks and oth.vacuum vessels
96180000;Mannequin,autom.and anim.displays f/shop window/dress.
96190000;Sanitary towels and tampons, diapers, baby diapers
97011000;Paintings, drawings and pastels, executed by hand
97019000;Collages and similar ornamental paintings
97020000;Original engravings,prints and lithographs
97030000;Original sculptures and statuary
97040000;Postage or revenue stamps,stamp-postmarks,etc
97050000;Collections and collectors' pieces of zoolog.botan.etc.
97060000;Antiques over 100 years old
99900000;Free-shop
99910000;Parcel post
99920000;Samples
99930000;Trade of panol fuels, equipments, etc.
99940000;Goods in devolution
99950000;Goods in leasing no financial
99960000;Luggage (coming of changes)
99970000;Donated goods
99980101;Onboard consump.fuels and lubrication f/embarkations
99980102;Onboard consump.fuels and lubrication f/aircrafts
84283300;Machin.elevators/conveyors of goods, belt type
84283910;Machin.elevators/conveyors of goods, chain type
84283920;Machin.elevators/conveyors of goods, motoriz.roller type
84081090;Other diesel engines/semi-diesel, for embarkation
84082010;Diesel engines/semi-diesel, f/vehic.cap.87, n/exc.1500cm3
84082020;Diesel engines/semi-diesel, f/vehic.c.87, 1500<cm3<=2500
84082030;Diesel engines/semi-diesel, f/vehic.c.87, 2500<cm3<=3500
84082090;Other diesel engines/semi-diesel, f/vehic.of cap.87
84089010;Other diesel engines, stationary, p>=337.5kw, rpm>1000
84089090;Other diesel engines/semi-diesel
84248910;Mach.sprayin.press.butt.f/project.liquid/powders, foams
84248920;Autom.appliances for projecting lubric. on pneum. with drying system by hot air
84248990;Oth.mechanic.appliances, f/projecting, etc.liquid, powders
84249010;Parts of fire extinguis./mach.f/spraying, etc.hand oper.
84249090;Parts of oth.mech.appliances f/projec., etc.liq/pow., etc
84251100;Pulley tackle and hoists, powered by electric motor
84251910;Pulley tackle and hoists, hand-operated
84251990;Other pulley tackle and hoists
84252000;Pit-head wind.gear, winches spec.desig.f/use under.etc
84253110;Pit-head/capstans, powered by electric motor, cap<=100t
84253190;Other pit-head/capstans, powered by electric motor
84253910;Other pit-head and capstans, cap<=100t
84253990;Other pit-head and capstans
72279000;Other thread-machine of other alloy steel
72281010;Bars of alloy of high-speed steel, hot-rolled, etc
72281090;Other bars of alloys of high-speed steel
72282000;Bars of alloy of silico-manganese steel
72283000;Bars of other alloy steel, hot-rolled, etc.
72284000;Bars of other alloy steel, forged
72285000;Bars of other alloy steel, obtained/cold-finished
72286000;Other bars of other alloy steel
72287000;Profiles of other alloy steel
72288000;Hollow drill bars of alloy steel
62072200;Nightshirts and pyjamas, of synt/artif fibre, masculine
62072900;Nightshirts and pyjamas, of oth.text.materials, masculine
62079100;Singlets, etc.of cotton, masculine uses
62079200;Singlets, etc.of synth/artific fibres, feminine uses
62079900;Singlets, etc.of other textile materials, masculine
62079910;Others (singlets, bathrobes, similar articles), of synthentic or artificial fibres, masculine uses
62079990;Others (singlets, bathrobes, similar articles), of other textile materials masculine uses
62081100;Slips and petticoats, of synt/artif fibres, feminine uses
62081900;Slips and petticoats, of oth.textile materials, feminine
62082100;Nightdresses and pyjamas, of cotton, feminine uses
62082200;Nightdresses and pyjamas, of synt/artif fibres, feminine
67041900;False beards, eyebrows, etc.of textile synth.materials
67042000;Wigs, false beards, eyebrows, etc.of hair
67049000;Wigs, false beards, eyebrows, etc.of oth.textile materials
68010000;Setts, curbstones and flagstones, f/pav.of natural stone
68021000;Tiles, etc.of natural stone, side< 7cm
68022100;Marble, travertine, etc.slice/sawed planed/flat surface
68022200;Oth.calcareous stone, slice/sawed planed/flat surface
68022300;Granite slice or sawed, planed or flat of surface
68022900;Oth.worked monumental, slice/sawed, planed/flat surface
68029100;Worked marble, travertine, etc.oth.wise proces.and artic.
68029200;Oth.worked calcareous stone, oth.wise proces.and artic.
68029310;Spheres for mill, of granite
68029390;Oth.worked granite, oth.wise proces.and articles
68029910;Spheres for mill, of oth.worked monumental, etc.
39069042;Poly(acrylamidic acid)sodium, in pieces, etc.sol.in water
39069043;Carboxypolymethylene, in powder
39069044;Sodium polyacrylate, in irreg.blocks, pieces, etc
39069045;Potassium acrylate-acrylamide copolymer
30051040;Dressings w/closures, foruse w/colostomies(obtur.cones)
30051050;Dressings with closure devices, for wound closure
55101190;Other yarn containing at least 85% by weight of artificial staple fibers, single
55101200;Yarn of artificial fibres>=85%, multiple(folded)/cabled
55101211;Yarn containing at least 85%, by weight, of artificial staple fibers, multiple or cabled, obtained from cellulose fibers, of rayon viscose, except modal
70132200;Drinking glasses, stemware, of lead crystal, excluding of glass ceramics
70132800;Other drinking glasses, stemware, of lead crystal, excluding of glass ceramics
70132900;Other drinking glasses, of glass
70133100;Glassware of lead crystal, used f/table/kitchen
70133210;Coffee-pots/teapots, of glass, linear exp<=0.000005kelvin
52051400;Cotton yarn>=85%, simple, fibr.n/comb.125d<=tit<192.31d
52051500;Cotton yarn>=85%, simple, fibr.n/combed title<125dec.
52052100;Cotton yarn>=85%, single, comb.fibre titles>=714.29decit
52052200;Cotton yarn>=85%, single, combed fibre.232.56d<=t<714.29d
52052310;Cotton yarn>=85%, raw, sing.combed fibr.192.3d<=t<232.56d
54021910;Yarn high tenacity of nylon
54021990;Yarn high tenacity, of other polyamides
54022000;Yarn high tenacity, of polyesters
54023111;Textured yarn, of nylon, dyed, title<=50tex
54023119;Other textured yarns, of nylon, title<=50tex
54023190;Textured yarns, of other polyamides, dyed, title<=50tex
54023211;Multifilament of nylon, perm.anti-static.effect, tit>110t
54023219;Other textured yarns, of nylon, title>50tex
54023290;Textured yarns, of other polyamides, title<=50tex
54023300;Textured yarns, of polyesters
54023310;Polyester yarn, raw
54023320;Polyester yarn, dyed
54023390;Other polyester yarns
54023400;Polypropylene multifilament, title>110tex
54023900;Other textured yarns
54023910;Polypropylene multifilament, title>110tex
54023990;Textured yarn of other synthetic filament
54024110;Yarn of nylon, single, sprain<=50 turns/meter
54024120;Yarn of aramid, single, sprain<=50 turns/meter
55151300;Fabric of polyester fibres with wool/fine anim.hair
55151900;Other fabrics of polyester fibres
55152100;Fabric of acrylic fibres, etc.with filament synt/artif
55152200;Fabric of acrylic fibres, etc.with wool/fine anim.hair
55152900;Other fabrics of acrylic/modacrylic fibres
55159100;Fabric of other synthetic fibres with filament synt/art
55159200;Fabric of oth.synthetic fibres with wool/fine anim.hair
55159900;Other fabrics synthetic fibres
58013700;Pile fabrics obtained by machinating, synt. and artf.
58019000;Woven pile, fabric, of textile materials
58021100;Towelling fabric, of cotton, raw
58021900;Other towelling fabrics, of cotton
84213910;Electrostatic filters for gases
84213920;Purif.f/catalyt.convers.of motor vehicle exhaust gases
84431190;Other offset printing machinery, reel fed
84431200;Offset printing machinery, sheet fed, offic.type<=22x36cm
84431310;Offset printing machinery, multicolor with plastic material, etc
84431321;Offset printing machinery, reels fed, s>=12000 sheets/h
84431329;Other offset print. machinery/appliances, form.<= 37, 5 x 51 cm
84431390;Other offset print. machinery/appliances
84431400;Tipograf. impress. mach./appl., reel fed, excepition flexogr.
84431500;Other tipograf. impress. mach./appl., reel fed, except flexogr.
84431600;Flexographic impress machinery/appl.
84431710;Gravure printing rotary machinery
84431790;Other gravure printing machinery/aplliances
84431910;Offset printing machinery, multic.of plastic mater.etc
84431921;Offset printing machinery, reels fed, s>=12000 sheets/h
84439990;Other parts and accessories for printing
74199910;Metalic screens of copper yarn
74199920;Grill and netting, of copper wire, plastes, strips, distended
74199930;Copper springs
74199990;Cooking/heating apparatus, of copper, n/electric domestic
68138990;Other linings not mounted, f/clutches, etc.of asbestos
72028000;Ferro-tungsten and ferro-silico-tungsten
72029100;Ferro-titanium and ferro-silico-titanium
72029200;Ferro-vanadium
72029300;Ferro-niobium
72029910;Ferro-phosphorus
72029990;Other ferro-alloys
39019090;Other polymeric ethylene, in primary forms
39021010;Polypropylene c/fillers, in primary forms
39021020;Polypropylene not containing fillers, in primary forms
39022000;Polyisobutylene in primary forms
39023000;Propylene copolymers, in primary forms
39029000;Other polymers of propylene/olefins, in primary forms
39031110;Polystyrene expansible, c/fillers, in primary forms
39031120;Polystyrene expansible, not c/fillers, in primary forms
39031900;Other polystyrene in primary forms
39032000;Styrene-acrylonitrile copolymers, in primary forms
39033010;Acrylonitrile-butadiene-styrene cop., prim.forms, c/fil.
39033020;Acrylonitrile-butadiene-styrene cop., not c/fillers
30049039;Other medicine with compounds w/ amine functions,doses
30049041;Medicament c/metoclopramide/hydrochloride, etc.in doses
30049042;Medicament c/atenolol, prilocaine, etc.in doses
30049043;Medicament c/lidocaine/its hydrochloride, etc.in doses
30049044;Medicament containing fenproporex, in doses
30049045;Medicament cont.paracetamol or bromopride, in doses
30049046;Medicament cont.amitraz/cypermethrin, in doses
30049047;Medicament containing chlorhexidine/its salts, in doses
30049048;Medicament containing carmustine/lomustine, etc.in doses
30049049;Ot.medicam.c/carboxyamide-function compounds, etc.doses
30049051;Medicament cont.isossorbide dinitrate, etc.in doses
30049052;Medicament containing thiapride, in doses
30049053;Medicament containing etidronate disodium, in doses
30049054;Medicament containing amiodarone hydrochloride, in doses
30049055;Medicament containing nitrovin, moxidectin, in doses
30049056;Medicament contain.spironolactone, in doses
30049057;Medicament containing carbocisteine, sulfiram, in doses
34013000;Organic surface-active prods/prepar.forwashing the skin
34021110;Sodium dibutylnaphthalenesulphonate(org.surf.act.agen.)
34021120;Sodium n-methyl-n-oleolyltaurate (org.surf.act.agen.)
34021130;Sodium alkylsulphonates, secondary (org.surf.act.agen.)
34021140;Alquilbenzenossulphonated acid mixing
34021190;Other organic surface-active agents, anionic
34021210;Oleylamine acetate (organic surface-active agent)
34021290;Other organic surface-active agents,  cationic
34021300;Organic surface-active agents , non-ionic
34021900;Other organic surface-active agents
34022000;Surface-active preparations, for wash and cleaning
38089920;Other rodenticides, containing methyl bromide, presented in another way
38089921;Acaricides based on amitraz, chlorfenvinfos, metamid., etc
38089922;Acaricides based on cyhexatin, fenbutatin oxide, etc.
38089923;Other acaricides not presented for retail sale
38089924;Nematocides based on metham sodium
38089925;Other nematocides not presented for retail sale
38089926;Raticides not presented for retail sale
38089929;Other rodenticides and similar preparations, not presented for retail sale
38089991;Acaricides based on amitraz, chlorofenvinphos, etc, in another way
38089992;Acaricides based on cyhexatin, fenbutatin oxide, in another way
38089993;Other acaricides presented in another way
38089994;Nematocides based on metham sodium, presented another way
39059990;Other polymers of vinyl, in primary forms
39061000;Poly(methyl methacrylate), in primary forms
39069011;Poly(acrylic acid)/its salts, liq/paste, soluble in water
39069012;Water-soluble poly(acrylamidic acid)sodium salt, etc
39069019;Oth.water-soluble acrylic polymers, in liquid/paste
39069021;Organ.solvent acrylic polymers and salts, in liq/paste
39069022;2-diisoprop.methacrylate copolymer, in suspen.etc.
39069029;Oth.organic solvent acrylic polymers, in liquid/paste
39069031;Poly(acrylic acid) and its salts, liq/paste, ot.solv.etc
39069032;Poly(acrylamidic acid)sodium salt, liq/paste, ot.solv.etc
39069039;Other acrylic polymers, liq/paste, oth.solv.etc
39069041;Poly(acrylic acid) and salts, in blocks, irreg.pieces, etc
30049079;Medicament c/compounds heterocyclic, etc.in doses
80012000;Tin alloys, unwrought
80020000;Tin waste and scrap
80030000;Tin bars, rods, profiles and wire
84139190;Other parts of pumps for liquids
84139200;Parts of elevators of liquids
84141000;Vacuum pumps
84142000;Hand or foot-operated air pumps
84143011;Hermetic moto-compressor, capacity<4700 calories/hour
84143019;Oth.hermetic moto-compressors refrigerating equipment
84143091;Compressor f/refrigerating equipm.cap<=16000 calories/h
73182400;Cotters/cotter-pins, etc.of cast iron, iron or steel
81031000;Unwrought tantalum, incl.bars obt.by sinter.waste scrap
81032000;Unwrought tantalum, bars obt.by sinter.powder
81033000;Tantalum waste and scrap
81039000;Other articles tantalum
81041100;Unwrought magnesium, cont.magnesium>=99.80%
81041900;Other unwrought magnesium
81042000;Magnesium waste and scrap
81043000;"Rasp.turn.and gran.graded accord.to size;powders magn."
81049000;Other magnesium articles
81051010;Cobalt in powders
81051020;Cobalt in brute
81051090;Cobalt mattes, other intermed.prod.of cobalt metal.etc
81052010;Unwrought cobalt
81052020;Cobalt in powders
81052021;Po de ligas a base de cobalto-cromo-tungstenio
81052029;Outros pos
81052090;Cobalt mattes, other interm.products of cobalt metal.
81053000;Cobalt waste and scrap
81059010;Foil, sheets, strip, threads, stems, etc.of cobalt
81059090;Other articles of cobalt
81060010;Bismuth in brute
81060090;Bismuth articles, including waste and scrap, of bismuth
84138200;Liquid elevators
84139100;Parts of pumps for liquids
84139110;Rods of pumping for extraction of oil
84158210;Oth.air-condition.mach.incorp.refrig.unit c<=30000 c/h
84158290;Oth.air-condition.mach.incorporat.refrigerating unit
84158300;Oth.air-condition.mach.n/incorp.refrigerating unit
84159000;Parts of air-conditioning machines
84332010;Mowers with row cond.device consit.fingered rotor/comb
84332090;Other mowers, includ.cutter bars for tractor mounting
84333000;Other haymaking machinery
84334000;Straw or fodder balers, including pick-up balers
84335100;Combine harvester-threshers
84335200;Other threshing machinery
84335300;Root or tuber harvesting machine
84335910;Shredding machinery for cotton
84335911;Harv.mac.f/cotton, cap.2 rows, flywheel power n/exc.80hp
84335919;Other harvesting machinery for cotton
84335990;Other machinery for threshing
84336010;Selectors of fruits
84642010;Machines-tools f/grinding or polishing glass
84734070;Oth.parts and acces.f/banking mach.banknote dispensers
84734090;Oth.parts and acces.f/office machines and apparatus, etc
84735010;Circuit printed mounted used in 2/more differ.machines
84099112;Cylinder blocks, cylinder heads, etc.f/combustion engines
84099113;Carburetors for combustion engines
84099114;Valves of admission or of escape, for combustion engines
84099115;Collect.of admission or of escape, f/combustion engines
84099116;Rings of segment, for combustion engines
84099117;Valve guides, for combustion engines
84099118;Other carburetors for motors of piston
84099120;Pistons, for combustion engines
84099130;Cylinder liners, for combustion engines
84099140;Electronic injection, for combustion engines
84099190;Other parts for combustion engines
84099911;Connecting rods f/diesel engines or semi-diesel
84099912;Cylinder blocks, cylin.heads, etc.f/diesel engines/semi
84099913;Fuel nozzles for diesel or semi-diesel engines
84099914;Valves of admission or of escape, f/diesel engines/semi
84099915;Collect.of admission or of escape,  for diesel and semi-diesel engines
84099916;Rings of segment, for diesel engines or semidiesel
84261200;Mobile lifting frames on tyres and straddle carriers
84051000;Producer gas/water gas generators, of acetylene, etc
84059000;Parts of producer gas/water gas generators, etc
84061000;Vapour turbines, for marine propulsion
33012918;Essential oil, of cabreuva
38085029;Other inseticides presented in another way
38089010;Rodenticides/oth.prods.similar for direct household use
38089021;Acaricides based on amitraz, chlorfenvinfos, metamid., etc
38089022;Acaricides based on cyhexatin, fenbutatin oxide, etc.
38089023;Other acaricides presented in another way
38089024;Nematocides based on metham sodium, presented anoth. way
38089025;Other nematocides presented another way
38089026;Raticides presented in another way
38089029;Other rodenticides/similar prods.presented an.way
38089110;Inseticides packed for household use
38089111;Inseticides containing bromomethane, etc, for household use
38089119;Other inseticides packed for household use
38089120;Inseticides containing bromomethane, etc, presented in another way
38247900;Oth.mixture c/acycl.perhalog.hydroc.acyclic 2 halog.dif
38248110;Mixture of propylene oxide with ethylene oxide <=30%
38248190;Others products prepared based on organic compounds
38248200;Mixture containing polibromofenilas(pbb), policloroterfenilas(pct) ou policlorobifenilas (pcb)
38248300;Mmixture containing fosf. de tris(2, 3-dibromopropila)
38249011;Mycellial salinomycin
38249012;Interm.product.cont.<=55% by weight of cyanocobalamine
38249013;Interm.product.of the manufacture of primycin ammonium
38249014;Senduramycin sodium, of the manufacture of senduramycin
38249015;Maduramycin ammonium, in sol.alcohol, of manuf.maduramyc.
84329000;Parts of machinery, etc.for soil preparation
84331100;Lawn mowers, motorized device cuts in a horizontal plan
84331900;Other lawn mowers
73219000;Parts of domestic appliances, etc.of iron/steel, n/electr
73221100;Radiators for central heating, n/elec.parts, of cast iron
73221900;Radiators f/central heating, n/elec.parts, of iron/steel
73229000;Generators, etc, n/elec.parts of cast iron/iron/steel
73229010;Generators of hot air for liq.fuel used in vehic.autom.
73229090;Oth.generators, etc.n/elec.cast iron, iron/steel
73231000;Wool, sponge, etc.of iron/steel, f/cleaning/polishing
73239100;Other household articles, of cast iron, n/enamelled, parts
73239200;Other household articles, of cast iron, enamelled, parts
75081000;Cloth and grill, of nickel wire
75089000;Other articles of nickel
75089010;Hollow cylinder with var. sec. for centrif. for esteq. reform. nat. gas
75089090;Other articles of nickel
76011000;Aluminium, not alloyed, unwrought
76012000;Aluminium alloys, unwrought
76020000;Aluminium waste and scrap
76031000;Powders of aluminium, of non-lamellar structure
76032000;Powders and flakes of aluminium, of lamellar structure
76041010;Bars of aluminium, not alloyed
76041021;Hollow profiles of aluminium, not alloyed
76041029;Other profiles of aluminium, not alloyed
76042100;Hollow profiles of aluminium, alloyed
76042911;Bars of alumin.alloyed, forg.circ.cross-sect.40<=d<=76cm
83111000;Coated electrodes of base metal, f/electric arc-welding
83112000;Cored wire of base metal, for electric arc-welding
83113000;Coat.rod and cored wire, of base metal, f/solder.by flame
83119000;Other wire, rods, tubes, plates, etc.of base metals
84011000;Nuclear reactors
84012000;Machinery and apparatus f/isotopic separ., and its parts
84013000;Fuel elements, non-irradiated, f/nuclear reactors
84014000;Parts of nuclear reactors
84021100;Watertube boilers with a steam production>45t/hora
84021200;Watertube boilers with a steam production<=45t/hora
84021900;Other vapour generating boilers, incl.hybrid boilers
84022000;Ssuper-heated water boilers
84029000;"Parts of vapour boilers and "" of super-heated water"""
84031010;Central heating boilers, cap<=200000 kcal/hour
84031090;Other boilers for central heating
84039000;Other boilers for central heating
84041010;"Auxiliary plant f/vapour boilers/""super-heated water"""
84041020;Auxiliary plant for central heating boilers
84223029;Machinery f/filling/closing/sealing cans, caps.vases, etc
38089223;Fungicide based on mancozeb or maneb
38089224;Fungicide based on sulfiram
32064290;Other pigments and preparations based on zinc sulphide
32064300;Pigments and preparations based on hexacyanoferrates
32064900;Other colouring matter and preparations
32064910;Pigments prepared based on cadmium compounds
32064920;Pigments, prepared on hexacyanoferrate
32064990;Other coloring matter and preparations
32065011;Calcium halophosp., etc.without subs.rad.used illumin.
32065019;Other inorg.prod.used as luminophores, with radioactive substances
32065021;Calcium halophosp., etc.without subs.rad.used illumin.
32065029;Ot.inorg.prod.used as luminophores, without radioac.sub.
32071010;Pigment, opacifier, etc.with a basis of zircon./its salts
32071090;Oth.pigments, opacifiers/colors, prepareds and prepareds
32072010;Engobes (slips)
32072090;Vitrifiable compounds and similar preparations
32072091;Vitrifiable compounds and preparations circuit impres.
32072099;Other vitrifiable compounds and similar preparations
32073000;Liquid lustres and similar preparations
32074010;Glass frit and other glass, in powder, granules or flakes
38030090;Tall oil, whether or not refined, in any other state
38040011;Residual lyes from the manufact.of wood pulp, sulphite
38040012;Residual lyes from the manuf.of wood pulp, soda/sulphate
38040020;Lignin sulphonates
38051000;Turpentine essences, wood or etc.
38052000;Pine oil
38059000;Oth.terpenic essen.prod.by the dist./wood treatment, etc
38059010;Pine oil
38059090;Other terpenic essences of wood fabrication, paper
38061000;Rosin and resin acids
38062000;Salts of rosin, of resin acids or of derivatives
38063000;Ester gums (run gums)
38069011;Rosins, oxidized, hydrogenated, dehydrogenated, etc
38069012;Methyl abietate/benzyl abietate, methyl hydroabietate
38069019;Other rosin derivatives or resin acids
38069090;Other rosin essences and rosin oils
38070000;Wood tar, wood tar oils, wood creosote, etc
38081010;Insecticides or direct household use
38247500;Mixtures containing carbon tetrachloride
38247600;Mixtures containing 1,1,1-trichloroethane
38247700;Mixtures containing bromomethane or bromochloromethane
38247810;Prepared based on tetrafluoroethane/pentafluoroethane
38247890;Other products prepared based on organic compounds
38089199;Other inseticides, presented in another way
38089210;Fungicides for direct household use
38252000;Sewage sludge
38253000;Clinical waste
38254100;Wastes halogenated of organic solvents
38254900;Other wastes of organic solvents
38255000;Wastes of deoxidizing solutions formetals, etc.
38256100;Wastes from chemical industries c/organic constituents
38256900;Other wastes from chemical/allied industries
38259000;Other residual products chemical industries, etc.
38260000;Biodiesel and mixtures thereof, >70% oil
39011010;Polyethylene linear, density<0.94, in primary forms
39011091;Polyethylene c/fillers, density<0.94, in primary forms
39011092;Polyethylene not c/fillers, density<0.94, primary forms
39012011;Polyet.c/fillers, vulcanized d>1.3, in primary forms
39012019;Oth.polyethyl.c/fillers density>=0.94, in primary forms
73079200;Other threaded elbows, bends, etc.f/pipes of iron/steel
73079300;Other butt welding fittings, pipes of iron/steel
73079900;Other fittings f/pipes of cast iron, iron or steel
73081000;Bridges and bridge-sections, of cast iron/iron/steel
73082000;Towers and lattice masts, of cast iron/iron/steel
73083000;Doors, windows, etc.of cast iron/iron/steel
73084000;Equipm.f/scaffolding, frames, etc.fused iron/iron/steel
73089010;Foils, bars, etc.f/structures, of fused iron/iron/steel
73089090;Oth.structures and their parts, of fused iron/iron/steel
73090010;Reservoirs, etc.iron/steel, cap>300l, f/grains, solid stor.
73090020;Isotherm.contain.cool.liqu.nitrog.f/semen, etc.cap>300l
84068100;Other vapour turbines, of potency>40mw
84068200;Other vapour turbines, of potency<=40mw
84069000;Parts of vapour turbines
84069011;Rotors of turbines reaction, vapour, of multiple stages
84069019;Other rotors of vapour turbines
84069021;Fixed slats (of stators) of vapour turbines
84069029;Other slats of vapour turbines
84069090;Other parts of vapour turbines
84071000;Combustion engines, for aviation
84072110;"Combustion engines, f/embarkation, ""outboard"", single cyl."
84072190;"Other combustion engines, f/embarkation, ""outboard"""
84072910;Other combustion engines, f/embarkation, single cylinder
84072990;Other combustion engines, for embarkation
84238200;Weighing machinery, 30kg<capacity<=5000kg
84238900;Other weighing machinery
84239010;Weights for scales
84239021;Parts of personal weig.mach., incl.baby/household
84239029;Parts of weighing machinery, incl.scale
84241000;Fire extinguishers, whether or not charged
84242000;Spray guns and similar appliances
84243010;Water jet projecting machinery for unblocking, etc.
84243020;Sand blasting mach.f/produc.worn areas in apparel artic
84243030;Water jet boring machines, pression>=10mpa
84243090;Other steam or sandblasting machines, etc
84248111;Hand-operated to project, etc.for combat prague
84248119;Ot.mechanical appliances to spray fungicides/insec., etc
84248121;Sprinklers and irrigations systems, for aspersion
84248129;Other appliances sprinklers and system irrigations
84248190;Other appliances for agricultural or horticultural
84248900;Other mechanical appl., f/projecting, etc.liquid/powders
73049011;Oth.pipes/hollow profiles, stainless steel, seam.d<=229mm
73049019;Oth.pipes/hollow profiles, of iron/steel, seam.d<=229mm
73049090;Oth.pipes/hollow profiles, of iron/steel, seamless
73051100;Pipes iron/steel, lon.sub.arc wel.cir.cr.d>406mm, f/pipel
73051200;Ot.pip.iron/st.lon.sub.arc wel.cir.cr.d>406mm, f/pipel
85113010;Distributors for motor explosion/diesel
85113020;Ignition coils for motor explosion/diesel
85114000;Starter motors for motor explosion/diesel
85115010;Dynamos and alternators f/motor explosion/diesel
85115090;Other generators for motor explosion/diesel
85118010;Glow plugs for motor explosion/diesel
84479020;Automatic embroidery machines
84479090;Oth.machin.f/making gimped, yarn, turlle, etc.f/tufting
84481110;Dobbies for looms
84481120;Jacquards dobbies for looms
84481190;Reducers, perforators and copiers of cards, etc
84481900;Other auxiliary machinery f/work.etc.material textile
84482010;Extruding nipples of material textile synthet/artif
84482020;Ot.parts/acces.of mach.extruding nipples of mat.textile
84482030;Ot.parts/acces.of mach.f/cut and rupture of text.fibre
84482090;Oth.parts/acces.of mach.f/drawing, etc.text.fibre
84483100;Card clothing
84483211;Card flats
84483219;Other parts and accessory of card
84483220;Parts and accessory of card of material textile
84483230;Drawing or roving machines of material textile
84483240;Parts and accessor.of machines f/preparing silk
84483250;Parts and acces.of wool carbonizing machines
84483290;Oth.parts and acces.of mach.f/material textile produc.
84483310;Cursors of spindles f/mach.f/material textile product.
73151900;Parts of articulate links chain, iron or steel
73152000;Skid chain, of cast iron, iron or steel
73158100;Stud-link chain, of cast iron, iron or steel
73158200;Welded link chain, of cast iron, iron or steel
80070030;Tin tubes and its accessories
80070090;Other articles of tin
81011000;Tungsten powders (wolfram)
81019100;Unwrought tungsten, incl.bars obt.by sinter.waste, etc
81019200;Oth.bars and profiles/plastes/strips/sheets, of tungsten
81019300;Wires of tungsten
81019400;Unwrought tungsten, bars obtained by sintering
81019500;Bars/profiles/plastes/strips/sheets, etc.of tungsten
55141100;Fabric polyester<85% with cot.w>170g/m2, taf.raw/bleac
55101212;Yarns containing at least 85% by weight of staple fibers, twisted or cabled, obtained from cellulose fibers, modal
55101213;Yarns containing at least 85% by weight of staple fibers, twisted or cabled, obtained from cellulose fibers, of lyocell
55101219;Yarns containing at least 85% by weight of staple fibers, twisted or cabled, obtained from cellulose fibers, made of other materials
55101290;Other yarn containing at least 85% by weight of artificial staple fibers, multiple or cabled
57032000;Carpet/cover.f/pavem.of nylon/other polyamide, tufted
57033000;Carpet/cover.f/pavem.of oth.text.mat.synth/art.tufted
57039000;Carpet/cover.f/pavement of other textile materials
57041000;Tiles of felt, for cover.pavement superf<=0.3m2
57049000;Other carpets/coverings for pavement, of felt
57050000;Other carpets and other textile floor coverings
58011000;Woven pile, fabric, of wool or fine animal hair
58012100;Woven pile, fabric, of cotton weft, uncut
58012200;Woven pile, fabric, of cotton weft, cut, grooved
58012300;Other woven pile, fabrics, of cotton weft
58012400;Woven pile, fabric, of cotton warp, uncut
58012500;Woven pile, fabric, of cotton warp, cut
58012600;Chenille fabric, of cotton
58012700;Pile fabrics obtained by machinating, cotton
58013100;Woven pile, fabric, of cotton weft syn/art.uncut
58013200;Woven pile, fabric, of cotton weft syn/art.cut
58013300;Oth.woven pile, fabrics, cotton weft syn/art
49029000;Other newspapers and journals, periodicals, printed
49030000;Drawing or colouring books, etc.for children
49040000;Music, printed or in manuscript, whether or not illustrat
49051000;Globes (cartographic work, printed)
49059100;Cartographic work, printed in books or brochures
49059900;Other cartographic work, printed
49060000;Plans and drawings for architectural, etc.drawn by hand
49070010;Banknote
49070020;Travel checks
49070030;Stock, share, bond certificates, etc.of title, compl./valid
49070090;Unused postage, revenue, etc.n/obliter.with leg.course
49081000;Decalcomanias, vitrifiable
49089000;Other decalcomanias of any species
49090000;Printed or illustrated postcards
49100000;Calendars of any kind, printed, incl.calendar blocks
55159910;Other fabrics of synthetic staple fibres, with wool or fine animal hair
55159990;Other fabrics of synthetic staple fibres
55161100;Fabric of artificial fibres>=85%, raw, bleached
55161200;Fabric of artificial fibres>=85%, dyed
55161300;Fabric of artificial fibres>=85%, of yarns of difer.col.
55161400;Fabric of artificial fibres>=85%, printed
55162100;Fabric of artif.fibres<85%with filam.synt/art.raw/blea
60029200;Other fabrics of cotton mesh
81122090;Chromium articles, including waste and scrap
81122110;Unwrought chromium
81122120;Chromium in powders
81122200;Chromium waste and scrap
81122900;Articles and other products of chromium
81123000;Germanium and its articles, including waste and scrap
81124000;Vanadium and its articles, including waste and scrap
81125100;Unwrought thallium, including in powders
81125200;Thalium waste and scrap
81125900;Articles and other products of thallium
81129100;Gallium, hafnium, indium, niobium, etc.brute, wast.scrap, pow
81129200;Gallium, hafnium, indium, niobium, etc.unwrought, waste, etc.
81129900;Articles of gallium, hafnium, indium, niobium, rhen.thal.
81130010;Plastes/strips/sheets/wires, etc.of cermets
81130090;Other cerments articles, including waste and scrap
82011000;Spades of common metals
84149034;Valves of air compressors/other gas
84149039;Other parts of air compressors/other gas
84151010;Air-conditioning mac.cap<=30000 calories/h, f/window, etc
91051900;Other clocks,except watch movements
91052100;Wall clocks,electrically operat.exc.watch movements
91052900;Oth.wall clocks,electric.operat.exc.watch movements
91059100;Ot.watchmak.appar.electr.operat.exc.watch movements
84283930;Machin.of lateral tweezers f/transport of newspaper
84283990;Other machinery elevators/conveyors of goods
84284000;Escalators and moving walkways
84285000;Mine wagon pushers, locomot.and railway wagon hand.equip
84286000;Telefer.chair-lifts, ski-draglin.traction mechan.f/funic
84289010;Machinery for disembarkation of lifeboats, etc
84289020;Automat.transporter-elevators, with horizontal movement
84289030;Machines f/piling periodicals top-to-tail, c>=80000/hour
73101000;Reserv.etc.iron/steel, 50<=c<=300l, without ther.equip
73101010;Isothermic cont.cooled liq.nitr.50l<=cap<=300l, f/semen,
73101090;Oth.tanks of iron/steel, 50l<=c<=300l, n/thermal disp.
73102110;Cans of iron/steel, closed sold.crimp.c<50l, f/food prod
73102190;Oth.cans of iron/steel, closed f/sold.crimp.c<50l
73102910;Other tanks, etc.of iron/steel, c<50l, f/food production
73102920;Isothermic cont.cooled liq.nitr.cap<50l, f/semen, etc
73102990;Other tanks, etc.of iron/steel, c<50l
73110000;Containers f/compressed/liquefied gas, of iron/steel
73121010;Ropes and cables, of steel wire, bronze/brass coat.f/elec
73121090;Oth.ropes and cables, of iron/steel, insulat.f/electric
73129000;Plaited bands/slings, etc.of iron/steel, insulat.f/elect.
73130000;Barbed wire of other iron or steel, used f/fencing
73141200;Woven cloth, of stainless steel, endless bands f/machin.
78060010;Bars, rods, profiles and wire, of lead
78060020;Tubes and accessories, of lead
78060090;Other articles of lead
79011111;Zinc n/alloyed cont.zinc>=99.99%, electrolytic, in ingots
79011119;Other unwrought zinc of n/al.zinc>=99.99%, electrolytic
79011191;Other ingots of zinc n/alloyed, cont.zinc>=99.99%
79011199;Other unwrought zinc n/alloyed, cont.zinc>=99.99%
84099917;Valve guides,  for diesel or semi-diesel engines
84099920;Pistons,  for diesel or semi-diesel engines
84099921;Other pistons,d>=200mm, for diesel or semi-diesel engines
84099929;Other pistons,  for diesel or semi-diesel engines
84099930;Cylinder liners,  for diesel/semi-diesel engines
84099941;Connecting rods, weight>=30kg, for diesel/semi-diesel engines
84099949;Other connecting rods for diesel/semi-diesel engines
84099951;Cylinder heads, with d>=200mm for diesel/semi-diesel engines
84099959;Other cylinder heads for diesel/semi-diesel engines
84099961;Fuel injectors/nozzle, d>=20mm for diesel/semi-diesel engines
84099969;Other fuel nozzles for diesel or semi-diesel engines
84623100;Machines-tools f/shearing metals, with num.contr
84623910;Machines-tools for shearing metals, guillotine type
84623990;Other machines-tools for shearing metals
84624100;Machin.-tools f/punching/notching metals, with num.contr
84624900;Ot.mach.-tools f/punching/notching metals, with num.cont
84629111;Hydraulic pres.f/mould.met.powders by sinter.c<=35000kn
84629119;Oth.hydraulic pres.f/metals/metal.carbid.c<=35000kn
84733026;Type ribbon, thermal/ink-jet, for printer
84733027;Ink cartridge, thermal/ink-jet, for printer
84733029;Oth.parts and acces.of printers/tracer graphs
84733031;Groups head-disk of hard disk unit, mounted
84733032;Position.arms of magnetic head f/unit of disks/tape
84733033;Magnetic head for unit of disks or of tape
84733034;Reeling mechanism for units of magnetic tape
84733039;Oth.parts and accessor.of disk units/magnetic tape
84733041;Motherboards mounted f/data-proc.mach.(circuit printed)
84733042;Plates of memory, mounted, s<=50cm2 f/data-proc.mach.
84734010;Circuit printed mounted f/office machines/apparatus
30051090;Ot.adh.dressings, anal.articles having an adhesive laye
30059011;Absorbable dressings of polyglycolic acid
30059012;Absorbable dres.of glycolic acid-lactic acid copolymers
30059019;Other dressings absorbable
30059020;Surgical dressings of nonwovens
30059090;Oth.wadding, similar foruse medicinal, surgical, etc.
30061010;Material for surgical sutures, of polidiexanona
30061011;Materials for surgical sutures, of polydihexanone
62082900;Nightdresses and pyjamas, of oth.text.materials, feminine
62089100;Bodices, pants, robes, etc.of cotton
62089200;Bodices, pants, robes, etc.of synt/artif fibres
68029990;Oth.worked monumental, etc.oth.wise proces.and articles
68030000;Worked slate and articles of slate/agglomerated slate
71039100;Rubies, sapphires and emeralds, otherwise worked
71039900;Other precious stones/semi, otherwise worked
71041000;Piezo-electric quartz
71042010;Diam.synt/recons.unwork./simply sawn/roug.shaped
71042090;Oth.stone synt/recons.unwork./simply sawn/roug.shaped
71049000;Oth.stone synth/reconstruted wether or n/worked/graded
71051000;Powder of diamonds
71059000;Powder of precious stone, semi-precious/synthetic stones
71061000;Powder of silver
71069100;Unwrought silver
71069210;Silver in bars, wire and profiles of solid cross-section
71069220;Silver in plates, sheets and strip
71069290;Silver of otherwise forms semi-manufactured
71070000;Base metals clad, etc.of silver, unwrought, semi-manuf.
71081100;Powder of gold
71081200;Gold of other unwrought form, f/n/monetary uses
71081210;Gold bullion, for non monetary uses
71081290;Gold other unwrought forms, f/n/monetary uses
71081310;Gold, bars, yarn, profiles of solid cross-sec.gold bullion
71081311;Gold, bars, yarns, etc.of gold bullion, f/n/monetary uses
72202090;Oth.flat-rolled prod.stain.steel, cold-rolled, w<600mm
72209000;Other rolled prod.of stainlless steel, w<600mm
72210000;Thread-machine of stainless steel
72221100;Bars of stainless steel, hot-rolled, etc.circular section
30043990;Oth.medicaments c/hormone/derivatives/asteroids, doses
30043991;Medicament c/sodium salt ac.9, 11, 15-trihyd, in doses
30043992;Medicament c/tiratricol and its sodium salt, in doses
30043993;Medicament c/levodopa, alpha-methyldopa, in doses
30043994;Medicaments cont.spironolactone, in doses
30043999;Oth.medicaments c/hormones, in doses, etc
30044010;Medicament c/vinblastine, vincristine, etc, in doses
33011210;Essential oil, of petit grain
33011290;Other essential oils, of orange
33011300;Essential oil, of lemon
33011400;Essential oil, of lime
33011900;Essential oil, of other citric
33011910;Essential oil, of lime
33011990;Essential oil, of other citric
33012100;Essential oil, of geranium
84752100;Machines for making optical fibres and its sketches
84752910;Machines for making glass containers, exc.flasks
84752990;Ot.machines f/manufac./hot working, of glass/its articl.
84759000;Parts of mach.f/manuf./hot working, of glass/its artic.
84762100;Autom.machin.of sale of drinks, with disp.heating/refrig
84762900;Other automatic machines of sale of drinks
85088092;Screwdrivers/thread.mach.with elec.motor, f/manual use
85088093;Hammers with incorp.electric motor, f/manual use
85088099;Ot.eletro-mechan.tools with electric motor, manual use
85123000;Oth.sound signalling equip. used in cycles/automobiles
85124010;Windscreen wipers for automobiles
85124020;Defrosters and demisters, used automobiles
85124090;Defrosters and demisters for automobiles
85129000;Parts of electr.lighting/signalling equipm.f/autom.etc.
85131010;Hand lamps
84483390;Spindles, flyers and rings, f/mach.material textile prod.
84483911;Parts and access.of intermittent spinning frames
84463010;Looms f/fabric of w>30cm, without shuttl., air jet
84463020;Looms f/fabric of w>30cm, without shuttl., water jet
84463030;Looms f/fabric of w>30cm, without shuttl., projectile
84223030;Machinery to gasify drinks
84224010;Machinery horiz.f/packing of long nutritious masses, etc
84224020;Automatic machinary f/packing tube/metal bar, etc
96089981;Porous-tipped pens and markers
96089989;Other parts of pens,propelling or sliding pencils,etc.
96089990;Duplicating stylos,pencil-holders and similar articles
96091000;Pencils
96092000;Crayons for pencil/mechanical pencils
96099000;Pastels,draw.charc.writing/drawing chalks and tailors'
84261900;Other porches and bridge-cranes
84262000;Tower cranes
84263000;Portal or pedestal jib cranes
84264100;Self-propelled machinery, on tyre
84151019;Oth.air-condition. mach.cap<=30000 cal/h, f/window
84151090;Other air-conditioning machines, f/window, etc
84152010;Air-condition.mach., c<=30000 cal/h, f/motor vehicles
84152090;Other air-conditioning machines, f/motor vehicles
84158110;Ot.air-condition.mac.incor.refr.val.f/rever.<=30000 c/h
84158190;Oth.air-condit.mach.incor.refr.val.f/rever.heat cycle
84199010;Parts of instantaneous water heaters, non-eletric, etc.
84199020;Parts of distilling or of rectifying columns
84199031;Corrug.plate, of stainless steel/alumin.heat-excha>0.4m2
84199039;Other plates of heat exchange units
84199040;Other parts of machinery for making hot drinks, etc.
84199090;Oth.parts of machinery/disposit.f/treatm.modif.temperat
84201010;Calendering/other rolling machines, for paper or paperb.
84201011;Calendering, for paper or paperboard
84201019;Other calendering
84201021;Rolling machines f/paper or paperboard
84201029;Other rolling machines
84264110;Machinery self-propelled, on tyre, cap>=60t
84264190;Other self-propelled machinery, on tyre
84264900;Other self-propelled machinery
84264910;Self-propelled machinery track-laying, lifting capacity.>=70t
84264990;Other self-propelled machinery
84269100;Machinery of designed for mounting on road vehicles
84269900;Ships' derricks and other cranes
84271011;Self-prop.fork-lift trucks, power.by electr.motor c>6.5t
84271019;Oth.fork-lift trucks self-propelled, of electric motor
84271090;Other vehic.f/movem.load, self-propelled, of electr.motor
84272010;Other self-propelled fork-lift trucks, c>6.5t
84272090;Oth.works trucks fitted handling equipm.self-propelled
84279000;Ot.fork-lift trucks fitted with lifting/handling equipm
73072200;Threaded elbows, bends and sleeves, f/pipes, stain.steel
73072300;Threaded elbows, bends and sleeves, f/pipes, stain.steel
73072900;Other tube or pipe fittings, of stainless steel
73079100;Other flanges f/pipes, cast iron/iron or steel
84073410;Combust.engines, f/vehic.of c.87, exc.1000cm3, single cyl.
84073490;Oth.combust.engines, f/vehic.of c.87, exc.1000cm3
84079000;Other combustion engines
84081010;"Diesel engines/semi-diesel, f/embarkat., type ""outboard"""
81029200;Oth.bars/profiles/plastes/strips/sheets, of molybdenum
81029300;Molybdenum wires
81029400;Unwrought molybdenum, bars obtained by sintering
81029500;Bars/profiles/plastes/strips/sheets, etc.of molybdenum
81029600;Molybdenum wires
81029700;Molybdenum waste and scrap
81029900;Other articles of molybdenum
84129080;Parts of hydraulic/pneumatic power motors, +++++movement
84129090;Parts of other engines and motors
84131100;Pumps f/dispensing fuel/lubric.in filling-stations, etc
84131900;Pumps f/liquids with a measuring device/made f/sustain
84132000;Hand pumps for liquids
84133010;Pumps for gasoline/alcohol, for combustion engine
84133020;Fuel injectors for diesel/semidiesel engine
84133030;Pumps for lubric.oil, f/combustion engine diesel/semidie
84419000;Parts of machinery f/making paper pulp, paper, etc.
84421000;Machinery for phototype-setting f/process photogr.
84422000;Other mach./appl. for composing phototype-setting
75011000;Nickel mattes
75012000;Nickel oxide sinters/interm.produc.of nickel metallurgy
75021010;Cathodes of nickel not alloyed, unwrought
75021090;Other unwrought of nickel, not alloyed
75022000;Nickel alloys, unwrought
75030000;Nickel waste and scrap
75040010;Powders and flakes, of nickel not alloyed
75040090;Other powders and flakes, of nickel
75051110;Bars of nickel not alloyed
75051121;Hollow profiles of nickel not alloyed
75051129;Other profiles of nickel not alloyed
75051210;Bars of nickel alloys
75051221;Hollow profiles of nickel alloyed
83059000;Springs for papers, oth.objects of office, of base metals
83061000;Bells, gongs, etc.of base metals, non-electric
83062100;Statuettes/oth.obj.of ornamentation, silv/gold/platin
83062900;Oth.statuettes/oth.obj.of ornament.of base metals
83063000;Frames f/photograph, picture, mirrors, of base metals
84342090;Other dairy machineries
84349000;Parts of milking machines and dairy machinery
84351000;Machinery f/production of wine, cider, fruit juice, etc
84359000;Parts of machin.f/production of wine, cider, etc
84361000;Machinery for preparing animal feedingstuffs
84362100;Poultry incubators and brooders
84362900;Other machinery for aviculture
84368000;Other machinery for agricultural, horticultural, etc.
84186999;Ot.mater./machinery f/freezing furniture, and heat pumps
84189100;Furniture designed to receive refriger./freez.equipm.
84189900;Other parts of refrigerators, freezers, etc.
84191100;Instantaneous gas water heaters
84191910;Solar powered water heaters
84191990;Other instantaneous water heaters, n/electric, etc
84192000;Medical, surgical or laboratory sterilisers
84193100;Dryers for agricultural products
84193200;Dryers for wood, paper pulp, paper or paperboard
84193900;Other dryers
84194010;Machinery for distilling water
84194020;Machinery for distilling or rectifying alcohols, etc
84198999;Other machinery/dispositive f/treatm.mater.modif.temper
84629191;Other hydraulic pres.f/mould.met.powders by sintering
84629199;Oth.hydraulic pres.f/metals/metallic carbides
84629910;Other presses f/mould.met.powders by sintering
84629920;Oth.presses f/extrusion of metals/metallic carbides
84629990;Oth.presses f/working metals/metallic carbides
84631010;Drawbenches for tubes of metals/cermets
84631090;Drawbenches for tubes, profiles, wires of metals/cermets
84632010;Thread-rolling machines, f/metals mills, with num.contr
84632090;Other thread-rolling machines, f/metals mills, etc.
84632091;Oth.mach.tools of flat combs, cap>=160 threads/min.
84632099;Other thread-rolling machines, f/metals mills, etc.
84633000;Machines for working wire threads of metal
84639010;Oth.mach.f/working metals, without rem.mat.with num.com
84639090;Ot.mach.tools f/working metals, without rem.material
84641000;Mach.tools f/sawing stones, ceramics, concrete, etc
73044110;Tubos capilares diametro ext <= 3mm e diam int <= 0,2mm
73044190;Outros tubos capilares estirados/laminados a frio
73044900;Oth.pipes of stainless steel, seamles.circ.cross-section
73045110;Pipes ot.alloy steel, seam.circ.cr.sec.cold-rol.d<=229mm
73045111;Tubos capilares diametro ext <= 3mm e diam int <= 0,2mm
73045119;Outros tubos de diametro ext <= 229 mm
73045190;Oth.pipes oth.alloy steel, seam.circ.cross-sec.cold-rol.
73045910;Tubos de diâmetro exterior inferior ou igual a 229 mm
73045911;Pipes ot.alloy steel, seamless, of circular cross-section.d<=229mm, c>=0,98%
73045919;Other pipes of other alloy steel, seamless, of circular cross-section.d<=229mm
73045990;Oth.pipes oth.alloy steel, seamless, circul.cross-section
76042919;Other bars of aluminium alloyed
76042920;Other profiles aluminium alloyed
76051110;Alumin.wire n/alloyed, cros.sec.>7mm, res<=0.0283ohm.mm2
73090090;Oth.reservoirs, etc.iron/steel, c>300l, without ther.equip
76169100;Cloth, grill and netting, of aluminium wire
76169900;Other articles of aluminium
78011011;Refined lead, electrolytic, in ingots
78011019;Other unwrought of refined lead, electrolytic
78011090;Other unwrought of refined lead
84133090;Oth.pumps for fuels, etc.f/combustion engine diesel/semi
84134000;Concrete pumps
84135010;Reciprocat.posit.displacement pumps, 5hp<potency<=600hp
84135090;Other reciprocating positive displacement pumps
84136011;Rotary positive displac.pumps, flow<=300l/min.of gear
84136019;Other rotary pos.displac.pumps, flow<=300l/min
84136090;Other rotary positive displacement pumps
84137010;Submersible electric pumps
84137080;Other centrifugal pumps, flow<=300 liters/minutes
84137090;Other centrifugal pumps
84138100;Other pumps for liquids
84295210;Diggers with a 360° revolving superstructure c>=19m3
84295211;Diggers capacity load>=19m3, flywheel power>=650hp
84295212;Diggers capacity load>=19m3, flywheel power<=54hp
84295219;Other diggers with capacity load>=19m3
84295220;Motive infrastructure, f/receiv.perfor.compact.excavat.
84295290;Oth.diggers mach.etc.with a 360° revolv.superstruture
84295900;Other bulldozers, excavators, loaders, etc
90219099;Parts and acces.of articles/appar.f/compens.deficiency
90221200;Tomography apparatus, program controlled
90221311;Appar.of x-rays,f/panoramic photographs of the jaw
90221319;Other appar.of x-rays,f/dental diagnostic
90221390;Other apparatus of x-rays,f/dentistry
90221411;Apparatus of x-rays,of f/mammography diagnostic
90221412;Apparatus of x-rays,for diagnostic angiography
90221413;Diagnostic appararus,for measuring bone density,progr.
90221419;Other apparatus of x-rays,f/medical diagn.surgical,etc.
90221490;Other apparatus of x-rays,f/medical,surgical,veter.uses
90221910;X-ray spectrometers or spectrographs
96100000;Slates and boards,with writing/drawing surf.incl.framed
96110000;Date,sealing,numbering stamps,signets and the like
90328981;Automatic instruments and apparatus f/checking pressure
90328982;Autom.instruments and apparatus f/checking temperature
90328983;Autom.instruments and apparatus f/checking humidity
90328984;Autom.instruments and apparatus f/checking speed motors
90328989;Oth.autom.instrum.and apparatus f/great.checking n/elec
78019100;Lead with antimony as second predom.element, unwrought
73051900;Oth.pipes iron/steel, welded, etc.cir.cr.d>406mm, f/pipel
73052000;Pipes iron/steel, welded, etc.cir.cr.d>406mm, f/coat.well
73053100;Oth.pipes iron/steel, weld.circ.cross-section d>406mm
73053900;Oth.pipes iron/steel, weld.circ.cross-section d>406mm
73059000;Oth.pipes iron/steel, riveted, circ.cross-section d>406mm
73061000;Pipes iron/steel, weld/rivet/similar/pipeline/gas pipel.
73061100;Pipes iron/steel, of a kind used for oil or gas pipelines
73061900;Other pipes of a kind used for oil or gas pipelines
73062000;Pipes iron/steel, weld/rivet/similar/f/coat.weels, etc
76069100;Oth.plates and strips, of alluminium n/alloyed, th>0.2mm
76069200;Oth.plates and strips, of alluminium alloys, th>0.2mm
76071100;Foils/strips, of allum.without support, laminat.t<=0.2mm
76071110;Alumin.foils, without support, lam.t<=0.2mm, tenor silicon
76071190;Ot.foils/strips, of allum.without support, lamin.t<=0.2mm
84301000;Piledrivers and pile-extractors
84302000;Snowploughs and snow-blowers
84303110;Coal or rock cutters, self-propelled
84303190;Mach.f/perforat.of tunnels and galleries, self-propelled
84303910;Other coal or rock cutters
84303990;Oth.machines f/perforating of tunnels and galleries
84304110;Percussion type cutters, self-propelled
84304120;Rotary drilling machinery, self-propelled
84304130;Rotary boring machinery, self-propelled
73239300;Other household articles, of stainless steel, and parts
30049091;Medicament containing pollen extract, in doses
30049092;Medicament containing disophenol/chyrsarobin, etc.doses
30049093;Medicament containing diclofenac resinate, doses
30049094;Medicament containing silymarin, doses
30049095;Medicament cont.propofol, busulfan, mitotane, doses
30049096;Iron dextran complex
30049099;Oth.medicament cont.prod.for therapeutic uses, etc.doses
30051010;Adhesive dressings impregnated/coated pharmaceut.subst.
30051011;Adhesive dressings c/nitroglycerine, fortransdermal adm.
30051012;Adhesive dressings c/oestradiol, fortransdermal adminis.
30051019;Oth.adhesive dressings, impregnated, pharmaceut.etc.subst
30051020;Surgical dressings allowing direct observ.of the wound
30051030;Impermeable dressing for mucous membranes
34049014;Artificial waxes of alkyl ketene dimer, etc.in granules
34049019;Other artificial waxes
34049021;Prep.waxe with a basis of vaseline and lanolon alcohols
34049029;Other prepared waxes
34051000;Polishes, creams and similar prep.forfootwear or leather
34052000;Polishes, creams prep.for mainten.wooden furniture, etc.
34053000;Preparations forcoachwork, other than metal polishes, etc
34054000;Scouring pastes/powders and other scouring preparation
34059000;Other preparations forcoachwork in glass, metal, etc.
34060000;Candles, tapers and the like
34070010;Modelling pastes
34070020;Dental wax
34070090;Oth.preparat.foruse in dentistry, with a basis of plaster
35011000;Casein
35019011;Caseinate of sodium
35019019;Other caseinates and other casein derivatives
35019020;Casein glues
35021100;Dried egg albumins
35021900;Other egg albumins
35022000;Milk albumin, includ.concent.>=2 proteins of serum milk
35029000;Other albumins, albuminates and oth.deriv.of albumins
38089429;Other desinfectants presented in another way
38089910;Other rodenticides or similars, packed for household use
38089911;Other rodenticides, containing methyl bromide, for household uso
38089919;Other rodenticides or similars, packed for household use
84771019;Ot.moulding mach.f/rubber/plastic f/hor.inj.num.contr.
84771021;Oth.moulding mach.f/inj<=5kg, horizontal, mono-color
84771029;Oth.moulding machines f/rubber/plastic f/horiz.inject.
84771091;Oth.moulding machines f/rubber/plastic f/inj.num.cont.
84771099;Oth.moulding machines f/rubber/plastic f/injection
84772010;Extruders f/thermoplastics materials, screw diam.<=300mm
84772090;Other extruders for rubber or plastic
84773010;Blow-moul.mach.f/manuf.term-plastic c<=5l, prod<=1000u/h
84773090;Other blow-moulding machines f/rubber/plastic
84774000;Vaccum-moulding mach.f/rubber/plastic, thermoform.mach.
85099000;Parts of electromech.appar.with electric motor, domestic
85101000;Shavers, with electric motor
85102000;Hair clippers, with electric motor
85103000;Hair-removing appliances, with electric motor
85109011;Laminates of shavers, with electric motor
85109019;Other parts of shavers, with electric motor
85109020;Combs and blades for shearing machines
74101200;Sheets/strips, of copper alloy, n/backed, t<=0.15mm
74102110;Sheet of refined copper, back.f/circuit print.t<=0.15mm
74102120;Sheet of refin.copper, polyes.back.etc.0.012<et<=0.15mm
74102130;Sheets of copper, backed, for printed circuits
74102190;Other sheets/strip, of refined copper, backed, t<=0.15mm
74102200;Sheets/strip, of copper alloy, backed, t<=0.15mm
74111010;Tubes of refined copper, not finned or grooved
74111090;Other tubes of refined copper
74112110;Tubes of copper-zinc alloys, not finned or grooved
74112190;Other tubes of copper-zinc alloys
74112210;Tubes of copper-nickel alloys, etc.not finned or grooved
82119500;Handles of base metal for knives of base metals
82121010;Razors, of base metals
82121020;Razor blades, non electric
84151011;"Air-condit.mac.""split system"", c<=30000 cal/h, f/window"
96132000;Pocket lighters, gas fuelled, refillable
96133000;Table lighters
96138000;Other lighters
96139000;Parts of cigarette lighters and other lighters
96140000;Pipes, cigarette holders and their parts
96142000;Pipes and pipe bowls
96149000;Cigarette-holders (mouthpieces) and parts thereof
96151100;Combs and hair-slides,of hard rubber/plastics
96151900;Other combs and hair-slides,of other materials
96159000;Hairpins, tweezers and other articles for hairdos
96161000;Scent sprays and sim.toilet spr.mounts and heads ther.
96162000;Powder-puffs and pads/oth.comestics/toilet preparations
96170010;Vacuum flasks/other vacuum vessels,complete with cases
91019100;Pocket-watches,and oth.prec.metal case,etc.elec.oper.
78019900;Other unwrought lead
78020000;Lead waste and scrap
78030000;Lead bars, rods, profiles and wire
78041100;Sheets, strip of lead, of a thickness<=0.2mm
78041900;Plates, and other sheets and strip, of lead
78042000;Leads powders and flakes
78050000;Lead tubes and its accessories
78060000;Other articles of lead
84433930;Photocopy appliance by optical system
84433990;Other inkjet printing machinery
84434010;Gravure printing machinery, rotary
84434090;Other gravure printing machinery
84435100;Inkjet printing machines
84435910;Screen printing machines
84435990;Other printing machinery
84436010;Machines for uses ancillary to printing, folding
84436020;Mach.f/uses ancillary to printing, autom.page numbering
84436090;Other machines for uses ancillary to printing
84439010;Parts of offset printing machinery, sheets fed<=22x36cm
84439090;Parts of printing machinery, incl.auxiliary
84595900;Milling machines, f/metals, knee-type, without num.contr.
84596100;Milling mach., f/metals, without knee-type, with num.cont.
84596900;Milling mac.f/metals without knee-type, without num.con.
84597000;Other threading or tapping machines, metals
84601100;Grinding mach.surface glides of metals, with num.control
84601900;Other grinding machines surface glides of metals, etc.
84440010;Machines f/extruding material textile synthetic/artific
84440020;Machines f/cutting/rupture of textile fibres synt/artif
84440090;Oth.machines f/drawing, etc.material textile synt/artif
84451110;Carding for wool
84451120;Carding for preparing of textile fibres vegetables
84451190;Carding for preparing of other textile materials
84451200;Combing machines of textile materials
84451300;Drawing or roving machines of textile materials
84451310;Drawing or roving machines for wool
84615090;Other sawing or cutting-off machines f/metals
84619010;Ot.machin.tools operate f/elimin.met.etc.with num.cont
84619090;Ot.machin.tools operate f/elimination of metal, etc.
84621011;Die-stamping machines f/metals, with num.controlled
84621019;Forging mach.toolsf/metals, hammers, etc.with num.contr
84621090;Oth.mach.tools f/forging/die-stamp.metals, hammers, etc.
84622100;Rolling, arching, etc.mach.tools f/metals, with num.contr
84622900;Other rolling, arching, etc.machines-tools f/metals
83071000;Flexible tubing of iron or steel, including fittings
83071010;Flexib.tubingof steel, f/submarine explor.of petrol./gas
83071090;Other flexible tubing of iron or steel
83079000;Other flexible tubing of other base metal
83081000;Clasps/brackets/eyelets, of base metals, f/clothing, etc
83082000;Tubular or bifurcated rivets, of base metals
83089010;Buckles of base metals
83089020;Beads and spangles, of base common
83089090;Oth.clasps, etc.of base metals, f/clothing, footwear, etc
83091000;Crown corks, of base metals, for packing
83099000;Stoppers, oth.covers and acces.f/packing, of base metals
83100000;Sign-plates, name-plates, etc.of base metals, non-eletric
84213930;Oxygen concentrators for purifying air, c<=6l/min
61031100;Men's or boys' suits of wool or fine animal hair
61031200;Men's or boys' suits of synthetic fibres
61031900;Men's or boys' suits of other textile materials
61032100;Ensembles of mesh of wool/fine anim.hair, masculine uses
61032200;Ensembles of cotton mesh, masculine uses
61032300;Ensembles of mesh of synthet/artif fibres, masculne uses
61032900;Ensembles of mesh of oth.textile materials, mascul.uses
61032910;Ensembles of mesh of wool/fine anim.hair, masculine uses
61032990;Ensembles of mesh of oth.textile materials, mascul.uses
61033100;Jacket (coats) of wool or fine animal hair
61033200;Jacket (coats) of cotton mesh
84799090;Oth.parts of machines and mechan.appl.with own foundry
84801000;Moulding boxes for metal foundry
84802000;Mould bases
84803000;Moulding patterns
84804100;Molds f/ molding of metals, etc.by injection/compression
84804910;Moulds for metal/metal carbides
84804990;Other moulds for metal/metal carbides
84805000;Moulds for glass
84806000;Moulds for mineral materials
52082100;Fabric of cotton>=85%, bleach.point taff.w<=100g/m2
52082200;Fabric of cotton>=85%, bleach.point taff.100<w<=200g/m2
52082300;Fabric of cotton>=85%, bleach.poin twill, w<=200g/m2
52082900;Other fabrics of cotton>=85%, bleac., w<=200g/m2
52083100;Fabric of cotton>=85%, dyed, point taff.w<=100g/m2
52083200;Fabric of cotton>=85%, dyed, point taff.100<w<=200g/m2
54081000;Fabric obtain.from high tenacity yarn, of viscose rayon
84714953;System of unit of video exit, cathode-ray tube monochr.
84714954;System of unit of video exit, cathod.ray tube poli-chr.
84714955;System of other unit of video for exit, monochrome
84714956;System of other unit of video for exit, poli-chrome
84714957;System of terminals of bank self-service
84714958;System of printer code postal bars, 3 in 5, etc
84714959;System of other units of input/output, incl.storag.units
84714961;System of unit of memory, f/flexible magnetic disk
84714962;System of unit of memory, f/hard magnetic disk, etc.
84714963;System of other units of magnetic disks
84714964;Optical system of disk drive
84714965;System of unit of magnetic ribbons, f/ribbons in rolls
84714966;System of unit of magnetic ribbons, f/cartridges
84714967;System of unit of magnetic ribbons, f/cassette
84714968;System of other units of magnetic ribbons
84714969;System of other storage units
84714971;System of controlling unit of terminals
84833010;Bear.hous.n/rol.bear.moun.plain shaft bear.of antif.met
84833020;Plain shaft bearings
84833021;Plain shaft bearings with internal diameter =>200mm
84833029;Other plain shaft bearings
84833090;Bearing housings, n/incorporat.ball or roller bearings
84834010;Transmission boxes, reducers, etc.of speed
84834090;Gears and wheels of friction, ball/roller screws
84835010;Pulleys exc.rollers bearings of tension regulators
84835090;Flywheels and other pulleys
71131900;Articles of jewellery, silver, of oth.precious metal, etc
71132000;Articles of jewellery, of base metal clad with prec.met.
71141100;Articl.of goldsmiths', silver, wheth.or n/clad prec.met
71141900;Articles of goldsmiths', of other precious metal, etc
71142000;Articles of goldsmiths', base metal clad precious metal
71151000;Catalysts in the form of wire cloth/grill, of platinum
71159000;Oth.articles of precious metal/met.clad/plated prec.met
71161000;Articles of natural or cultured pearls
71162010;Articles of sythetic diamonds
72262090;Other rolled of alloy of high-speed steel, w<600mm
72269100;Hot-rolled of other alloy steel, w<600mm
72269200;Cold-rolled of other alloy steel, w<600mm
72269300;Rolled of other alloy steel, w<600mm, electr.galvan.
72269400;Rolled of other alloy steel, w<600mm, otherw.galvan.
72269900;Other rolled of other alloy steel, w<600mm
72271000;Thread-machine of alloy of high-speed steel
72272000;Thread-machine of alloy of silico-manganese steel
85061030;Other electric piles, of manganese dioxide
85063010;Piles/electric batteries of mercuric oxide, vol<=300cm3
85063090;Other piles/electric batteries of mercuric oxide
85064010;Piles/electric batteries of silver oxide, vol<=300cm3
85064090;Other piles/electric batteries, of silver oxide
85065010;Piles/electric batteries of lithium, vol<=300cm3
85065090;Other piles/electric batteries of lithium
85066010;Piles/electric batteries air-zinc, vol<=300cm3
85066090;Other piles/electric batteries air-zinc
85068010;Other piles/electric batteries vol<=300cm3
85068090;Other piles/electric batteries
85069000;Parts of piles/batteries of piles, electric
85071000;Elect.accumulators of lead, for starting piston engines
85071010;Electric accumulators of lead, capacity <= 20ah and t <= 12v
85071090;Other electric accumulators, of lead
85072010;Other elect.accumulators, of lead, weig<=1000kg
85072090;Other electric accumulators, of lead
84411090;Other cuttings f/paper pulp, paper or paperboard
84412000;Machines f/making sacks or envelopes of paper, etc.
84413010;Machines of bending and necklace, f/making cartons
84413090;Machines f/making cartons, tubes, drums, of paper, etc.
84414000;Machines f/moulding articles in paper pulp/paper/paperb
84418000;Other machinery f/making paper pulp/paper/paperboard
74101111;Sheet of refined copper, n/back.t<=0.04mm, purity>=99.85%
74101112;Sheet of  copper, t<=0.04mm, electrical resistance <=0, 017241ohm.mm2/m
74101113;Other sheets of copper t<=0.04mm
84219110;Parts of clothes-dryers, centrifuges, cap.clothes<=6kg
84219191;Rotative drums with plates/disks, w>300kg
84219199;Other parts of centrifuges
84219910;Parts of machinary f/filtering or purifying gases
84219920;Mach.parts of a kind used as blood car.tube f/hemodial.
84219990;Machinery parts f/filtering or purifying liquid, etc.
84219991;Membrane cartridges for reverse osmosis machinery
84219999;Oth.machinery parts f/filtering or purifying liquid, etc
84659120;Machine-tools f/sawing wood, cork, etc.circular saws
84659190;Oth.machine-tools f/sawing wood, cork, bone, etc.
84659211;Milling of wood, cork, bone, etc.with numer.controlled
84659219;Mach.tools f/planing, etc.wood, etc.with num.controlled
84659290;Oth.machine-tools f/planing, etc.wood, cork, etc.
84659310;Sanding machines wood, cork, bone, hard rubber.etc
84742010;Machinery f/grinding, etc.subst. solid min., ball mills
84742090;Other machinery f/grinding, etc.substances solid min.
84743100;Cement mixers and apparatus for kneading cement
84743200;Machines for mixing mineral substances with bitumen
84743900;Oth.machinery f/mixing/kneading subst. solid mineral
84748010;Machinery f/production of molds of sand for foundry
84748090;Machin.f/agglomerating/molding solid mineral fuels, etc
84749000;Parts of machinery f/screening, etc.mineral substances
84751000;Machines f/assembling electric lamps, tubes, valves, etc.
84733043;Plates of micropr.with dispositive dissipation of heat
84733049;Oth.circuits printed for autom.data-processing appart.
85089000;Parts of electromech.tools with electric motor, manual
85091000;Vacuum cleaners, with electric motor, domestic use
85092000;Floor polishers, with electric motor, domestic use
85093000;Kitchen waste disposers, with electric motor, domestic
85094010;Blender of foods, with electric motor, domestic
85094020;Mixers of foods, with electric motor, domestic
85094030;Mincers, with electric motor, domestic use
85094040;Extractor centrif.of juices, with elect.motor, domest.
85094050;Multiple funct.appl., f/proces.food with electric motor
85094090;Other mixers, etc.f/food with electric motor, domestic
85098000;Oth.electromech.appl.with electric motor, domestic
85098010;Floor polishers, with electromec. motor, domestic use
85098090;Other electrom.appl.with eléctr. motor, household use
84463040;Gripper looms f/fabric of w>30cm, shuttless type
84463041;Looms f/towelling fabric w>30cm, shuttleless, gripper
84463042;Looms f/rug w>30cm, shuttleless, gripper
84463049;Oth.looms f/fabric, w>30cm, shuttleless type, gripper
84463090;Oth.looms f/fabric, w>30cm, shuttleless type
84471100;Circular looms, f/mesh, with cylinder, diameter<=165mm
84471200;Circular looms, f/mesh, with cylinder, diameter>165mm
84472010;Manual flat knitting machines for mesh
84472021;Flat knitting, motorized, f/production of warp mesh
84472029;Other flat knitting, motorized, for mesh
84472030;Stitch-bonding machines
84479010;Mach.f/making knotted netting/tulle/bobinot tulle
84659390;Oth.machine-tools f/grinding/polishing wood, cork, etc.
84659400;Machine-tools f/bending/assembling wood, cork, bone, etc.
84604091;Oth.honing f/cylinders of metals/cermets, d<=312mm
84604099;Other machine-tools f/honing metals/cermets
84609010;Ot.mach.tools f/sharp.etc.metals/cermets, with num.cont.
84719014;Scanners
84719019;Other readers or tape recorders, of data-processing
84719090;Other automatic data-processing machines, its units'
84721000;Hectograph or stencil duplicating machines, f/office
84722000;Addressing machines/address plate embossing machine
84723010;Automatic postage-stamp cancelling machine
84723020;Autom.machines f/sorting, optical post code reader, etc
84723030;Mach.f/select orders, optical post code reader, etc
84723090;Machines f/sorting, folding, opening, etc.correspondence
84729010;Automatic banknote dispensers, inc.makes oth.operations
84729021;Banking electronics mach.authen.commun.with comput., etc
84729029;Oth.banking electronics mach.with disp.f/authenticating
84729030;Machines f/sorting and f/counting coins or banknote
84433119;Other printers with capacity of printing <=45 ppm
84433191;Other printers with printing by thermal system
84433199;Other multifunction printers
84433211;Fax machines, with printing by thermal system
84433212;Fax machines, with printing by laser system
84433213;Fax machines, with inkjet printing
84433219;Other fax machines
84433221;Line impact printers
75051229;Other profiles of nickel alloyed
75052100;Wire of nickel not alloyed
75052200;Wire of nickel alloyed
75061000;Plates, strip and sheets, of nickel not alloyed
75062000;Plates, strip and sheets, of nickel alloyed
75071100;Tubes of nickel not alloyed
75071200;Tubes of nickel alloyed
75072000;Accessories for tubes of nickel
84238110;Weighing machin., of table, c<=30kg, regist.devices, etc
84238190;Other weighing machinery, cap<=30kg
73043920;Pip.iron/steel/n/al.seam.circ.cr.sec.n/coated, d<=229mm
73043990;Oth.pipes of iron/steel/n/alloy, seam.circ.cross-section
73044100;Pipes of stainless steel, seam.circ.cr.sec.cold-rol.
84483912;Parts/access.of mach.tow-to-yar f/spin.textile mater.
84483917;Parts and acces.of other spinning machines f/text. mat
84483919;Parts and acces.of machin.f/doubling/twisting text.mat.
84483921;Parts and accessories of weft-winding machines
84483922;Parts/acces.of automatic winding mach.f/elastom.yarns
84483923;Parts and access.of oth.automatic winding machines
84483929;Parts and access.of oth.reeling/spinning machines
84483991;Parts and accessory of warpers
84483992;Parts and access.of drawing-in or reeding machines
84483999;Parts/acces.of oth.mach.f/working textile material
84484100;Shuttles of looms, for fabric
84484200;Reeds f/looms, healds and heald-frames, of looms f/fabric
84484910;Parts and access.of auxiliary machinery for looms
84484920;Parts and access.of looms f/fabr.w>30cm, water-jet, etc.
84484990;Other parts and accessory of looms f/fabric
84678100;Chain saws, for working in the hand
84678900;Oth.tools f/work.hand, hydraulic eletr.motor/non-eletr
84679100;Parts of chain saws, f/working in the hand
84679200;Parts of pneumatic tools, f/working in the hand
76051190;Oth.wire of alumin.n/alloyed cross-sect.dim.>7mm
84679900;Parts of tools f/work.hand, hydra.eletr.motor/non-eletr
84681000;Hand-held blow pipes
84682000;Oth.gas-operated machin.and apparat., f/surface temper.
84688010;Machine-tools for friction welding
84688090;Machine-tools for welding
84689010;Parts of hand-held blow pipes
84689020;Pats of machine-tools for friction welding
84689090;Pats of oth.machinery f/welding, gas-operat.mach.appl.
84690010;Word-processing machines
84690021;Electronic typewriters, print. speed <=40 char./sec.
84690029;Other automatic typewriters
84690031;Stenotypes, non-electric w<=12kg
84690039;Other typewriters, non-electric
84691100;Word-processing machines
82077010;Face-milling tools, of base metals
82077020;Gear cutting hobs, of base metals
82077090;Other tools for milling, of base metals
82078000;Tools for turning, of base metals
82079000;Other interchangeable tools, of base metals
82081000;Knives/cutting blades of base metals, f/metal working
84798921;Basketware and wickerwork machinery
84798922;Brush-making machinery
84798931;Electric windshield wipers, for aircrafts
84798932;Hydraulic accumulators for aircrafts
84798940;Metal silos for cereals, fixed, including batteries, etc
84798991;Ultrasonic cleaning equipment
85131090;Other portable electric lamps, of piles, etc
85139000;Parts of portable electric lanterns, of piles, etc.
85141010;Resistance heated furnaces and ovens, industrial
85141090;Resistance heated furnaces and ovens, of laboratory
85142011;Ovens of induction, industrial
85142019;Ovens of induction, laboratory
85142020;Ovens of dielectric loss, industrial/of laboratory
85143011;Resistance ovens, industrial (direct heating)
85143019;Resistance ovens, of laboratory (direct heating)
85143021;Ovens of electric arc, industrial
85143029;Ovens of electric arc, of laboratory
85143090;Other industrial or laboratory electric furnaces/ovens
84233019;Other hopper scales
84233090;Constant weighting scales/scales f/disc.pred.weig.mat.
84659900;Other machine-tools f/working wood, cork, bone, etc.
84661000;Tool holders and self-opening dieheads
84662010;Work holders for lathes
84662090;Work holders for other machines and tools
84663000;Dividing heads/special attachments f/machines-tools
84669100;Parts and acces.mach.tools f/working stone, concrete, etc
84669200;Parts and acces.mach.tools f/working wood, bone, etc
84669311;Parts and acces.mach.tools f/oper.by ultrasound
84669319;Parts and acces.mach.tools f/oper.by lazer, etc.
84669320;Parts and acces.of machin.centers, etc.f/working metals
84768100;Autom.machin.of sale of food, with disp.heating/refrig.
84768910;Other automatic machines of sale of postal stamps
84768990;Other automatic machines of sale of other products
84769000;Parts of automatic machines of sale of products
84771011;Moulding mach.f/inj<=5kg, numer.control.mono-color
76051910;Ot.wires of alumin.n/alloyed elec.resist<=0.283 ohm.mm2
76051990;Other aluminium wires, not alloyed
76052110;Wires of alum.alloyed, cross-sec.d>7mm, re<=0.0328ohm.mm2
76052190;Other wires of alumin.alloyed, cross-sec.dim>7mm
76052910;Ot.wires of alumin.allowyed elect.resis.<=0.0328ohm.mm2
76052990;Other wires of aluminium alloys
76061100;Plastes/strips, of alumin.n/alloys t>0.2mm, square/rect
76061110;Plast.of alum.n/alloys t>0.2mm, squar.tenor silicon, etc
76061190;Ot.plastes/strips, alumin.n/alloys t>0.2mm, squar/rect
76061210;Plastes of alumin.alloys, 0.2<t<=0.3mm, w>=1468mm, polish.
76061220;Ot.plastes of alum.n/alloys t>0.2mm, squar.tenor silic.
76061290;Oth.plates and strips, of alluminium alloys, th>0.2mm
84042000;Condensers for steam machines
82122010;Safety razor blades, of safety, of base metals
82122020;Sketches blades, in strips, of base metals
82129000;Oth.parts of razors/razor blades, of base metals
82130000;Scissors and its blades, of base metals
84186990;Ot.mater./machinery f/freezing furniture, and heat pumps
84186991;Water coolers, with lithium bromide absorber
84382090;Machinery for the manufacture cocoa or chocolate
84383000;Machinery for sugar manufacture
84384000;Brewery machinery
84385000;Machinery for the preparation of meat
84386000;Machinery for the preparation of fruits/vegetables
84388010;Machin.f/extracting essential oils from citrus fruit
84388020;Mach.f/cutting off of heads, etc.fish, c>350unit
84388090;Oth.machinery f/industrial produc.of food, etc
84389000;Parts of machinery for production of foods, etc
84391010;Machin.f/treatment raw materials, f/cellulosic pulp
84391020;Classifying and purifying of cellulose pulp
84391030;Refiners f/production pulp of cellulosic material
84391090;Oth.machinery f/production pulp of cellulosic material
83026000;Automatic door closers of base metals
83030000;Reinforced safes, armored doors, etc.of base metals
74092900;Oth.plates and strips, of copper-zinc alloys, thin>0.15mm
74093100;Plates, strips, of copper-tin alloys th>0.15mm, in coils
74093111;Plates of bronze alloys, thickness > 0,15mm, in coils, coated with plastic
74093119;Other plates of bronze alloys, thickness > 0,15mm, in coils, coated with plastic
74093190;Other plates of bronze alloys, thickness > 0,15mm, in coils
74093900;Oth.plates and strips, of copper-tin alloys, thin>0.15mm
74094010;Plates, strips, copper-nickel alloys, etc.t>0.15mm, coils
74094090;Oth.plates, strips, of copper-nickel alloys, etc.t>0.15mm
74099000;Plates and strips, of other copper alloys, thin>0.15mm
74101110;Sheet of refined copper, n/back.t<=0.07mm, purity>=99.85%
82084000;Knives/cutting blades of base metals, f/agricultural, etc
82089000;Oth.knives/cut.blades of base metals, f/mach.appl.mechan
82090011;Plates/tabletes, interchangeable of cermets, f/tools
82090019;Oth.plates/tabletes, of cermets, unmounted for tools
82090090;Plastes, tips, etc.of cerments, unmouted, for tools
85109090;Parts of hair-removing appliances, with electric motor
85111000;Sparking plugs for motor explosion/diesel
85112010;Ignition magnetos for motor explosion/diesel
85112090;Magneto-dynamos/magnetic flywheels f/motor expl./dies.
82041200;Hand-operated spanners, adjustable, of base metals
82042000;Interchang.spanner sockets, incl.handles, of base metals
82051000;Drilling, threading or tapping tools, of base metals
82052000;Hammers and sledge hammers, manuals, of base metals
82053000;Planes, hand tools sim.cutt.tools, base metal, f/work.wood
82054000;Screwdrivers, manuals, of base metals
82055100;Other hand tools, of base metals, use domestic
82055900;Other hand tools, of base metals, not domestic uses
82056000;Blow-lamps, and similar of base metals
82057000;Vices,  clamps and the like, of base metals
82058000;Anvils, port.forges hand/pedal-oper.grid.wheel.framework
82059000;Sets of lathe, anvils, etc.hand/pedal, of base metals
82060000;Sets of saws, lime, etc.use manual, of base metals
82141000;Paper knives, letter openers, etc.its blades, base metals
82142000;Manicure/pedicure sets and instruments, base metals
82149010;Shearing machines and its parts, of base metals
82149090;Oth.articles of cutlery of base metals and its parts
82151000;Assortment spoon, etc.base metals, c>=1 silv/gold/platin.
82152000;Oth.assortment spoon, fork, ladle, etc.of base metals
82159100;Spoon, fork, ladle, etc.of base metals, silv/gold/platin
82159910;Spoons, forks, ladles, skimmers, etc.of stainless steel
82159990;Other spoons, forks, ladles, skimmers, etc.of base metals
83011000;Padlocks of base metals
81019600;Wires of tungsten
81019700;Tungsten waste and scrap
81019910;Tungsten articles, used f/production of eletric contacts
81019990;Other tungsten articles
81021000;Molybdenum powders
81029100;Unwrought molybdenum, incl.bars obt.by sinter.waste, etc
84369100;Parts of machinery for aviculture
84369900;Parts of machinery for agricultural, horticultural, etc.
84371000;Machines f/clean.sorting, etc.of grains, dried legum.veg.
84378010;Machinery for trituration or grinding of grains
84378090;Oth.machinery f/grinding industry, treatm.of cereals, etc
84379000;Parts of machines f/cleaning, sorting, etc.of grains
84381000;Bakery mach.and mach.f/manufact.of macaroni, etc
84382010;Machinery for the manufacture of confectionery
84382011;Machinery for production of chocolates, cap>=150 kg/h
84382019;Other machinery for the manufacture of confectionery
74032300;Copper-nickel base alloys/copper-nickel-zinc, unwrought
74032900;Other copper alloys, unwrought
74040000;Copper waste and scrap
74050000;Master alloys of copper
74061000;Copper powders, of non-lamellar structure
74062000;Copper powders and flakes, of non-lamellar structure
74071010;Bars of refined copper
74071021;Profiles hollow of refined copper
74071029;Other profiles of refined copper
74072110;Bars of copper-zinc base alloys (brass)
74072120;Profiles of copper-zinc base alloys (brass)
74072210;Bars of copper-nickel base alloys/copper-nickel-zinc
74072220;Profiles of copper-nickel base alloys/cop.-nickel-zinc
74072910;Other copper bars
74072921;Other profiles hollow of refined copper
74072929;Other profiles of copper
74081100;Refined copper wire, max.cross-sectional dimension>6mm
84324000;Manure spreaders/fertiliser distributors
84328000;Other machinery, etc.for soil preparation
84213200;Catalytic converters and particulate filters, whether or not combined, for cleaning or filtering the exhaust gases of spark-ignition or compression-ignition engines
84621900;Other hot working machines (including presses) for working metal by forging, hammering or die-stamping
84622300;Numerically controlled bending presses
84623900;Other slitting lines, cross cutting lines and other shearing machines (excluding presses) for flat products, other than combined punching and shearing machines, not classified in previous codes
84626100;Hydraulic presses for cold metalworking
84626200;Mechanical presses for cold metalworking
85258913;Other television cameras with a cmos-type semiconductor image sensor, of more than 490 x 580 active picture elements (pixels), sensitive to light intensities of less than 0.20 lux
85480010;Thermocouples used in thermoelectric gas devices
85480090;Parts of other electrical machinery and apparatus
87012100;Road tractors for semi-trailers, solely with compression-ignition internal combustion piston engine (diesel or semi-diesel)
93039090;Oth.firearms which oper.by firing of an expl.charge,etc
93039010;Oth. firearms launchers of a kind used with cartridges of 9306.21.10, 9306.21.20 or 9306.21.30
93062190;Other cartridges
95089012;Wagons with a capacity of 6 people or more
90219013;Interauricular occlusors consisting of a mesh of nickel and titanium threads filled with polyester fabric, even if presented with their respective catheter
29032990;Ot.derivatives chlor.n/satureted of cyclic hydrocarbons
29159049;Other salts and esters
30049015;"Medicament containing alpha-Agalsidase; alfavelaglycerase"
75052210;Nickel alloy wires based on nickeltitanium (nitinol)
75052290;Other nickel alloy wires
85359010;Switches with vacuum interrupters, without interruption of current circulation during switching, for a rated current equal to or greater than 100 A
85359090;Oth.appar.f/interruption, etc.of electric circuits t>1kv
85393111;Lamps, with built-in electronic ballast and E 14, E 27 or E 40 thread base containing more than 5 mg of mercury for each casing (tube)
85393119;Other discharge, fluorescent, hot cathode lamps/tubes
85393120;Other lamps
85411032;Other diodes mounted, fit for insert mounting (PHP -Pin Through Hole), with current intensity less than or equal to 3 A
95089022;Carousels, whether or not fitted with a lifting device, of a diameter of less than 16 m
82100010;Hand-operated mechanical mills, p<=10kg, f/foods, etc.
82100090;Oth.hand-operated mechanical appl., p<=10kg, f/foods, etc
82111000;Knives with cutting blades/serrated and blades, assorted
82119100;Table knives, having fixed blades, of base metals
82119210;Kitc.kniv./butcher's knives, hav.fixed blades, base met.
82119220;Hunting knives, having fixed blades, of base metals
82119290;Other knives having fixed blades, of base metals
82119310;Folding knives and parts thereof, of base metals
82119320;Penknives with one blades/other parts, of base metals
82119390;Other knives except fixed blades, of base metals
82119400;Blades for knives, of base metals
84431929;Oth.offset printing machinery, reels fed, sheets<=37x51cm
84431990;Other offset printing machinery
74181900;Other articles of copper, use domestic and its parts
74182000;Artic.of copper, of hygiene/pers.toilet and its parts
74191000;Chains, of copper, and its parts
74199100;Other articles of copper, cast, moulded, stamped or forged
74199900;Other articles of copper
82071300;Tools of perforat.basemetals, working parts of cerments
84159010;Internal evaporating air conditioning unit
84159020;External air conditioning unit,split, cap<= 30 frig/h
84159090;Other air conditioning units
84161000;Furnace burners for liquid fuel
84162010;Furnace burners for gas
84162090;Other furnace burners, including combination burners
84163000;Mechanical stokers, includ.their mechanical grates, etc.
84169000;Parts of burners, mechanical stokers, etc.
84171010;Industrial furnaces, non-electric for melting of metals
84171020;Industrial furnaces, n/electric f/heat-treatm.of metals
84171090;Ot.furnaces, n/electric f/roasting, etc.of ores/metals
84172000;Industrial furnaces, n/electr.of bakery, pastry shop, etc.
84178010;Industrial furnaces, non electric, for ceramic
84178020;Industrial furnaces, non electric, for glass-melting
84178090;Other industrial or laboratory furnaces, n/electric
84179000;Parts of industrial or laboratory furnaces, n/electric
85234920;Discs for uses other than reproducing sound and image
85234990;Other optical media
85235100;No-volatile data-storage based on semiconductors
85353018;Other swifts , except.contain. submerg. in liquid<=1600a
85353019;Ot.isol.swit./make-and-break sw.t>1kv, current<=1600a
85353021;Isol.swit./make-and-break sw.t>1kvcurrent>1600a, n/aut
85353022;Isol.swit./make-and-break sw.t>1kv, current>1600a, aut
85353023;Vacuum swifts without autom. activ. device >1600a
85353027;Other swifts with no autom. activ. device >1600a
85353028;Other swifts , except.contain. submerg. in liquid>1600a
85472000;Insulating fittings of plastics f/mach.appar.elect.inst
85472010;Stoppers f/capacitors,perfor.f/mount.electr.terminals
85472090;Oth.insul.fittings of plastics f/mach.appar.elect.inst
85479000;Oth.insulat.fittings of tubes f/mach.appar.elect.inst
85481010;Waste/scrap of electric accumulators of lead,etc.
85481090;Waste/scrap of primary cells/elec.primary batteries,etc
94013900;Swivel seats with variab.height adjustm.of oth.material
94014100;Seats convertible into beds, of wood
94019900;Parts for seats, of other materials
94039100;Parts for wooden furniture
94039900;Parts for furniture, of other materials
94044000;Bedspreads, quilts and similar articles
94051110;Surgical lights (lights without shade, of a kind used in medicine, surgery or dentistry)
15093000;Olive oil virgin
20029000;Other tomatoes prepared or preserved otherwise than by vinegar or acetic acid, other than whole or in pieces
28444310;Molybdenum 99 abs.in alumina, forobtain.of tecnecio 99
28444390;"Other radioactive elements and isotopes and compounds; alloys, dispersions (including cermets), ceramic products and mixtures containing these elements, isotopes or compounds, not classified under former codes"
85181010;Specific piezo-eletric for appar./equip.of telephony
85181090;Other microphones and their supports
84423000;Oth. mach./appl. for produc.of cliches, etc.
84423010;Machinery to compos. by photographic process
84423020;Machinery/appliances for composing phototype-setting
84423090;Other machinery/appliances/mat., didn´t metion before
84424010;Parts of machin.f/phototype-setting f/process photog.
28439030;Ácido hexacloroirídico em solução aquosa com uma concentração igual ou superior a 17 %, mas inferior ou igual a 27 %, em peso
87042340;Veículos de chassis articulado, p/ o transporte de troncos(forwarder), c/ grua incorporada, de potência máxima igual ou superior a 126 kW (170 HP)
39069049;Other acrylic polymers, in irreg.blocks, pieces, etc
90219082;Atrial septal defect cons.wire mesh made of nickel,etc
90219089;Oth.apparatus f/compensating deficiencies/illnesses
90219091;Parts/access.of pacemakers f/stimulating heart muscles
90219092;Parts and access.of hearing aids apparatus
38276300;Other mixtures containing other hydrofluorocarbons (HFCs), but not containing chlorofluorocarbons (CFCs) or hydrochlorofluorocarbons (HCFCs), other than those specified in the subheadings above, containing 40 % by weight or more of pentafluoroethane (HFC-125)
95082190;Other roller coasters
44072300;Wood sawn or chipped lengthwise, sliced or peeled, whether or not planed, sanded or end-jointed, of a thickness exceeding 6 mm, of teak
44201100;Statuettes and other ornaments, of tropical wood
57032100;Grass, of nylon or other polyamides
29036200;Ethylene dibromomethane (iso) 1, 2-dibromomethane
30024119;Other vaccines for human medicine, except in doses
84622600;Other numerically controlled bending, folding, straightening or flattening machines
84625100;Numerically controlled machines (excluding presses) for working tubes, hollow profiles, profiles and bars
30021400;Immunological products, mixed, not put up in measured doses or in forms or packings for retail sale
28444330;Iodine 131
30024250;Veterinary vaccines, against leptospirosis
84629000;"Other machine tools (including presses) for working metal by forging, hammering or die-stamping (excluding rolling mills) machine tools (including presses, slitting and cross-cutting lines) for working metal by bending, folding, straightening, flattening, shearing, punching, notching or notching (excluding bending stands); presses for working metal or metal carbides, not classified under previous codes"
84852000;Additive manufacturing machines, by plastic or rubber deposit
85143100;Electron Beam Furnaces
30025900;Other cell cultures, whether or not modified
85271900;Other radio-broadcast receivers capable of operating without an external source of power, not included under previous codes
85284930;Other monitors with cathode-ray tube, polychromatic, with scanning detection and H/V delay or pulse cross device
85414123;Laser diodes with wavelength 1300mm or 1500mm
84193300;Freeze-drying apparatus, cryodrying apparatus and spray-dryers
97019200;Other mosaics, executed entirely by hand
34023910;Sodium dibutylnaphthalenesulphonate(org.surf.act.agen.)
88062300;Unmanned aerial vehicles (aircraft), designed solely for remote control, with a maximum take-off weight exceeding 7 kg, but not exceeding 25 kg
85017210;Direct current photovoltaic generators, of an output exceeding 50 W but not exceeding 75 kW
85143200;Plasma and vacuum arc furnaces
38221100;Diagnostic reagents for malaria (malaria)
81099100;Other articles and other products of zirconium, containing less than one part of hafnium to 500 parts by weight of zirconium
84853000;Additive manufacturing machines for depositing plaster, cement, ceramic or glass
81124900;Articles and other products of rhenium
15163000;Fats and oils and their fractions, of microbial origin, partly or wholly hydrogenated, inter-esterified, re-esterified or elaidinised, whether or not refined, but not further prepared
39112000;Poly(1,3-phenylene methylphosphonate)
44124200;Other laminated micro-laminated wood (LVL) with at least one outer ply of non-coniferous wood
44212000;Wooden funerary urns (coffins)
97061000;Antiques of more than 250 years old
44141000;Picture, photograph, mirror or similar frames of tropical wood
90229099;Other parts and accessories of X-ray apparatus and of apparatus using alpha, beta, gamma or other ionizing radiations, other parts and accessories of line generator sets, operating tables, display screens, examination or treatment tables, chairs and similar supports not falling under previous codes
73239400;Other household articles, of iron/steel, enamelled, parts
73239900;Other household articles, of cast iron/iron/steel, parts
73241000;Sinks and lavatories, of stainless steel
73242100;Bathtubs of cast iron, whether/not enamelled
73242900;Other bathtubs of iron or steel
73249000;Oth.hygiene artic./personal toilet, of iron/steel, parts
73251000;Other moulded articles of non-malleable cast iron
81121100;Unwrought beryllium, including waste, scrap and powders
81121200;Unwrought beryllium, including in powders
81121300;Beryllium waste and scrap
81121900;Beryllium articles
81122010;Chromium in brute
90328990;Oth.autom.regulating/controlling instrum.and apparatus
90329010;Circuit printed mounted,f/autom.regulating appar.etc
90329091;Parts and accessories f/automatic thermostats
90329099;Parts and access.f/other autom.regulating apparatus,etc
90330000;Parts and acess.f/oth.optical mach.appar.instrumen.etc.
91011100;Wrist watches,prec.met.case electr.func.mechanic.display
91011200;Wrist watches,prec.met.case elec.func.opto-elect.display
91011900;Oth.wristwatches,prec.met.case,etc.electr.function
91012100;Wristwatches,prec.met.case,etc.automatic winding
91012900;Other wristwatches,prec.metal case,etc.
96121011;Plastics ribbons with.magnetiz.dye f/printing
96121012;Plastics ribbons,correctors f/typewriters
96121013;Other plastics ribbons,in cartridges f/typewriters
96121019;Other plastics ribbons
96121090;Other ribbons of other materials
96122000;Ink-pads
96131000;Pocket lighters, gas fuelled, non-refillable
76071910;Foils/strips, of allum.without support, etch.t<=110micr.
76071990;Oth.foils/strips, of allum.without support, th<=0.2mm
76072000;Foils/strips, of alluminium with support, th<=0.2mm
76081000;Aluminium tubes, not alloyed
76082000;Tubes of aluminium alloys
76082010;Tubes of aluminium alloys.seamless, cold-drawn, etc
76082090;Other tubes of aluminium alloys
76090000;Accessories for tubes of aluminum
76101000;Doors, windows, their frames, thresholds, etc.of aluminium
76109000;Constructions/other parts, plastes, bars, etc.of aluminium
76110000;Reservoirs, etc.of alumin.c>300l, n/fitted mechan/therm
84073110;Combust.engin., f/vehic.of ca.87, n/exc.50cm3, single cyl.
84073190;Oth.combustion engin.f/vehic.of c.87, n/exc.50cm3
84073200;Combustion engin.f/vehic.of c.87, ex>50cm3 n/exc<=250cm3
84073310;Combust.engin.f/vehic.of c.87, 250<cm3<=1000, single cyl.
84073390;Oth.combust.engines, f/vehic.of cap.87, 250<cm3<=1000
97019900;"Other pictures, paintings and designs, executed entirely by hand, other than drawings of heading 49.06 and other than hand-decorated manufactured articles; collages, mosaics and similar decorative plaques"
85285200;Other monitors capable of being connected directly to an automatic data-processing machine of heading 84.71 and designed for use with such a machine
85285900;Other monitors, not incorporating television reception apparatus, not classified under previous codes
30024121;Vaccines against flu, in doses
30024125;Vaccines against meningitis, in doses
30024129;Other vaccines for human medicine, in doses
88062200;Unmanned aerial vehicles (aircraft), of a maximum take-off weight exceeding 250 g, but not exceeding 7 kg
88071000;Propellers,rotors and parts thereof f/aircraft,etc.
88072000;Under-carriages and parts thereof f/aircraft,etc.
55011100;Synthetic filament tow of aramid
40022099;Other butadiene rubbers (BR)
40022091;Syndiotactic 1,2-polybutadiene rubber
39081026;Polyamide-6,6, without filler, in pieces, etc
90183925;Sterile polyurethane bladder probes, with hydrophilic coating, for intermittent use, packed with saline solution
3039110;Livers, roe and male gonads, roe of mullet (Mugil spp.)
44022000;Vegetable carbon, whether or not agglomerated, of shells or kernels
70196400;Mechanically bonded woven fabrics of glass fibers of closed knit yarns, plain weave, coated or laminated
95089023;Swings and rotating attractions
93062130;Other cartridges, with one or more elastomer projectiles
39233090;Other carboys, bottles, flasks, similar articles, of plastics
95089041;Bumper cars
85258014;TV cameras with CMOS-type semiconductor image sensor, with more than 490 x 580 active picture elements (pixels), sensitive to light intensities below 0.20 lux
54022090;Other high tenacity yarns, polyester, even textured
85219000;Other video recording or reproducing apparatus
85414018;Other solar cells not mounted
85258015;Other television cameras capable of capturing images exclusively in the infrared spectrum with a wavelength equal to or greater than 2 micrometers (microns), but not exceeding 14 micrometers (microns)
90251111;Clinical thermometers containing mercury
74082913;Other wires of copper-tin base alloys (bronze) phosphor
54022010;High tenacity yarns of polyesters, even textured, of copolymer of p-hydroxybenzoic acid and hydroxynaphthoic acid
2071210;Frozen fowls spec.gallus domest.n/cut in piece, with offal
2071220;Frozen fowls spec.gallus domest.n/cut in piece, without offal
30024111;Vaccines against flu, except in doses
55011900;Other synthetic filament tow, of nylon or other polyamides, not classified under the previous codes
88062100;Unmanned aerial vehicles (aircraft), designed solely for remote control, with a maximum take-off weight of not more than 250 g
38276200;Other mixtures containing other hydrofluorocarbons (HFCs), but not containing chlorofluorocarbons (CFCs) or hydrochlorofluorocarbons (HCFCs), other than those specified in the subheading above, containing 55 % by weight or more of pentafluoroethane (HFC-125), but not containing unsaturated fluorinated derivatives of acyclic hydrocarbons (HFOs)
89033100;Motor boats, other than inflatable, not fitted with outboard motor, of a length of not more than 7,5 m
29314800;3,9-Dióxido de 3,9-dimetil-2,4,8,10-tetraoxa-3,9-difosfaspiro[5.5]undecano
87045100;Other goods road transport vehicles, equipped for propulsion with both a spark-ignition internal combustion piston engine and an electric motor, of a maximum laden weight (gross) not exceeding 5 tons
88062400;Unmanned aerial vehicles (aircraft), designed solely for remote control, with a maximum take-off weight exceeding 25 kg, but not exceeding 150 kg
89032300;Sailboats, other than inflatable, whether or not with an auxiliary motor exceeding 24 m in length
34023990;Other anionic surface-active agents, whether or not put up for retail sale, not classified under previous codes
34024190;Other organic surface-active agents,  cationic
34024200;Organic surface-active agents , non-ionic
34024900;Other organic surface-active agents
34025000;Surface-active preparations, for washing and cleaning, put up for retail sale
38221300;Reagents fordetermination of the blood-grouping
38221920;Reagents for determining blood glucose, on strip base, for direct use
94053100;Lighting chains of a kind used for Christmas trees, designed for use solely with light-emitting diode (LED) light sources
94054100;Other electric, photovoltaic luminaires and lighting fittings, designed for use solely with light emitting diode (LED) light sources
94054200;Other electric luminaires and lighting fittings, other than photovoltaic, designed for use solely with light emitting diode (LED) light sources
94054900;Other electric lamps and lighting fittings, not classified under previous codes
94056900;Other illuminated signs, illuminated nameplates, illuminated nameplates and the like, not elsewhere classified in the previous codes
81124100;"Unwrought rhenium; waste and scrap; powders"
38221990;Other diagnostic or laboratory reagents on a backing and prepared diagnostic or laboratory reagents, whether or not on a backing, whether or not in the form of kits, not classified under previous codes
38229000;"Other diagnostic or laboratory reagents on a backing and prepared diagnostic or laboratory reagents, whether or not on a backing, whether or not in the form of kits, other than those of heading 30.06, not classified under previous codes; certified reference materials not classified under previous codes"
39072911;Polyoxyphenylene with fillers, in primary forms
94056100;Illuminated signs, illuminated nameplates and the like, designed for use solely with light-emitting diode (LED) light sources
29315999;Other halogenated organophosphorus derivatives, not elsewhere classified under previous codes
84149040;Parts of safety cabinets (chambers)
84213990;Other machinary for filtering or purifying gases
84733050;Cards of memory f/autom.data-processing apparatus
84733091;Screen for microcomputers portable, monochrome
84733092;Screen for microcomputers portable, poli-chrome
84733099;Cards of memory f/autom.data-processing apparatus
84194090;Other distilling or rectifying plant
84195010;Heat exchange units, plate type
84195021;Heat exchange units, tubular, metallic
84195022;Heat exchange units, tubular, of graphite
84195029;Other heat exchange units, tubular
84195090;Other heat exchange units
84196000;Machinery for liquefying air or other gases
84198110;Autoclaves for making hot drinks or for heating food
84399100;Parts of machin.f/product.pulp of cellulosic material
84399900;Parts of machin.f/produc./finishing paper or paperboard
84399910;Corrugat./pressing rollers, of mach.f/cor.pap.w>=2500 mm
84399990;Other parts of machin.f/produc./finish.paper/paperboard
84401011;Book-sewing machines, with automatic feed
84401019;Other book-sewing machines
84401020;Mach.f/prod.paperb.covers, gluing dev.prod.cap.>60un/min
84401090;Other book-binding machinery
84409000;Parts of book-binding machinery
84411010;Cutter-reelers f/paper, paperboard, etc.s>2000m/min
84602100;Ot.mach.tools f/gridin.metals, prec>=0.01mm, with num.com
84602900;Ot.mach.tools f/griding/cermets, precision>=0.01mm
84603100;Mach.tools f/sharpening/cermets, with num.controlled
84603900;Other machines-tools f/sharpening/cermets
84604011;Honning f/cylinders of metals, d<=312mm, with num.control
84461010;Looms f/fabric of width<=30cm, jacquard mech.
84461090;Other looms f/fabric of width<=30cm
84642021;Mach.tools f/polish.floor, wall tiles, slabs of ceramic
84642029;Oth.machines-tools f/grinding or polishing ceramic
84642090;Machines-tools f/grinding or polishing stone, etc
84649011;Ot.mach.tools f/mil.grind.metals, etc.glass, with num.com
84649019;Other machines tools for cold-working glass
84649090;Other machines-tools f/working tools, ceramics, etc.
84651000;Mach.tools f/working wood, etc.differ.oper.without tool
84659110;Machine-tools f/sawing wood, cork, etc.bandsaws
85258912;Other television cameras with a CCD-type semiconductor image sensor with more than 490 x 580 active picture elements (pixels), sensitive to light intensities of less than 0.20 lux 
85258919;Other television cameras
85258922;Other digital cameras and video cameras, capable of capturing images solely in the infrared spectrum of a wavelength equal to or larger than 2 micrometers (microns), but not exceeding 14 micrometers (microns)
85258929;Other digital still cameras and video cameras
85284200;Cathode ray tube monitors capable of direct connection to an automatic data processing machine of heading 84.71 and designed for use with such a machine
38248290;Other goods containing polybromobiphenyls (PBB), polychloroterphenyls (PCT) or polychlorobiphenyls (PCBs)
44188300;I-beams, of wood
84621100;Closed die forging machines 
39072100;Bis(polyoxyethylene) methylphosphonate
29394520;Methamphetamine and its salts
15132911;"
Other palm (palm kernel) (coconote) coconut mbocaya (Acrocomia totai) oils"
29315911;Chlodronic acid and its disodium salt
44124100;Glued laminated (micro-laminated) timber (LVL), with at least one outer ply of tropical wood
85176231;Commut.auto.centr. of pack. trunk speed>72kbits/s
85176232;Other commut. aut. centr. for packages
85176233;Automatics central of trunk system
85176239;Other commut. appar./equip. for teleph./telegraph.
85176241;Digital routers with capac.by wireless connection
85176248;Digital routers with serial interface speed 4mbits/sec
85176249;Other digital routers
85176251;Equip.of term./ repeat. in metalic lines
85176252;Equip. of term./repeat.optic fiber with speed>2,5gbits/s
85284120;Output unit for video, with policr. crt (cathode ray tube)
84462100;Looms f/fabric of w>30cm, shuttleless type, engine
84462900;Other looms f/fabric of w>30cm, shuttleless type
84451390;Drawing or roving machines for other textile materials
84451910;Machines for preparing silk
84451921;Mach.f/recovery of strings, etc.tranform.fibr.f/carding
84451922;Machines for separating cotton fibres from the seeds
84451923;Machines f/degreasing, wash.etc.textile fibres mass
84451924;Wool fibre working machines
84451925;Fibre working machines of oth.fibres textile vegetables
84451926;Wool carbonizing machines
84451927;Wool drawing machines
84451929;Other machines for preparing of material textile
84452000;Textile spinning machine
84452010;Intermittent frames for textile spinning
84452020;"Machines of kind ""tow-to-yarn"" f/textile spinning"
84452030;Machines jet of air for textile spinning
84452040;Automatic reeling mach.f/textile spinning
84452070;Other wool spinning machines
84452080;Other spinning machines f/fibres textile vegetables
84452090;Other textile spinning machines
84453010;Twisting machines of textile material
84604019;Machine-tools f/honing metals/cermets, with num.control.
84221100;Dishwashing machines, of the household type
84221900;Other dishwashing machines
84222000;Machinery f/cleaning/drying bottles/oth.containers
84223010;Machinery f/filling/closing/sealing, etc.bottles
84223021;Machinery f/filling boxes/bags with powder/granules
84223022;"Machinery for  filling, closing packing ""tetra pack"""
84223023;Machinery for filling, closing tubes, cap>=100 unit/min
84432100;Printing machinery, typographic, reel fed
84432900;Other printing machinery, typographic
84433000;Flexographic printing machinery
84433100;Fax transm. print. machinery, conect by process.
84433111;Inkjet printer widht<=420mm
84433112;Thermal transfer printer (solid wax)
84433113;Laser printer, led or lcs monocrom, width<=280mm
84433114;Laser printer, led or lcs monocrom, width >280mm and <=420mm
84433115;Laser printer, led or lcs policromatic
84433116;Other printers with widht of printing >420mm
85017290;Other direct current photovoltaic generators, of an output exceeding 50 W, not falling under previous codes
29394510;Levomethine and its salts
44013200;Wood Briquettes 
38249984;"Prepared binders for foundry molds or cores; chemical products and preparations of the chemical or allied industries containing decabromodiphenyl ethers"
89033200;Motor boats, other than inflatable, not fitted with outboard motor, of a length of more than 7.5 m but not exceeding 24 m
36031000;Safety fuses
44124900;Other laminated (micro-rolled) glued-laminated timber (LVL), with both outer layers of coniferous wood
28444100;"Tritium and its compounds; alloys, dispersions (including cermets), ceramic products and mixtures containing tritium or its compounds"
85491300;Waste and scrap of primary cells, primary batteries and electric accumulators, sorted by chemical component type and not containing lead, cadmium or mercury
30025100;Cell therapy products
38273210;Prepared based on chlorodifluoromethane/chlorotetrafluoroethane
39072920;Poly(tetramethylene ether glycol), in primary forms
39072931;Poly(ethylene glycol) 400, in primary forms
39072939;Other polyether polyols, in primary forms
95089019;Other roller coasters
82071910;Tools of perforation drill bits
82071990;Ot.tools of perforat., etc.of base metals, incl.parts
62012000;Men's or boys' overcoats, car coats, capes, cloaks, anoraks, windcheaters, wind-jackets and similar articles, of wool or fine animal hair, other than those of heading 62.03
62013000;Men's or boys' overcoats, car coats, capes, cloaks, anoraks, windcheaters, wind-jackets and similar articles, of cotton, other than those of heading 62.03
62014000;Men's or boys' overcoats, car coats, capes, cloaks, anoraks, windcheaters, wind-jackets and similar articles of man-made textile fibers, other than those of heading 62.03
62019000;Men's or boys' overcoats, car-coats, capes, cloaks, anoraks, wind-cheaters, wind-jackets and similar articles of other textile materials, other than those of heading 62.03
84659511;Machine-tools f/drilling wood, cork, etc.with num.contr.
84659512;Machine-tools f/morticing wood, cork, etc.with num.contr
84659591;Other machine-tools f/drilling wood, cork, bone, etc.
84659592;Other machine-tools f/morticing wood, cork, bone, etc.
84659600;Machine-tools f/splitting/slicing/paring wood, etc.
84691210;Automatic typewriters, electric s<=40characters/s
84793000;Presses f/making panel of particles, wood fibres, etc.
84794000;Rope or cable-making machines
84795000;Industrial robots
84796000;Apparatus of evaporation for cooling of the air
84797100;Boarding bridges for passengers, airport use
84797900;Other boarding bridges
84798100;Machines and apparatus for treating metal
84798110;Tension differentiators f/instal.of galvaniz.treatm.
84798190;Oth.machines and mechanical appliances f/treating metal
84798210;Other mixers
84798290;Oth.machinery f/kneading, crushing, grinding, separat.etc
84798911;Other presses
84798912;Other machines f/measuring/dispensing solids/liquids
84729040;Pencil-sharpening machines, perforating, stapling, etc.
84729051;Classifying autom.of doc.with reader/record.c>400 p/min
85043191;Electrical transform.pot<=1kva, horiz.sweept >18kv, etc
85043192;Fi electrical transform.pot<=1kva, detect.focusing, etc
85043199;Other electrical transformers potency <= 1 kva
85043211;Electrical transform.1kva<pot<=3kva, f/freq<=60hz
85043219;Other electrical transformers 1kva<pot<=3kva
85043221;Electrical transformers 3kva<pot<=16kva, f/freq<=60hz
85043229;Other electrical transformers 3kva<pot<=16kva
84224030;Machinary f/packing paper/paperboard, cap>=5000/h
84224090;Other machinery f/packing or wrapping goods
84229010;Parts of dishwashing machines, domestic type
84229090;Machinery parts f/cleaning/drying/filling/closing, etc.
84231000;Person.weig.machines, incl.baby scales, household sclales
84232000;Scales for continuous weighing of goods on conveyors
84233011;Functinoal units consist.of scales peripheral equipment
74192000;Other articles of copper cast, molded, stamped or forged, but not otherwise worked
74198010;Copper Wire Cloth
74198020;"Grill, netting and fencing, of copper wire; expanded metal"
74198030;Copper springs
74198090;Other copper articles not classified under previous codes
39011020;Polyethylene having a specific gravity of less than 0.94, with load 
39011030;Polyethylene with a density of less than 0.94, unfilled
39072912;Polyoxyphenylene without fillers, in primary forms
85061019;Other electric piles, of manganese dioxide, alkaline
85061031;Electric batteries, of manganese dioxide, alkaline, with a voltage of 9V
85061032;Electric batteries, of manganese dioxide, alkaline, with a voltage of 12V
85061039;Other electric batteries, of manganese dioxide
85075090;Other electric accumulator nickel-hydride metallic
85235210;Proximity cards and proximity tags
85411039;Other diodes mounted, fit for insert mounting (PHP -Pin Through Hole)
85075020;Electric accumulator nickel-hydride metallic with a voltage equal to 1.2V, cylindrical type HR03 (AAA)
94052900;Other electric table, desk, bedside or floor-standing lamps, not falling under previous codes
85393913;Fluorescent tubes with cold cathode or external electrode, for electronic screens, with a length greater than 1,500 mm and containing more than 13 mg of mercury
29314990;Other organo-inorganic compounds derived from non-halogenated organophosphorus, not classified under previous codes
29315912;Etefon
44201900;Other statuettes and other ornaments, not classified in previous codes
49052000;Cartographic work, printed in books or brochures
49059000;Maps and hydrographic or cartographical works of all kinds, including wall maps, topographical plans and globes, printed, other than in book or brochure form
57032900;Other carpets and other textile floor coverings, of nylon or other polyamides, tufted, whether or not made up
57033100;Synthetic or artificial grass, other than of nylon or other polyamides
84049010;Parts of auxiliary plant for vapour boilers, etc
84049090;Parts of auxiliary plant for central heating boilers
74101119;Sheet of refined copper, n/back.t<=0.04mm, purity>=99.85%
74101190;Other sheets/strips, of refined copper, n/back., t<=0.15mm
82082000;Knives/cutting blades of base metals, f/wood working
82083000;Knives/cut.blades of base metals, f/kitchen applian.etc
84181000;Refrigerators combin.with freezers, sepap.external doors
84182100;Refrigerators of compression, household type
84182200;Refrigerators of absorption, electrical, household type
84182900;Other refrigerators of household type
84183000;Freezers of the chest type, capacity<=800l
84184000;Freezers of the upright type, capacity<=900l
84185010;Other freezers
84185090;Ot.refrigerating, cabinets, display coun.etc.f/freez.furn
84186100;Ot.mat.,mach.,appl.prod.cold,pump of heat
84186110;Equipments f/cooling/air-condition.cap<=30000 c/h
84186190;Oth.groups of compres.condenser/heat exchangers
84186910;Ice making machines, not of household type
84186920;Milk coolers
84186931;Cold water or fruit juice fountains
84186932;Aerated beverage fountains
84186940;Equip. for cooling/air-cond.cap<=30000 c/h
85144000;Oth.equip.heat treatm.mater.induction/dielectric loss
85149000;Parts of industrial/laborat.electric furnaces/ovens, etc
85151100;Iron and pistols for soldering strong or weak
85151900;Oth.machin.and apparatus f/welding strong or weak
85152100;Machin.and appar.f/welding metals, of resistance, autom.
82033000;Metal cutting shears, similar hand tools, of base metals
82034000;Pipe-cutters, similar hand tools, of base metals
82041100;Hand-operated spanners, non-adjustable, of base metals
84392000;Machinery f/production of paper/paperboard
84393010;Reeler-tensioners f/finishing paper or paperboard
84393020;Impregnating machines for paper or paperboard
84393030;Machinery for making corrugated paper or paperboard
84393090;Other machinery for finishing paper or paperboard
74082919;Other wires of copper-tin base alloys (bronze)
74082990;Other wires of copper alloys
74091100;Plates, strips, of refined copper thickn>0.15mm, in coils
74091900;Other plates, strips, of refined copper thickn>0.15mm
74092100;Plates, strips, of copper-zinc alloys th>0.15mm, in coils
89011000;Cruise ships, excursion boats, ferry-boats,etc
89012000;Tankers ships
89013000;Refrigerated vessels, excluding tankers
89019000;Oth.vessels f/the transp.of goods or persons/goods
89020010;Fishing vessels,factory ships,etc.length>=35m
89020090;Other fishing vessels,factory ships,etc.
89031000;Inflatable boats
89039100;Sailboats,with or without auxiliary motor
85179010;Printed circuits mounted f/telephonic, etc.
85179091;Laser printing mechanisms, etc.f/facsimile apparatus
85179092;Furniture and framew.f/telephonic/telegraphic apparatus
85179093;Registrars/selectors f/central automatic phone, etc.
85179094;Piezo-electric transducers for telephone set
85179099;Other parts of apparatus for telephony/telegraphy
85181000;Microphones and their supports
85249900;Oth.prepar.recorded media f/sound recording/similar, etc
85251010;Transmis.appar.f/radio-telephony or radio-telegraphy
85251021;Am radium, pot>10kw, cod.modul../wid.pulse, transmis.appar
54033110;"Yarn of viscose rayon 
crushed or bleached, single, twist<=120turns/meter"
48101991;Oth.paper/paperb.forwriting etc.mechanical fibre<=10%,  coated on one side, wet strength, moisture and alkali resistant
85433010;Mach.appar.f.electrolysis with membrane cells
85433090;Other Mach.appar.f/electroplat.electrolysis,electrophoresis
90219012;Expandable implants (stents), even mounted on balloon catheters
95089043;Recreational equipment for water parks
85235110;Memory cards
85235190;Other devices of no-volatile data-storage
71042100;Diam.synt/recons.unwork./simply sawn/roug.shaped
81126900;Articles en cadmium et autres produits en cadmium
84147000;Gas-tight biological safety cabinets (chambers)
84622400;Numerically controlled panel presses
84626900;Presses for cold working metal, not classified under previous codes
4109000;Other edible products of animal origin
85258921;Digital still cameras and video cameras, having three or more image pickers
30069300;Placebos and blind (or double-blind) clinical trial kits intended for a recognized clinical trial, presented in doses
38221200;Reagents for zika and other diseases transmitted by mosquitoes of the genus Aedes
44071300;Wood sawn or chipped lengthwise, sliced or peeled, whether or not planed, sanded or end-jointed, of a thickness exceeding 6 mm, of S-P-F (spruce (Picea spp.), pine (Pinus spp.) and fir (Abies spp.))
85177110;Specif.antenna for cellular telephone, except.telescopic
36036000;Electric detonators
85171439;Other telephones for cellular networks, except via satellite, not classified under previous codes
29036910;Iodoethane
85284990;Other monitors with cathode ray tube, not classified under former codes
84624200;Punching, notching or shearing machines (excluding presses) for flat products, including combined numerically controlled punching and shearing machines
29093023;Hexa-, hepta- or octabromodiphenyl ethers
89032200;Sailboats, other than inflatable, whether or not with auxiliary motor, of a length exceeding 7.5 m but not exceeding 24 m 
76071120;Aluminum sheets/strips, unsupported, laminated, consisting of at least two layers of different aluminum alloys, one for the core and the other for the skin, except: core of modified Aluminum Association AA 3003 alloy (alloy of aluminum with a content by weight of silicon not exceeding 0.60%, iron not exceeding 0.70%, copper not exceeding 0.05% and not equal to 0.20%, manganese equal to or greater than 1.0% and less than or equal to 1.5%, zinc less than or equal to 0.15% and other elements total less than or equal to 0.15%) with AA 4343 alloy coating ( aluminum alloy with a content by weight of silicon not exceeding 6.8% and not exceeding 8.2%, iron not exceeding 0.80%, and copper not exceeding 0.25 %, manganese less than or equal to 0.10 %, zinc less than or equal to 0.20 % and other elements total less than or equal to 0.15 %)
88069900;Other unmanned aerial vehicles (aircraft), not classified under previous codes
85414210;Organic photovoltaic solar cells not mounted on modules or panels
74198040;Copper discs suitable for minting coins 
19012010;Dough for preparing bread, without adding whole grains or seeds, frozen
28201090;Other manganese dioxides
39072991;Polyether polyacetal (PAPE)
28273939;Other Zinc chlorides
48119011;Paper/cardboard/folder and cellulose fiber blankets in strips or rolls of a width not exceeding 15 cm or in sheets with no side exceeding 360 mm, when not folded, covered with electrolytic paste based on modified starch, of equal weight or exceeding 75 g/m2 but not exceeding 120 g/m2
74094011;Plates and strips of alloys based on copper-nickel (cupronickel) or copper-nickel-zinc (maillechort), with a thickness greater than 0.15 mm, in rolls, of copper-nickel-silicon alloy, galvanized
87044100;Other motor vehicles for the transport of goods, equipped for propulsion simultaneously with compression-ignition piston engine (diesel or semi-diesel) and electric motor, with a maximum gross weight not exceeding 5 tonnes
29349200;Other phentanyls and their derivatives
85177190;Other antennas except.for used in cellular telephone
85177900;"
Other parts of telephone sets, including smartphones and handsets for cellular networks or wireless networks"
85229000;Other parts and accessories suitable for use solely or principally with the apparatus of heading 85.19 or 85.21, not classified under previous codes
85241100;Liquid crystal flat panel display modules, whether or not incorporating touch screen displays, without drivers or control circuits
85241200;Flat panel display modules, whether or not incorporating touch screen displays, without drivers or control circuits, of organic light-emitting diodes (OLEDs)
29032910;Hexachlorobutadiene
85249200;Other flat panel display modules, whether or not incorporating organic light emitting diode (OLED) touch screens
85258100;Television cameras, digital cameras and ultra-fast video cameras of subheading note 1 to this chapter
85258200;Other television cameras, digital cameras and video cameras, radiation resistant, specified in subheading note 2 to this chapter 
83012000;Locks of base metals, for motor vehicles
84198190;Other machinery for making hot drinks, etc.
84198910;Other sterilizers
84198911;Food sterilizers.uht, vapour injection, cap>=6500 l/h
84198919;Other sterilizers
84198920;Ovens
84198930;Roasting plant
84198940;Evaporators
84198991;Refrigerated container, with disp.refrigerant circulator
83040000;Classifiers/other articles of office, of base metals
83051000;Fittinin.f/loose-leaf binders, files, etc.of base metals
83052000;Staples in strips, of base metals
84201090;Other calendering or rolling machines
84209100;Cylinders for calendering or rolling machines
84209900;Other parts of calendering or rolling machines
84211110;Centrifuges cream separation, cap.proc.milk>30000l/hour
84211190;Other centrifuges cream separation
84211210;Clothes-dryers, centrifuge, cap.of dry clothes<=6kg
84211290;Other clothes-dryers, centrifuges
84211910;Laboratory centrifuges, f/analysis, scientific research
84211990;Other centrifuges
84212100;Machinery for filtering or purifying water
84212200;Machinery f/filtering or purifying beverages, exc.water
84212300;Machin.oil/ petrol-filters f/internal comb.engines, etc
84212911;Dialysers capillary type
84212919;Other dialysers
84212920;Reverse osmosis modules
84212930;Filter presses for liquid
84212990;Other machinery for filtering or purifying liquid
84213100;Intake air filters f/internal combustion engines/diesel
44129100;Plywood, veneered panels and similar laminated wood with at least one outer ply of tropical wood
44188900;Other timber products for structural engineering, not classified under previous codes
87012900;Other road tractors for semi-trailers not classified under earlier codes
89031900;Other inflatable boats, whether or not with a rigid hull, not classified under the previous codes
97021000;Original engravings, prints and lithographs more than 100 years old
38275100;Mixtures containing trifluoromethane (HFC-23) or perfluorocarbons (PFC), but not containing chlorofluorocarbons (CFC) or hydrochlorofluorocarbons (HCFC)
81123100;"Unwrought hafnium (celtium); waste and scrap; powders"
15132919;Other palm kernel oil
33029099;Other mixtures used as basic matter forindustry
89033300;Motor boats, other than inflatable boats, not fitted with outboard motors, of a length exceeding 24 m
7095600;Truffles (Tuber spp.)
94062000;Modular, steel construction units
29394530;Methamphetamine racemate and its salts
15132111;Cocombocaya oil (Acrocomia totali), crude
29397220;Ecgonine and their salts
90183926;Plastic peripheral intravenous catheters
85402019;Other tubes for cameras of television
85402020;Converters tubes/image intensifiers,of rays x
85402090;Other converters tubes/image intensifiers,etc.
85404000;Data/graphic display tubes,colour,phosphor screen
85405010;"Data/graphic display tubes,black/white,scr<33,56cm(14"")"
85405020;"Data/graphic display tubes,black/white,scr>=33,56cm(14"""
85406010;Oth.cathode-ray tubes
85406090;Other cathode-ray tubes
85407100;Tubes for microwaves, magnetrons
48101391;Other paper forwriting, etc.fibre<=10%, in rolls, coated on one side, wet strength, moisture and alkali resistant
48101399;Other paper forwriting, etc.fibre<=10%, in rolls
48101999;Oth.paper/paperb.forwriting etc.mechanical fibre<=10%
84807990;Other molds for rubber/plastic
85061011;Electric piles, of manganese dioxide, alkaline, of a voltage of 1.5 V, cylindrical, of the type LR14 (C)
85061012;Electric piles, of manganese dioxide, alkaline, of a voltage of 1.5 V, cylindrical, of the type LR20 (D)
85392990;Other lamps/incandesc.tubes
85393100;Lamps/tubes discharge,fluorescent,hot cathode
85393200;"Mercury/sodium vapour lamps; metal halide lamps"
85393900;Other lamps/tubes discharge
85394100;Arc-lamps
85394110;Arc lamps with power => 1000w
87031000;Motor vehicles desig.f/travel.on snow,golf cars,etc
85284910;Monitors with monocr. crt (cathode ray tube)
85284921;Video monitors, colour, with sweep selec.
85284929;Monitors with policr. crt (cathode ray tube)
85285110;Other monit. used exclusively. with auto. machin. of  84.71 posi., monocr.
85285120;Other monit. used exclusively. with auto. machin. of  84.71 posi., policr.
85285129;Other video output unit, policr.
85489000;Parts electric of other machines and apparatus
85489010;Thermocouples used in thermoelectric gas devices
85489090;Parts of other electrical machinery and apparatus
86011000;Rail locomot.powered from an exter.source of electr.
86012000;Rail locomotives, of electric accumulators
86021000;Diesel-electric locomotives
86029000;Other rail locomotives and locomotive tenders
86031000;Self-propelled,powered from an exter.source of elec.
86039000;Other self-propelled
86040000;Vehicles f/inspection/maintenance of railway/similar
86040010;Self-propelled vehicles,ballast tampers,railway alig.
90061090;Outras cameras fotog p/ prep cliches/cilindros impressa
90062000;Photog.cameras f/recording documents on microfilm,etc
90063000;Phot.cam.designed f/a kind used f/underwater,aerial,etc
90064000;Instant print photographic cameras
90065100;Phot.cam.with through-the-lens view.f/roll film,w<=35mm
90065200;Other photographic cameras f/roll film,w<35mm
85183000;Earphones, including with microphones
85184000;Audio-frequency electric amplifiers
85185000;Electric sound amplifier sets
85189010;Parts of loudspeakers
85189090;Parts of microphones, earphones, amplifiers, etc
85322490;Oth.fixed capacitors with ceram.dielectric
85322510;Fixed capacit.with diel.paper/plast.f/surf.moun.device
85322590;Other fixed capacit.with dielec.paper/plastic
85322910;Oth.elec.capacitors, fixed, f/surf.moun.device
85322990;Other electrical capacitors, fixed
85323010;Electr.capacit., variable/adjustable f/surf.moun.device
85323090;Other electrical capacitors, variable/adjustable
85329000;Parts of electric.capacitors, fixed/variable/adjustable
85493900;Other waste and scrap from electrical and electronic assemblies and printed circuit boards not classified under previous codes
95082110;Roller coaster with a course of 300 m or more
95082300;Bumper cars
29329600;Carbofuran
71049100;Other synthetic/reconstituted diamonds, not classified under previous codes
97053900; Other collections and collectors' pieces of numismatic interest, not classified under previous codes
44192000;Other tableware and kitchenware, of tropical wood
30024113;Vaccines against hepatitis b, except in doses
30024126;Vaccines against rubella, measles, mumps, in doses
81092900;Other unwrought zirconium, not classified under former codes
87149690;Other pedals and parts thereof
30024116;Vaccines against rubella, measles, mumps, except in doses
38276400;Other mixtures containing other hydrofluorocarbons (HFCs), but not containing chlorofluorocarbons (CFCs) or hydrochlorofluorocarbons (HCFCs), other than those specified in the subheadings above, containing by weight 30 % or more of 1,1,1,2-tetrafluoroethane (HFC-134a), but not containing unsaturated fluorinated derivatives of acyclic hydrocarbons (HFOs)
89031100;Inflatable boats, whether or not rigid-hulled, fitted with or designed to be fitted with a motor, of an unladen weight (without load) not exceeding 100 kg
85235900;Other semiconductor brackets
93040090;Oth.arms (shotguns/carbines/pistols /truncheons)
93069090;Other bombs,grenades,oth.munitions of war and parts thereof
95089042;Motion simulators and dynamic cinemas
85285910;Other monochrome monitors
85285920;Other monitors polychromatic
85286100;Other input/output units for data proc.mach.
85286900;Other vídeo projectors
85286910;With technology dmd (digital micromirror device)
85286990;Other projectors
85287111;Other integ.dec.rec., without radiofreq.output, with audio input
85182100;Single loudspeakers, mounted in their enclosures
85182200;Multiple loudspeakers, mounted in the same enclosure
85182900;Other loudspeakers
85182910;Specific piezo-eletric for appar./equip.of telephony
85182990;Other specific for teleph. appar./equip.
38276500;Other mixtures containing other hydrofluorocarbons (HFCs), but not containing chlorofluorocarbons (CFCs) or hydrochlorofluorocarbons (HCFCs), other than those specified in the subheadings above, containing 20 % by weight or more of difluoromethane (HFC-32) and 20 % or more of pentafluoroethane (HFC-125)
84622500;Numerically controlled roll-forming machines
84623300;Numerically controlled shearing machines
29333400;Other fentanyls and their derivatives
38273110;Prepared based on chlorodifluoromethane/pentafluoroethane
38276800;Other mixtures containing other hydrofluorocarbons (HFCs), but not containing chlorofluorocarbons (CFCs) or hydrochlorofluorocarbons (HCFCs), other than those specified in the above subheadings, containing substances of subheadings 2903.41 to 2903.48
38279000;Oth.mixture c/acycl.perhalog.hydroc.acyclic 2 halog.dif
94051910;Other surgical lights (lights without shade, of a kind used in medicine, surgery or dentistry)
84623200;Slitting lines and cut-to-length lines
15101000;Crude olive-pomace oil, obtained solely from olives, whether or not refined, but not chemically modified, including blends of these oils or fractions with oils or fractions of heading 15.09
28444320;Cobalt 60
38275900;Other mixtures containing trifluoromethane (HFC-23) or perfluorocarbons (PFC), but not containing chlorofluorocarbons (CFC) or hydrochlorofluorocarbons (HCFC), not classified under previous codes
29397290;Esters and other derivatives of cocaine and ecgonine
85018000;AC photovoltaic generators
85241900;Other flat panel display modules, whether or not incorporating touch screens, without drivers or control circuits
29315400;Trichlorfon
24041200;Other products for smokeless inhalation containing nicotine
85141900;Other industrial or laboratory electric furnaces and ovens, other than those functioning by induction or dielectric loss
85143900;"Other industrial or laboratory electric furnaces and ovens, including those functioning by induction or dielectric loss; other industrial or laboratory equipment for the heat treatment of materials by induction or dielectric loss, not falling under previous codes"
85171300;Smartphones
85171410;Other telephones, radiotelephony, analog, for cellular networks or for other wireless networks
85171431;Other portable telephones for cellular networks, except via satellite
85171441;Digital appar/equip. operating in band c, ku, l or s
85171449;Other appar/equip. of transm./recep. of telec. by satellite
85171490;Other telephones for cellular networks or other wireless networks, not classified under previous codes
85171830;Other phone appar/equip. , n/combined with oth.appar./equip.
85171890;Other telephone sets, including smartphones and other telephones for cellular networks or other wireless networks, not classified under previous codes
85393912;Fluorescent tubes with cold cathode or external electrode, for electronic screens with a length greater than 500 mm but not greater than 1,500 mm and containing more than 5 mg of mercury
85176215;Multiplexers
85176234;Packet switching devices (switches)
85176256;Intercoms for reception, transmission or regeneration of voice, images or other data over a wired network
85176273;Intercoms with built-in receiver, digit
81039900;Tantalum and articles thereof, including waste and scrap, not classified under former codes
81061000;Bismuth and articles thereof, including waste and scrap, containing more than 99,99 % by weight of bismuth
81099900;Other zirconium and articles thereof, including waste and scrap, not classified under previous codes
84191900;Other non-electric instantaneous or storage water heaters
70197310;Other woven fabrics of chemically bonded open mesh fabrics of glass fibres, consisting of threads twisted in parallel and overlapped at an angle of 90°, impregnated and welded at the points of intersection with thermoplastic resin, of a specific gravity of 3 or more and not exceeding 7 threads per cm
4101000;Edible insects, not classified under former codes
12116000;African cherry bark (Prunus africana)
62022000;Women's or girls' overcoats, car-coats, capes, cloaks, anoraks, wind-cheaters, wind-jackets and similar articles, of wool or fine animal-hair, other than those of heading 62.04
30049014;Medicament containing Idursulfase, in doses
90189061;Blood pressure measuring devices containing mercury
62023000;Women's or girls' overcoats, car-coats, capes, cloaks, anoraks, wind-cheaters, wind-jackets and similar articles, of cotton, other than those of heading 62.04
90058000;Monoculars other astronomy instrumets,its mountings
90059010;Parts and accessories of binoculars
90059090;Parts and access.of monoculars and oth.astron.instrum.
90061000;Photogr.cameras f/preparing printing plates/cylinders
90061010;Fotocompositoras a laser para preparacao de cliches
85203200;Digital of recor.appar./reprod.of sound, of magn.tape
85203300;Recor.appar./reprod.of sound, of magn.tape, of cassette
85203900;Other recor.appar./reprod.of sound, of magnetic tape
85209011;Flight data recorders, without device of sound reproduct
85209019;Oth.sound recording appar., without device sound reprod
85209020;Oth.sound recording appar., with device sound reproduc.
85211010;Recording-reprod.of magnetic tape-type without tuner
85211081;Video recording/reproducing appar.f/casset.type, w=12mm
85211089;Oth.video record./reprod.appar.magn.tape-type w<19.05mm
85211090;Oth.video recor./reprod.appar.magn.tape-type w>=19.05mm
85219010;Record./reproduc.and image/sound editor, magnetic disks
85393990;Other lamps/tubes discharge
90021111;Lenses for photographic or cinematographic cameras or for projectors
90021119;Other lenses for photographic or cinematographic cameras or for projectors
90189069;Other apparatus for measuring arterial pressure
90251191;Direct reading liquid thermometers and pyrometers containing mercury
90251199;Oth.thermometers and pyrom.of liquid,of direct reading
38220020;Reagents for blood glucose determination, on strip support, for direct use
70197390;Other open mesh fabrics of glass fibers, not classified under previous codes
70198000;Glass wool and its works
39049090;Oth.polymers of vinyl chloride/halog.olefins, prim.forms
95089050;Shooting booths and other fairground attractions
74082912;Phosphorous copper-tin (brass) alloy wires with circular cross section, with a diameter less than or equal to 0.8 mm
73269020;Discs for minting coins
71049900;"Other synthetic or reconstituted stones, whether or not worked or graded but not strung, mounted or set; other synthetic or reconstituted stones, ungraded, temporarily strung for convenience of transport, not classified under previous codes"
95089060;Traveling theaters
39072990;Other polyethers, in primary forms, not classified under previous codes
40151200;Articles of apparel and clothing accessories (including gloves, mittens and mitts), of vulcanized rubber other than hard rubber, of a kind used in medical, surgical, dental or veterinary sciences
44014100;Sawdust
44125100;Plywood, veneered panels and similar laminated wood with a core of agglomerated, honeycombed or laminated wood with at least one outer ply of tropical wood
44125200;Other plywood, veneered panels and similar laminated wood, with a particle board, glued or laminated core, with at least one outer ply of non-coniferous wood
44149000;Wooden frames for paintings, photographs, mirrors or similar objects, other than of tropical wood
44182100;Doors and their frames and thresholds, of tropical wood
44182900;Other wooden doors and their frames and thresholds, not classified under previous codes
97029000;Other original engravings, prints and lithographs
97039000;Other original productions of statuary or sculpture, of any material
29314911;"Phosphonomethyliminodiacetic acid; trimethylphosphonic acid"
29314914;Glyphosate and its salt monoisopropylamine
29314915;Glufosinate ammonium
62024000;Overcoats, car-coats, capes, cloaks, anoraks, wind-cheaters, wind-jackets and similar articles, of man-made fibers, excluding those of heading 62.04
62029000;Overcoats, car-coats, capes, cloaks, anoraks, wind-cheaters, wind-jackets and similar articles, of other textile materials, other than those of heading 62.04
68151100;Carbon fibres, for non-electrical uses
4032000;Yoghurt
8029900;Other nuts, fresh or dried, whether or not in shell or peeled, not classified under previous codes
15092000;Olive oil extra virgin
85393132;Phosphorus tubes in halophosphate and containing more than 10 mg of mercury
57033900;Other carpets and other textile floor coverings, of other synthetic textile materials or of artificial textile materials, other than grass, tufted, whether or not made up
58021000;Terry towelling and similar woven terry fabrics, other than narrow fabrics of heading 58.06
90278920;Polarographs
36033000;Fuzes, blasting
36035000;Igniters
71042900;Oth.stone synt/recons.unwork./simply sawn/roug.shaped
85235290;Other smart cards
87032410;Autom.with motor explosion,cm3>3000,up to 6 passengers
87032490;Autom.with motor explos.cm3>3000,more than 6 passengers
87033110;Autom.with diesel engine,cm3<=1500,up to 6 passengers
87033190;Autom.with diesel engine cm3<=1500,more than 6 passen.
87033210;Autom.with diesel engine,1500<cm3<=2500,up to 6 passen.
87033290;Autom.with diesel engine,1500<cm3<=2500,more than 6 pas
87033310;Autom.with diesel engine,cm3>2500,up to 6 passengers
87033390;Autom.with diesel engine,cm3>2500,more than 6 passeng.
87082200;Windshields, rear and other glass specified in subheading note 1 to this chapter
30024991;Other vaccines, toxins, cultures of microorganisms (excluding yeasts) and similar products, for animal health, not classified under previous codes
30024992;Other vaccines, toxins, cultures of microorganisms (excluding yeasts) and similar products, for human health, not classified under previous codes
30024999;Other vaccines, toxins, cultures of microorganisms (excluding yeasts) and similar products, not classified under previou codes
85438920;Appliances for electrocuting insects
85438931;Gener.of special effects with man.2/3 dimen.etc.f/video
85438932;Digital character generators, for video
85438933;Frame synchronizer,etc.time base recorders,f/video
85438934;Editing controller, for video
85438935;Real time digital mixers>=8 input,f/video
85438936;Routing switches 20<input,16<output,f/video
85438939;Other machines and auxiliary apparels,for video
85438940;Television standard transcoders or converter
88031000;Propellers,rotors and parts thereof f/aircraft,etc.
88032000;Under-carriages and parts thereof f/aircraft,etc.
88033000;Other parts of aeroplanes or helicopters
88039000;Other parts for aircraft/space
88040000;Parachutes/rotochutes,its parts and access.
88051000;Apparatus and devices f/aircraft launching,etc.parts
88052000;Flight simulators apparatus and parts thereof
88052100;Air combat simulators and parts thereof
88052900;Other ground flight training apparatus,etc
68151200;Carbon Fiber Textiles
68151300;Other carbon fiber works
68151900;"Other carbon fibers; other articles of carbon fibers for non-electrical purposes; other articles of graphite or other carbon for non-electrical purposes, not classified under previous codes"
70191300;Other wicks and yarn, of glass fibres
70191400;Glass fiber mats (including glass wool), mechanically consolidated
70191500;Glass fiber mats (including glass wool), chemically consolidated
70196100;Mechanically bonded woven fabrics of glass fibres, obtained from closed woven rovings
70196200;Other mechanically bonded woven fabrics of glass fibre obtained from rovings of closed mesh (other closed fabrics)
70196500;Mechanically bonded open mesh fabrics of glass fibers of a width not exceeding 30 cm
70196600;Open mesh fabrics of glass fiber with a width of more than 30 cm
70196900;Other mechanically consolidated glass fiber fabrics
70197100;Thin sheets (voiles) of glass fibres, non-wovens
70197200;Other chemically bonded closed mesh fabrics of glass fibres
27075010;"
Mixtures containing trimethylbenzenes and ethyltoluenes as major constituents"
94051190;Other electric chandeliers and other electric lamps, suitable for ceiling or wall mounting, other than those of a kind used for public lighting, designed for use solely with light emitting diode (LED) light sources
94051990;Chandeliers and other electric lamps and lighting fittings, whether or not suspended from a ceiling or wall, other than those of a kind used for lighting public places
94052100;Electric table lamps, desk lamps, bedside lamps and floor lamps designed for use with light emitting diode (LED) light sources only
31053000;Diammonium hydrogenorthophosphate 
54033190;Others Yarn of viscose rayon, single, twist<=120turns/meter
30049097;Sevoflurane
94014900;Seats convertible into beds,of oth.materials
94019100;Parts for seats, of wood
94053900;Other electric garlands of a kind used for Christmas trees, not falling under previous codes
95082900;Other equipment for amusement parks and water parks
97031000;Original sculptures and statuary, of any material, more than 100 years old
7123400;Shitake (Lentinus edodes), dried or crushed or ground
38249200;Polyglycol esters of methylphosphonic acid
87149311;Hubs, other than for brakes (brakes) for bicycles and other cycles, without thread, for cassette-type pinions
89031200;Inflatable boats, whether or not rigid hulled, not designed for use with a motor and of an unladen weight not exceeding 100 kg
97012200;Mosaics, executed entirely by hand, more than 100 years old
85017100;Direct current photovoltaic generators, of an output not exceeding 50 W
29034800;1,1,1,3,3-Pentafluorobutane (HFC-365mfc) and 1,1,1,2,3,4,5,5-decafluoropentane (HFC-43-10mee)
29035100;2,3,3,3-tetrafluoropropene (HFO-1234yf), 1,3,3,3-tetrafluoropropene (HFO-1234ze) and (Z)-1,1,1,4,4-hexafluoro-2-butene (HFO-1336mzz)
84626300;Servo presses for cold metalworking
84729020;Bank teller type machines with authentication device
85171432;Other landline telephones, not powered by their own power supply, for cellular networks, excluding satellite telephones
95082290;Other merry-go-rounds, swings, and similar rotating equipment, not classified under previous codes
95082600;Recreational equipment for water parks
96121000;Printer Ribbons
97012100;Pictures, paintings and drawings, executed entirely by hand, other than drawings of heading 49.06, which are more than 100 years old
97019100;Other pictures, paintings and designs, executed entirely by hand, other than drawings of heading 49.06
76061230;Simply-rolled aluminum alloy sheets, consisting of at least two layers of different aluminum alloys, one for the core and the other for the skin, except: Aluminum AssociationAA 3003 modified alloy core (aluminum alloy with a content, by weight 0.60% or more of silicon, 0.70% or less of iron, 0.05% or more of copper and 0.20% or less, 1 or more manganese .0% and less than or equal to 1.5%, zinc less than or equal to 0.15% and other elements total less than or equal to 0.15%) coated with alloy AA 4343 (aluminum alloy with an by weight of 6.8% or more silicon and 8.2% less or more, 0.80% or less iron, 0.25% or less copper, 0.25% or less manganese equal to 0.10%, zinc less than or equal to 0.20% and other elements total less than or equal to 0.15%)
47032190;Chemical wood pulp of conif., soda/sulphate, semi/bleach
87149319;Other hubs, except for brakes (brakes) for bicycles and other cycles
39074020;Polycarbonates in primary powder or flake forms, with a melt flow index of less than 60 g/10 min or greater than 80 g/10 min according to Standard ASTM D 1238
15132119;Other crude oils
39081025;Polyamide-6, without filler, in pieces, etc
87149619;Other pedalboards and parts thereof
47032110;Chemical wood pulp of conif., soda/sulphate, semi/bleach in rolls
3029190;Other livers and male gonads, fresh or chilled
85499900;Other waste and scrap, electrical and electronic, not classified under previous codes
95082400;Motion simulators and dynamic cinemas
87012400;Road tractors for semi-trailers, solely powered by an electric motor for propulsion
3052090;Other livers/roes of fish, dried, smoked, etc.
3039190;Other livers and male gonads, frozen
85499100;Other electrical and electronic waste and scrap, containing cells, primary batteries or accumulators, electrical, mercury switches, cathode tube glass or other activated glass, or electrical or electronic components containing cadmium, mercury, lead or polychlorobiphenyls (PCB)
44125900;Other plywood, veneered panels and similar laminated wood, with a particle board, glued or laminated core, with both outer layers of coniferous wood
85492900;Other waste and scrap of a kind used principally for the recovery of precious metals, not classified under previous codes
7095300;Mushrooms of the genus Cantharellus
44014900;Other sawdust, wood waste and scrap, not agglomerated, not elsewhere classified under previous codes
90229020;X-ray screens,f/x-rays apparatus/other radiations
84798300;Cold isostatic presses
70169000;Paving blocks, etc.of pressed/mould.glass, f/building, etc
70171000;Articles of fused quartz/oth.fus.silica, f/laborat.etc
85235200;Smart cards
85235910;Cards and labels of activated for approach
85235990;Other
85238000;Other support. prep./sound record./similar
85239000;Oth.unrecorded media f/sound recording/similar
85239010;Discs f/laser read.syst.which may be record.once(cd-r)
85239090;Oth.prepar.unrecorded media f/sound recording/similar
85241000;Gramophone records, recorded
85243100;Record.disks f/laser reading, of difer.phen.sound/image
93069010;Grenades that contain chemicals or Capsicum oleoresin, for irritating purposes
93069020;Other grenades, which produce smoke, lighting, sound or identification effects using paints or dyes
39233010;Containers for liquefied petroleum gas (LPG)
85393911;Fluorescent tubes with cold cathode or external electrode, for electronic screens with a length not exceeding 500 mm and containing more than 3.5 mg of mercury
90251119;Other clinical thermometers,of liquid,of direct reading
85414121;Light-emitting diodes (led) mounted,f/surf.mount.device
29091920;Sevoflurane
39049010;Chlorinated vinyl polychloride
85075010;Electric accumulator nickel-hydride metallic with a voltage equal to 1.2V, cylindrical type HR6 (AA)
95089049;Other roundabouts,swings and oth.amusements
84807910;Molds for molding rubber/plastic for tire vulcanization
85414122;Oth.light-emitting diodes (led) n/mounted,exc.laser
85414124;Other laser diodes
85414220;Other solar photovoltaic cells not mounted on modules or panels
85414290;Other photovoltaic cells not mounted on modules or panels
85414300;Photovoltaic cells mounted on modules or panels
88069300;Other unmanned aerial vehicles (aircraft) of a maximum take-off weight exceeding 7 kg but not exceeding 25 kg
87149611;Cranksets with one-piece cranks (monobloc)
29034900;Other saturated fluorinated derivatives of acyclic hydrocarbons, not elsewhere classified under previous codes
29096090;Other alcohol peroxides, ether peroxides, acetone and hemiacetal peroxides, ketone peroxides, and their halogenated, sulfonated, nitrated or nitrosated derivatives
30024270;Veterinary vaccines, against diseases newcastle, gum.etc
30024280;Combin.veter.vaccines, against diseas.newcastle, gum.etc
30024290;Other vaccines for veterinary medicine
85299050;Other parts for flat panel display modules, whether or not incorporating touch screen displays
85395100;Light Emitting Diode (LED) modules
85395200;Lamps and light emitting diodes tubes (LED)
85414111;Light-emitting diodes (led) n/mounted,exc.laser
85414112;Laser diodes n/mounted
81123900;Articles and other products of hafnium (celtium)
84622200;Profile forming machines
84858000;Other additive manufacturing machines not classified under previous codes
34024110;Oleylamine acetate (organic surface-active agent)
30024920;Tuberculins
85251022;Fm radium, with output stage, pot>10kw, transmis.appar.
85251029;Other transmission apparatus of radio-broadcasting
85251031;Transmission apparatus of television, frequency>7ghz
85251032;Transmis.appar.of televis., band uhf 2/2.7ghz, 10w<p<100w
85251033;Transmis.appar.of television, band uhf, pot>10kw
85251034;Transmis.appar.of television, band vhf, pot>=20kw
85251039;Other transmission apparatus of television
85252011;Transm.appar./recep.satellite telecom.f/station terres.
85252012;Transm.appar./recep.satellite telecom.f/stations vsat
85394190;Other arc lamps
85394900;Lamps/ultraviolet or infrared tubes of rays
85399010;Electrodes f/lamps/electron.tubes of incandescence,etc
85399020;Bases f/lamps/electron.tubes of incandescence,etc
85399090;Oth.parts f/lamps/electron.tubes of incandescence,etc
85401100;Cathode-ray tubes f/receivers of colour television,etc
85401200;Cathode-ray tubes f/receivers black/white telev.,etc
85402011;Tubes f/cameras of black/white television,etc
85243200;Record.disks f/laser reading, reproducing sound only
85243900;Other recorded disks, for laser reading
85244000;Magnetic tapes recorded, f/reprod.dif.phen.sound/image
85245110;Magnetic tapes recorded, w<=4mm, in cartridges/cassettes
85245190;Other magnetic tapes recorded, w<=4mm
85372090;Outs quadros etc.c/apar interrup circuito eletr t>52kv
87032100;Automobiles with motor explosion,cyl<=1000cm3
87032210;Autom.with motor explosion,1000<cm3<=1500,up to 6 pass
87032290;Autom.with motor explos.1000<cm3<=1500,more than 6 pass
87032310;Autom.with motor explosion,1500<cm3<=3000,up to 6 pass
85424019;Oth.hybr.integ.circuit thick.of layer<=1micron
85424090;Other hybrid integrated circuits
85425000;Electronic microassemblies
85426011;Hybrid integrated circuits,t<=1micron f>=800mh
85426019;Other hybrid integrated circuits,t<=1micron
85426090;Other hybrid integrated circuits
85427000;Electronic microassemblies
85429010;Support-connector in strips,f/integ.circuits,etc.electr
87051030;Truck cranes with a maximum lifting capacity of 100 t or more
85491100;Waste/scrap of electric accumulators of lead,etc.
95083000;Fairground attractions
85493100;Waste and scrap of electrical and electronic assemblies and printed circuit boards containing primary cells, primary batteries or electric accumulators, mercury switches, glass from cathode ray tubes or other activated glass or electrical or electronic components containing cadmium, mercury, lead or polychlorinated biphenyls (PCB)
29036100;Bromomethane
95082500;Waterways
87149920;Threadless steering boxes
85491200;Other waste and scrap of primary cells, primary batteries and electric accumulators, containing lead, cadmium or mercury
89039300;"Other yachts and other vessels for pleasure or sports; rowing boats and canoes, of a length not exceeding 7.5 m"
90278100;Mass spectrometers
90278911;Calorimeters
70196300;Woven fabrics of mechanically bonded glass fibre yarn obtained from closed knit yarns, plain weave, not coated or laminated
38273190;Other preparations containing substances of subheadings 2903.41 to 2903.48, not classified under former codes
24049900;Other products containing nicotine for human body absorption of nicotine, not classified under previous codes
81069000;Other bismuth and articles thereof, including waste and scrap, not classified under previous codes
84191200;Solar powered water heaters
84193500;Other dryers, for wood, paper pulp, paper or paperboard
84287000;Industrial lifting, loading, unloading or handling robots
95082210;Carousels, whether or not fitted with a lifting device, of a diameter of less than 16 m
97052900;Other collections and collectors' pieces of zoological, botanical, mineralogical, anatomical or paleontological interest
95082120;Roller coaster cars with a capacity of 6 people or more
24049100;Other nicotine-containing products intended for the absorption of nicotine by the human body, for oral application
97069000;Other Antiques more than 100 years old, not classified under previous codes
30024230;Veterinary vaccines, against keratoconjunctivitis
30024240;Veterinary vaccines, against distemper
30024123;Vaccines against hepatitis b, in doses
36034000;Primers
85372000;Boards,etc.with elect.circuit switches appar.t>1kv
85372010;"Substacoes isoladas a gas(""gis"" ou ""his""),p/tensao>52kv"
86072100;Brakes and parts thereof of vehicles f/railway
86072900;Other brakes and parts thereof,of vehicles f/railway
86073000;Hooks,buffers,etc.of vehicles f/railway
86079100;Othter parts of locomotives
86079900;Other parts of vehicles f/railway
86080011;Signalling mechanical apparatus f/railway,etc.
86080012;Signalling electro-mechanical apparatus f/railway,etc.
86080090;Fixed material of railway/similar and its parts
86090000;Containers includ.the transport of fluids,etc.
87011000;Pedestrian-controlled tractors
87012000;Road tractors for semi-trailer
87013000;Track-laying tractors
87019000;Other tractors
87019010;Log-skidding tractors
87019090;Other tractors
87021000;Motor vehicles f/transp.>=10 persons,with diesel engine
87029010;Trolleybuses for the transport >= 10 person
85429020;Coverings f/making capsules,f/integ.circuits,etc.electr
85429090;Oth.parts f/integ.circuits and electr.microassemblies
85431000;Particle accelerators
85431100;Ion implanters for doping semiconductor materials
15109000;Other oils and their fractions, obtained solely from olives, whether or not refined, but not chemically modified, including blends of these oils or fractions with oils or fractions of heading 15.09, not classified under previous codes
85258911;Other television cameras with three or more image pickups
32041830;Other preparations to color food
97052100;Human specimens and parts thereof
29038120;alpha-hexachlorocyclohexane
29038130;beta-hexachlorocyclohexane
7095400;Shitake (Lentinus edodes), fresh or chilled
30024112;Vaccines against poliomyelitis, except in doses
30024122;Vaccines against poliomyelitis, in doses
97051000;Collections and collectors' pieces that are of archaeological, ethnographic or historical interest
38221910;Decisive reagents the compon.blood/urine, paper sup.etc
38276100;Mixtures containing other hydrofluorocarbons (HFCs), but not containing chlorofluorocarbons (CFCs) or hydrochlorofluorocarbons (HCFCs), containing 15 % or more by weight of 1,1,1-trifluoroethane (HFC-143a)
72104910;Rolled prod.iron/steel, w>=6dm, galv.oth.proc.e<4.75mm
61082200;Briefs and panties of synth/artif fibres mesh
61082900;Briefs and panties of oth.textile materials mesh
61083100;Nightgowns, etc.of cotton mesh, femine uses
61083200;Nightgowns, etc.of synth/artif fibres, femine uses
61083900;Nightgowns, etc.of oth.textile materials, femine uses
61089100;Robes, etc.of cotton mesh, femine uses
61089200;Robes, etc.of synth/artif fibres mesh, femine uses
61089900;Robes, etc.of oth.textile materials mesh, femine uses
61091000;T-shirts, etc.of cotton mesh
61099000;T-shirts, etc.of other textile materials mesh
61101000;Sweaters, pullovers, etc.of mesh of wool/fine anim.hair
61101100;Sweaters, etc.of wool mesh
61101200;Sweaters, etc.of mesh of kashmir (cashmere) goats
61101900;Sweaters, etc.of other textile materials mesh
61102000;Sweaters, pullovers, etc.of cotton mesh
61103000;Sweaters, pullovers, etc.of synth/artif fibres mesh
63061100;Tarpaulins and awnings, of cotton
63061200;Tarpaulins and awnings, of synthetic fibres
63061900;Tarpaulins and awnings, of other textile materials
63061910;Tarpaulins and awnings, of cotton
63061990;Tarpaulins and awnings, of other textile materials
63062100;Cotton tents
63062200;Tents of synthetic fibres
63062900;Tents of other textile materials
63062910;Cotton tents
63062990;Tents of other textile materials
63063010;Sails for boats, etc, of synthetic fibers
63063090;Sials for boats, etc, of other textile materials
64034000;Oth.footwear of leather, c/protective metal toecap
64035100;Footwear of leather, leather sole, covering the ankle
70099200;Glass mirrors, framed
70101000;Glass ampoules, for the conveyance or packing
70102000;Stoppers, lids and dispositives similar, of glass
70109011;Carboys, bottles, of glass, cap > 1l
70109012;Flasks, jars, pots, etc.of glass, cap>1l
70109021;Carboys and bottles, of glass, 0.33l<cap<=1l
70109022;Flasks, jars, pots, etc.of glass, 0.33<cap<1l
70109090;Oth.carboys, bottles, flasks, etc.of glass
70109110;Carboys, bottles, of glass, capacity>1 liter
70109120;Flasks, jars, pots, etc.of glass, capacity>1 l
70109210;Carboys and bottles, of glass, 0.33l<capacity<=1 l
70109220;Flasks, jars, pots, etc.of glass, 0.33l<capacity<=1l
70109300;Carboys, bottles, flasks, etc.of glass, 0.15l<c<=0.33l
70109400;Carboys, bottles, flasks, etc.of glass, capacity<=0.15l
70111010;Glass envelopes, etc.for lamps or discharge tubes
70111021;Glass bulbs, d<=90mm, f/lamps of incandescence
70111029;Glass envelopes, etc.f/lamps of incandescence
72124029;Other rolled iron/steel, w<6dm, coated with plastics
72125000;Rolled iron/steel, w<6dm, otherwise coated
72125010;Rolled iron/steel, w<6dm, bronze layer, coat.with plastics
28444200;"Actinium-225, actinium-227, californium-253, curium-240, curium-241, curium-242, curium-243, curium-244, einsternium-253, einsternium-254, gadolinium-148, polonium-208, polonium-209, polonium-210, radium-223, uranium-230 or uranium-232, and compounds thereof; alloys, dispersions (including cermets), ceramic products and mixtures containing these elements or compounds"
85258914;Other television cameras, capable of capturing images exclusively in the infrared spectrum of a wavelength equal to or larger than 2 micrometers (microns), but not exceeding 14 micrometers (microns)
33029091;Mixtures based on odoriferous substances presented in the form of microcapsules
87051020;Truck cranes with all steerable wheel axles and a maximum lifting capacity of less than 100 t
85491900;"Other waste and scrap of primary cells, primary batteries and electric accumulators; other spent primary cells, spent primary batteries and spent electric accumulators not classified under previous codes"
87046000;Other goods road transport vehicles, solely powered by an electric motor for propulsion
84625900;Other machines (excluding presses) for working tubes, pipes, hollow profiles, profiles and rods, not classified under previous codes
30024127;Other triple vaccines, in doses
36032000;Detonating cords
38221940;Monoclonal antibodies in buffer solution containing bovine albumin, not in measured doses or put up for retail sale
3099000;Flours, meals and pellets of fish, crustaceans, molluscs and other aquatic invertebrates, fit for human consumption, not classified under former codes
8029200;Pine nuts, shelled
38276900;Other mixtures containing other hydrofluorocarbons (HFCs), but not containing chlorofluorocarbons (CFCs) or hydrochlorofluorocarbons (HCFCs), not classified under previous codes
95084000;Traveling theaters
44181100;Windows, French windows and their frames, of tropical wood
29314500;Salt of methylphosphonic acid and (aminoiminomethyl) urea (1: 1)
87029090;Other motor vehicles for the transport>=10 person
90091210;Appar.f/indirec.reprod.of photocopy monochrom.electr.
90091290;Oth.photocopying appar.,electr.(indirec.proces.)
90092100;Photocopying apparatus,incorporating an optical system
90092200;Photocopying apparatus,of the contact type
90093000;Thermo-copying apparatus
90099010;Cylinder covered of selenium f/photoc.appar.ind.reprod.
90099090;Parts and access.f/oth.photoc.appar./thermo-copying
90099100;Automatic document feeders f/photocopyng apparatus
90099200;Paper feeders f/photocopyng apparatus
90099300;Sorters f/photocopyng apparatus
90099910;Cylinder covered semiconduc.mater.f/photocop.apparatus
90099990;Oth.parts of access.f/photocopying apparatus
90101010;Tanks/trays autom.electr.program.f/developing photogr.
90101020;Enlarging and printing mach.autom.f/phot.paper>1000c/h
90101090;Other appar./equipment f/autom.devel.photographic,etc
90104100;Direct write-on-wafer apparatus
90104200;Step and repeat aligners
38249081;Prep.based on polyisobutenylsuc.anhydride, in min.oil
38249082;Halquinol, esters mixtures of dimethylic acids, etc
63025900;Table linen, of other textile materials
63025910;Table linen, of flax, except knitted or crocheted
63025990;Other table linen, of other textile materials
63026000;Toilet linen/kitchen linen, of terry towelling, of cotton
63029100;Other toilet linen/kitchen linen, of cotton
63029200;Toilet linen/kitchen linen, of flax
63029300;Toilet linen/kitchen linen, of synthetic/artificial
63029900;Toilet linen/kitchen linen, of other textile materials
63029910;Other bed linen/kitchen linen/toilet linen/table linen, of flax
63029990;Other bed linen/kitchen linen/toilet linen/table linen, of other textile materials
63031100;Curtains, valances, etc.of cotton mesh
63031200;Curtains, valances, etc.of synthetic fibres mesh
63031900;Curtains, valances, etc.of oth.textile materials mesh
63031910;Veil, printed curtains, valances, cotton mesh and similar materials
69031011;Refractory crucibles, of graphite
69031012;Refractory crucibles, of graphite c/silicon carbide
60041091;Tecidos de malha de outs.mat.text crus ou branq l>30cm
60041092;Tecidos de malha de outs.mat. texteis tintos l>30cm
60041093;Tecidos de malha de outs.mat.text fios div.cores l>30cm
60041094;Tecidos de malha de outs.mat.text estampados l>30cm
69039091;Other refractory ceramic goods of silicon carbide
69039092;Oth.refractory ceramic goods, zirconium compounds
72164090;Profiles of iron/steel, l, t, hot-rolled, etc.h>=8cm
72165000;Oth.profiles of iron/steel, non-alloy, hot-rolled, etc.
72166110;Profiles of iron/steel, obtained/cold-finished, h<8cm
72166190;Ot.profil.of iron/steel, obt/cold-finish.flat-rol.h>=8cm
72166910;Oth.profiles of iron/steel, obt/cold-finished, h>=8cm
72166990;Other profiles of iron/steel, obt/cold-finished
72169100;Oth.profiles of iron/steel, obt/cold-finish.flat-rolled
72169900;Other profiles of iron/steel, non-alloy
72171010;Wire of iron/steel, non-alloy, n/coated, carbon>=0.6%
72171011;Wire iron/steel, n/alloy, n/coat.c>=0.6%, f, s<0.035%, etc
72171019;Oth.wire of iron/steel, non-alloy, n/coated, carbon>=0.6%
72171090;Other wire of iron/steel, non-alloy, n/coated
72172010;Wire of iron/steel, non-alloy, galvenized, carbon>=0.6%
72172090;Other wire of iron/steel, non-alloy, galvenized
61178010;Ties, bow ties and cravats, of mesh
61178090;Other clothing accessories, made, of mesh
61179000;Parts of clothings or of their accessories, of mesh
62011100;Overcoats, impermeab.etc.of wool/fine anim.hair, mascul.
62011200;Overcoats, impermeab.etc.of cotton, masculine uses
62011300;Overcoats, impermeab.etc.of synth/artif fibre, masculine
62011900;Overcoats, impermeab.etc.of oth.text.materials, masculine
62019100;Ot.overcoats, etc.of wool/fine animal hair, masculine
62019200;Other overcoats, etc.of cotton, masculine uses
62019300;Other overcoats, etc.of synthetic fibres, masculine uses
62019900;Oth.overcoats, etc.of oth.textile materials, masculine
62021100;Mantles, impermeab.etc.of wool/fine animal hair, feminine
62021200;Mantles, impermeab.etc.of cotton, feminine uses
62021300;Mantles, impermeab.etc.of synth/artif fibres, feminine
62021900;Mantles, impermeab.etc.of oth.textile materials, feminine
62029100;Oth.mantles, imperm.etc.of wool/fine anim.hair, feminine
60063310;Other knitted or crocheted fabrics of synthetic fibers, of yarns of different colors, of nylon or other polyamides
60063320;Autres étoffes de bonneterie, de fibres synthétiques, en fils de couleurs différentes, de polyesters
60063330;Other knitted or crocheted fabrics of synthetic fibers, of yarns of different colors, acrylic or modacrylic
60063390;Other knitted or crocheted fabrics of synthetic fibers, of yarns of different colors, of other types
60063400;Other fabrics of mesh, synthetic fibres, printed
60063410;Other knitted or crocheted fabrics, synthetic, printed fibers, of nylon or other polyamides
60063420;Other knitted or crocheted fabrics of synthetic fibers, printed, polyester
60063430;Other knitted or crocheted fabrics of synthetic fibers, printed, acrylic or modacrylic
60063490;Other knitted fabrics, synthetic fibers stamped, other types
60064100;Other fabrics of mesh, artificial fibres, raw or bleached
60064200;Other fabrics of mesh, artificial fibres, dyed
60064300;Ot.fabrics of mesh, artif.fibres, of yarns of differ.col.
52083300;Fabric of cotton>=85%, dyed, point twill, w<=200g/m2
52083900;Other fabrics of cotton>=85%, dyed, w<=200g/m2
52084100;Fabric of cotton>=85%, color.yarn, point taff.w<=100g/m2
52084200;Fabric of cotton>=85%, col.yarn, point taf.100<w<=200g/m2
52084300;Fabric of cotton>=85%, color.yarn point twill, w<=200g/m2
52084900;Oth.other fabrics of cotton>=85%, colour.yarn, w<=200g/m2
52085100;Fabric of cotton>=85%, printed, point taffeta, w<=100g/m2
52085200;Fabric of cotton>=85%, printed, point taff.100<w<=200g/m2
52085300;Fabric of cotton>=85%, printed, point twill, w<=100g/m2
52085900;Other fabrics of cotton>=85%, printed, weight<=200g/m2
52085910;Other printed fabrics, point twill, diag.texture < 4
52085990;Other printed fabrics of cotton
52091100;Fabric of cotton>=85%, raw, point taffeta w<=200g/m2
55031090;Fibres of nylon/other polyamides, n/carded, n/combed, etc
55031091;Fibres of nylon bicomp./other polyam., n/card.n/comb.etc
85258300;Other television cameras, digital cameras and video cameras, night vision cameras of subheading note 3 to this chapter
8029100;Pine nuts, in shell
15094000;Other virgin olive oils
28444400;Radioactive waste
85141100;Hot isostatic presses
30024910;Anti-toxins of microbial origin
29314913;Etidronate disodium
30024210;Veterinary vaccines, against rabies
30024220;Veterinary vaccines, agaisnt coccidiosis
38221930;Diagnostic reagents of microbial origin
38248900;Goods containing short-chain chlorinated paraffins
88069200;Other unmanned aerial vehicles (aircraft), of a maximum take-off weight exceeding 250 g, but not exceeding 7 kg
88069400;Other unmanned aerial vehicles (aircraft), of a maximum take-off weight exceeding 25 kg, but not exceeding 150 kg
81039100;Tantalum crucibles
39072942;Copolymers of ethylene oxide
84193400;Other dryers, for agricultural products
44188100;Glued laminated timber (glulam or MLC)
29036920;Iodoform
30024260;Veterinary vaccines, against foot-and-mouth
88062900;Other unmanned aerial vehicles (aircraft), designed solely for being piloted remotely, not classified under previous codes
44034200;Wood in the rough, whether or not stripped of bark or sapwood, or roughly squared, of teak
85045010;Other reactance and self-induction coils of width and length not exceeding 45 mm and height not exceeding 30 mm, suitable for insertion mounting (PTH -Pin Through Hole) or surface mounting (SMD -Surface Mounted Device)
85045090;Other inductors
2071422;Boneless chicken breasts, edible, frozen
2071433;Chicken hearts, edible, frozen
2071411;Bone-in chicken breasts, edible, frozen
2071412;Bone-in chicken thighs and drumsticks, edible, frozen
2071413;Bone-in chicken wings, edible, frozen
2071429;Other boneless edible cuts of chicken, frozen
2071431;Chicken livers, edible, frozen
2071419;Other bone-in edible cuts and offal of chicken, frozen
2071421;Boneless chicken breasts, thighs and drumsticks, forming a single piece, edible, frozen
2071432;Chicken gizzards, edible, frozen
2071423;Boneless chicken thighs and drumsticks, edible, frozen
27109120;Other waste oils containing polychlorinated terphenyls (PCT) or polybrominated biphenyls (PBB), even if they also contain polychlorinated biphenyls (PCB) in a concentration of less than 50 mg/kg
65050032;Hats of synthetic or artificial fibers
65050039;Hats of other textile materials
65050090;"Articles for using like hats; hair nets, hoods"
65051000;Hairnets
65059000;Hats and other headgear of mesh/made-up from lace, etc
65059011;Cotton caps
65059012;Caps of synthetic or artificial fibres
65059019;Caps of other textile materials
65059021;Cotton caps
65059022;Caps of synthetic or artificial fibers
65059029;Beanies of other textile materials
65059031;Hats of cotton
65059032;Hats of synthetic or artificial fibers
65050031;Hats of cotton
65059039;Hats of other textile materials
65059090;Other knit fabric artefacts/made with lace, etc.
65061000;Safety headgear
70172000;Articles of other glass, expan<=0.000005k, f/laborat.etc
70179000;Other laboratory, hygienic, pharmaceutical glassware
70181010;Glass beads
70181020;Imitation pearls, semi/precious stone, of glass
70181090;Oth.articles of glass similar, imitation precious stones
52063100;Cotton yarn<85%, twisted, fibr.n/comb.title>=714.29decit
52063200;Cotton yarn<85%, twisted, fibr.n/comb.232.56d<=t<714.29d
52063300;Cotton yarn<85%, twisted, fibr.n/comb.192.31d<=t<232.56d
52063400;Cotton yarn<85%, twisted, fibr.n/comb.192.31d<=t<232.56d
52063500;Cotton yarn<85%, twisted, fibr.n/comb.title<125decitex
52064100;Cotton yarn<85%, twisted, fibr.combed tit>=714.29decitex
52064200;Cotton yarn<85%, twisted, fibr.comb.232.56d<=tit<714.29d
72125090;Other rolled iron/steel, w<6dm, otherwise coated
69119000;Oth.household articles, toilet, etc.of porcelain
69120000;Ceramic tableware/oth.household articles, etc.
69131000;Statuettes and other ornamental porcelain article
69139000;Statuettes/oth.ornamental ceramic article, exc.porcelain
69141000;Other porcelain articles
69149000;Other ceramic articles, exc.porcelain
70010000;Cullet/oth.waste and scrap of glass/glass in the mass
70021000;Glass in balls, unworked
70022000;Rods, of glass, unworked
70023100;Glass tubes, of fused quartz/oth.fused silica, unworked
70023200;Glass of oth.tubes, linear expan<=0.000005/kelv.unworked
70023900;Tubes of other glass, unworked
72104990;Oth.rolled prod.iron/steel, w>=6dm, galv.oth.process
72105000;Rolled prod.iron/steel, coat.with chrome oxides/chrom.
72106100;Rolled iron/steel, w>=6dm, coated with aluminium-zinc
72106900;Other rolled iron/steel, w>=6dm, coated with aluminium
72106911;Oth.rolled iron/steel, coat.with alumin.silic.w>=120g/m2
72126000;Rolled iron/steel, w<6dm, clad or plated
72131000;Thread-mach.iron/steel, cont.indent.ribs, grooves, relief
72132000;Thread-machine of free-cutting steel
72139110;Thread-mach.iron/steel, circular sec.d<14mm, carbon>=0.6%
72139190;Oth.thread-mach.iron/steel, n/alloy, circ.sec.d<14mm
72139910;Oth.thread-mach.iron/steel, non-alloy, carbon>=0.6%
72139990;Other thread-machine of iron/steel, non-alloy
72141010;Bars of iron/steel, forged, hot, carbon<=0.60%
72141090;Other bars of iron/steel, non-alloy, forged, hot
72142000;Bars of iron/steel, hot-rolled, contain.indetations, etc
61151093;Other panty hose of mesh and similar, of synthetic fibres
61151099;Others panty hose of other textile materials
62029200;Other mantles, etc.of cotton, feminine uses
65050012;Caps of synthetic or artificial fibers
65050019;Caps of other textile materials
65050021;Cotton caps
65050022;Beanies of synthetic or artificial fibers
65050029;Beanies of other textile materials
56071090;Lines, ropes and cable, of other textile bast fibres
56072100;Lines of sisal/oth.agave fibres, binder/baler
56072900;"Lines, ropes and cable, of sisal/oth.""agave""fibres"
56073000;Twine, cordage, ropes and cables, of abaca or ot.hard fibr
56074100;Polyethylene lines/polypropylene, binder/baler
56074900;Other lines, ropes, etc.polyethylene/polypropylene
56075011;Lines, ropes, cables, of nylon fibres
60064400;Other fabrics of mesh, artificial fibres, printed
60069000;Other fabrics of mesh, artific.fibres, of oth.text.mater.
61011000;Overcoats, etc.of wool/fine animal hair mesh, mascul.uses
61012000;Overcoats, etc.of cotton mesh, masculine uses
61013000;Overcoats, etc.of fibre mesh synt/art.masculine uses
61019000;Overcoats, etc.of mesh of ot.text.material, mascul.uses
61019010;Mesh jackets and similar articles, masculine uses, except 6103 (of wool or fine animal hair)
61019090;Mesh jackets and similar articles, masculine uses, except 6103 (of other textile materials)
72106919;Oth.rolled iron/steel, coated with aluminium silicon
72106990;Other rolled iron/steel
72107010;Rolled iron/steel, w>=6dm, painted or varnished
72107020;Rolled iron/steel, w>=6dm, coated with plastic
72109000;Oth.rolled iron/steel, w>=6dm, clad/plated/coated
61045100;Skirts/divided skirts, of mesh of wool/fine animal hair
61045200;Skirts/divided skirts, of cotton mesh
61045300;Skirts/divided skirts, of synthetic fibres mesh
61045900;Skirts/divided skirts, of oth.textile materials mesh
61046100;Trousers, etc.of mesh of wool/fine anim.hair, femin.uses
61046200;Trousers, etc.of cotton mesh, feminnine uses
61046300;Trousers, etc.of synthetic fibres mesh, feminnine uses
85287119;Other dig.sign integr.rec.dec. of cod. video, colour
85287190;Other rec. appar.of mm telev.comb. with other colour
85424011;Hybr.integ.circuit thick.of layer<=1micron,freq>=800mhz
90029000;Oth.lenses,prisms,mirrors and oth.optical elemen.mount.
90031100;Frames of plastics, for glasses
90031910;Frames of base metal,f/glass,incl.veneer,etc
90031990;Frames of other materials,for glasses
90039010;Hinges for frames of glasses
90039090;Other parts for frames of glasses and similar articles
90041000;Sunglasses
90049010;Corrective spectacles
90049020;Safety glasses
90049090;Oth.goggles/oth.and the like and similar articles
90051000;Binoculars
90065310;Fixed focus photographic cameras,f/roll film,w=35mm
90065320;Adjustable focus photograph.cameras,f/roll film,w=35mm
90065910;Other fixed focus photographic cameras
90065920;Other adjustable focus photographic cameras
90065921;Adjustable focus photogr.cameras,f/negatives>=45mmx60mm
85261000;Radar apparatus
85269100;Radio navigational apparatus
85269200;Radio remote control apparatus
85271200;Pocket-size radio cassette-players
85271300;Oth.apar. combined w/apar.for rec. or playback of sound
85271310;Oth.recep.appar.radio-broad.comb.cass.players, pile/elec
85271320;Oth.recep.appar.radio comb.cass.players/recor.pile/elec
85271330;Recep.appar.radio comb.cass.players/casset.recor.pile,
95089021;Carrousels, with a diameter of 16 m or more
85393131;Tubes with triband phosphorus and containing more than 5 mg of mercury
85393139;Other tubes
85393210;Mercury vapour lamps
85393220;Sodium vapour lamps
85393230;Metal halide lamps
85393919;Other cold cathode or external electrode fluorescent tubes for electronic screens
56031420;Falsos tecidos de poliester
56031430;Falsos tecidos de polipropileno
56031440;Falsos tecidos de raiom viscose
56031490;Non-wovens of other synth/artif filaments w>150g/m2
63063100;Sails for boats, etc, of synthetic fibers
63063900;Sials for boats, etc, of other textile materials
63064010;Pneumatic mattresses of cotton
63064090;Pneumatic mattresses, of other textile materials
63064100;Pneumatic mattresses of cotton
63064900;Pneumatic mattresses, of other textile materials
63069000;"Other items for camping; others tarpaulins and awnings"
63069100;Camping goods, of cotton
63069900;Camping goods, of other textile materials
69091990;Ot.ceramic wares and articles, f/chemical/technical uses
69099000;Ceramic troughs and oth.recep.used in agriculture, etc
69101000;Sinks, wash basins, etc.f/sanitary, of porcelain
69109000;Ceramic sinks, wash basins, etc.f/sanitary, exc.porcelain
69111010;Assembl.f/table/coffe/tea, of porcelain, common container
69111090;Oth.articles f/tableware/kitchenware serv.of porcelain
61152200;Panty hose of synthetic fibres mesh,>67decitex s/y (measuring per single yarn)
61152910;Panty hose of mesh of wool or fine animal hair
61152920;Panty hose of cotton mesh
61152990;Other panty hose of other textile materials
61153010;Women's full-length or knee-length hosiery, <67decitex s/y (measuring per single yarn), of synthetic or artificial fibres
64035110;Footwear with outer soles of wood, no inner sole, with a protective metal toecap
64035190;Oth.footwear of leather and outer soles of leather, covering the ankle
64035900;Oth.footwear of leather and outer soles of leather
64035910;Footwear with outer soles of wood, no inner sole, with a protective metal toecap
64035990;Oth.footwear of leather and outer soles of leather, covering the ankle
64039100;Oth.footwear of eather, covering the ankle
64039110;Footwear with outer soles of wood, no inner sole, with a protective metal toecap
64039190;Oth.footwear of leather and outer soles of leather, covering the ankle
64039900;Other footwear made of leather
64039910;Footwear with outer soles of wood, no inner sole, with a protective metal toecap
64039990;Other footwear of leather with outer soles of rubber or plastic
62089900;Bodices, pants, robes, etc.of other textile materials
62091000;Babies' garments/clothing acces.of wool/fine anim.hair
84705010;Electronic cash registers
84714100;Other automatic data-processing machines, comprising in the same housing at least a central processing unit and, whether or not combined, an input and an output unit
84717010;Magnetic disk drives
84717020;Disk drives for reading or writing data by optical means (optical disk drive)
84717030;Magnetic tape drives
27075090;Other mixtures of aromatic hydrocarbons
84717040;Solid-State Drives (SSD)
84733090;Other parts and accessories of machines of heading 84.71
87032390;Autom.with motor explos.1500<cm3<=3000,more than 6 pass
85219090;Other video recording or reproducing apparatus
85221000;Pick-up cartridges f/recording or reproducing apparatus
85229010;Needles with points of precious ston.f/reproduc.appar.
85229020;Cabinets f/recording/reproducing apparatus
85340059;Other multilayer integrated circuit
85351000;Fuses/cut-circuit of fuses, f/tension>1000volts
85352100;Autom.circ.break.f/tens.sup.1 kv and less than 72, 5 kv
85352900;Oth.autom.circ.break.f/tension equal or super.72, 5 kv
85353011;Isol.swit./make-and-break sw.t>1kv, current<=1600a, n/aut
85353012;Isol.swit./make-and-break sw.t>1kv, current<=1600a, aut
85353013;Vacuum swifts without autom. activ. device <=1600a
85353017;Other swifts with no autom. activ. device <=1600a
85438912;Radio-freq.amplifier f/receiving microwave sign,lna,etc
85438913;Radio-freq.amplifier f/broadcasting television signals
85438914;Other radio-freq.amplifier f/receiv.microwave signals
85438915;Oth.radio-freq.amplifier f/transmit.microwave signals
85438919;Other radio-frequency amplifiers
62144000;Shawls, scarves, mufflers, mantil.etc.of synthetic fibres
68139010;Friction discs, n/mounted, f/clutches, of asbestos, etc.
68139090;Other linings not mounted, f/clutches, etc.of asbestos
68141000;Plates/sheets or strips of agglomer./reconstituted mica
68149000;Other worked mica and articles of mica
68151010;Carbon fibres, for non-electrical uses
68151020;Fabric of carbon fibres, for non-electrical uses
68151090;Oth.articles of graph./oth.cabon, f/non-electrical uses
68152000;Articles of peat
68159110;Articles c/magnesite, etc.raw, agglom.with chemic.agglut
68159190;Other articles c/magnesite, dolomite or chromite
68159910;Articles of stone/of oth.mineral substan.electro-melted
68159911;Electro-melted articles of stone, content alumina>=90%
62143000;Shawls, scarves, mufflers, mantil.etc.of synthetic fibres
68159912;Electro-melted articles of stone, content silica>=90%
68159913;Electro-mel.articl.of stone, c/zirconium oxide>=50%, etc
68159914;Electro-mel.articl.of stone, alumina+silica+zirc.ox
61072900;Big shirts, etc.of mesh of ot.textile materi.masc.uses
61079100;Robes, etc.of cotton mesh, masculine uses
61079200;Robes, etc.of mesh of synth/artif fibres, masculine uses
61079900;Robes, etc.of mesh of ot.textile materials, masculin.uses
61079910;Dressing gowns, bathrobes, etc., masculine uses, mesh of synthetic or artificial fibres
61079990;Dressing gowns, bathrobes, etc., masculine uses, mesh of other textile materials
61081100;Slips and petticoats of synthetic/artific.fibres mesh
61081900;Slips and petticoats, of other textile materials mesh
61082100;Briefs and panties of cotton mesh
63031990;Veil, printed curtains, valances, mesh, of other textile materials
72082690;Oth.hot-rolled iron/steel, w>=6dm, coils, pickled 3<=t<4mm
72082710;Hot-rolled iron/steel, w>=60cm, coils, pickl.t<3mm, 275mpa
61034900;Trousers, etc.of oth.textile materials, masculine uses
61041100;Suits of mesh of wool or fine animal hair
61041200;Suits of cotton mesh
61041300;Suits of synthetic fibres mesh
52061500;Cotton yarn<85%, simple, fibr.n/comb.title<125decitex
52062100;Cotton yarn<85%, simple, fibr.comb.title>=714.29decit.
52062200;Cotton yarn<85%, simple, fibr.comb.232.56d<=tit<714.29d
38237040;Cetyl alcohol (industrial fatty alcohols)
85411031;Diodes mounted, fit for insert mounting (PHP -Pin Through Hole), Zener
95089011;Roller coaster with a course of 300 m or more
90183213;Pencil point needles, of the type used in epidural or spinal anesthesia
93062110;Cartridges containing chemicals or Capsicum oleoresin for irritating purposes
93062120;Other cartridges, which produce smoke, lighting, sound or identification effects using paints or dyes
30029000;"Other human blood; animal blood prepared for therapeutic, prophylactic or diagnostic uses; antisera and other blood fractions and immunological products; vaccines, toxins, cultures of micro-organisms (excluding yeasts) and similar products; cell cultures, whether or not modified, not classified under previous codes"
32041810;Carotenoids
32041820;Preparations c/beta-carotene, etc.to color food
32041890;Other preparations with a base of caratenoids
34023100;Sulfonic acids of linear alkylbenzenes and their salts
34023920;Sodium n-methyl-n-oleolyltaurate (org.surf.act.agen.)
34023930;Sodium alkylsulphonates, secondary (org.surf.act.agen.)
44189200;Cellular wood panels
39072949;Other Poly(epichlorohydrin) (PECH) and its copolymers, not classified under former codes
29397210;Cocaine and its salts
24041100;Products for smokeless inhalation containing tobacco or reconstituted tobacco
39239090;Oth.articles for the conveyance or packing, of plastics
39239010;"Single pallets, box pallets and other pallets for loading; pallet collars"
94032090;Other metal furniture
94032010;Other metal furniture of a kind used in kitchens
87149612;One-piece cranks (monobloc)
62042300;Ensembles of synthetic fibres, feminine uses
62042900;Ensembles of other textile materials, feminine uses
62043100;Blazers of wool or fine animal hair, feminine uses
62043200;Blazers of cotton, feminine uses
62043300;Blazers of synthetic fibres, feminine uses
62043900;Blazers of other textile materials, feminine uses
62044100;Dresses of wool or fine animal hair
62044200;Dresses of cotton
62044300;Dresses of synthetic fibres
62044400;Dresses of artificial fibres
62044900;Dresses of other textile materials
62045100;Skirts, divided skirts, of wool or fine animal hair
62045200;Skirts, divided skirts, of cotton
62045300;Skirts, divided skirts, of synthetic fibres
62045900;Skirts, divided skirts, of other textile materials
68041000;Millstones and grindst.f/milling, grinding or pulping
68042111;Millston.of agglom.synt./nat.diamond with res.d<53.34cm
68042119;Oth.millston.of agglom.synt./nat.diamond d<53.34cm
68042190;Oth.millston.of agglomer.synthetic/natural diamond
68042211;Millston.of oth.agglomer.abrasives with resin, d<53.34cm
34029021;Hydro-alcoholic solutions or emulsions of (1-perfluor..
34029022;Solutions, etc.a basis of nonanoyloxybenzenesulphonate
34029023;Solutions, etc.of perfluoroalkyltrimethyl.sulphonates
38089297;Fungicide based on propiconazole, presented in another way
38089299;Other fungicides presented in another way
38089310;Herbicides packed for direct household use
38089311;Herbicides containing bromometahne, etc, for household use
38089319;Other herbicides, packed for household use
72111400;Other hot-rolled iron/steel, w<6dm, t>=4.75mm
72111900;Other hot-rolled iron/steel, w<6dm, n/clad, etc
61109000;Sweaters, pullovers, etc.of other textile materials mesh
61111000;Babies' garm./cloth.acces.mesh of wool/fine anim.hair
61112000;Babies' garments/cloth.acces.of cotton mesh
61113000;Babies' garments/cloth.acces.of synthetic fibres mesh
61119000;Babies' garments/cloth.acces.of oth.textile mater.mesh
62159000;Ties, cravats, etc.of other textile materials
62160000;Gloves, mittens and mitts
62171000;Other made-up clothing accessories
62179000;Other parts of made-up clothing or its accessories
63011000;Electric blankets
63012000;Blankets and travel.rugs, of wool/fine anim.hair, n/elec.
63013000;Blankets and travel.rugs, of cotton, n/electric
63014000;Blankets and travel.rugs, of synthetic fibres, n/elec.
85381000;Boards,panels,etc.without elect.circuit switches appar.
85389010;Mounted printed circuits f/elec.circuit switches appar.
85389020;Oth.parts f/switches appar.elec.circuit protection
85389090;Oth.parts f/elec.circuit switches apparatus
85391010;Sealed beam lamp units,f/tension<=15v
85391090;Other sealed beam lamp units
85392110;Lamps/halogenic incandescent tubes,of tungsten,t<=15v
85392190;Other lamps/halogenic incandescent tubes,of tungsten
85392200;Other lamps/incandesc.tubes pot<=200w,t>100v
85392910;Other lamps/incandesc.tubest<=15v
85414900;"Other photosensitive semiconductor devices, including photovoltaic cells, whether or not mounted in modules or in panels; other light emitting diodes (led)"
85415100;Semiconductor-based transducers
85415900;Other semiconductor devices, except semiconductor-based transducers
85429000;Parts of electronic integrated circuits
90065929;Other adjustable focus photographic cameras
90066100;Discharge tube apparatus f/production of flashlight
90066200;Flashbulbs,flashcubes and the like f/picture
90066900;Other apparatus and devices for picture
90069110;Cases for photographic apparatus
85229030;Frames and bases f/recording/reproducing apparatus
85229040;Magnetic sound readers, f/recording/reproducing apparat.
85229050;Disc turning mech.incor.disc changers, f/reprod.apparat.
85229090;Oth.parts and access.f/recording/reproducing apparatus
44181900;Other windows, balcony windows and their frames and thresholds, other than of tropical wood
97012900;"Other pictures, paintings and drawings, executed entirely by hand, other than drawings of heading 49.06 and other than hand-decorated manufactured articles; collages, mosaics and similar decorative plaques, more than 100 years old"
69091920;Other pin guides, f/printing heads, of oth.ceramics
69091930;Ceram.beehive, of alumina, silica and magnesio oxide, etc
72092700;Cold-rolled iron/steel, w>=6dm, n/coils, 0.5mm<=t<=1mm
72092800;Cold-rolled iron/steel, w>=6dm, n/coils, t<0.5mm
72099000;Other cold-rolled iron/steel, w>=6dm, n/clad/plated, etc
68159990;Other articles of stone or of other mineral substances
69010000;Brincks/oth.pieces ceramic of fossil siliceous meals
69021011;Refractory bricks.weight>90% dichrome trioxide
69021018;Oth.refractory bricks of magnesite or chrome oxide
69021019;Oth.pieces refractory ceramic of magnesite/chrome oxide
69021090;Oth.pieces ceramic with magnesium/calcium/chrome>50%
69022010;Refractory bricks, silico-aluminous
69022091;Other pieces refractory ceramic, silico-aluminous
69022092;Oth.pieces refract.ceramic, selic./semi-siliceous/silica
69022093;Oth.pieces refract.ceram.sillimanite/silicon carbide
73042190;Ot.drill pipe of n/alloy steel, seaml.f/petr.gas extrat.
73042200;Drill pipes of stainless steel, of a kind used for drilling for oil or gas
73042310;Drill pipe, seamless, of non-alloy steel
73042390;Other drill pipe, seamless, of iron or steel
73042400;Other pipes of stainless steel, of a kind used for drilling for oil
73042910;Pipes of n/alloy steel, seamless, f/coated of wells, etc
73042920;Pipes of stainless steel, seamless, f/coated of wells, etc
73042931;Pipes of alloy steel, seam.f/coated of well, etc, d<=229mm
73042939;Ot.pipes of alloy steel, n/coat.seam.f/coat.of wells, etc
73042990;Ot.pipes of cast iron/iron/steel, seam.f/coat.wells, etc
73043110;Pipes iron/steel/n/alloy, seam.circ.cr.sec.cold-rol.n/co
73043190;Oth.pipes iron/steel/n/alloy, seam.circ.cr.sec.cold-rol.
73043910;Pip.ir/st/n/al.seam.circ.cr.sec.cold-rol.n/co.d<=229mm
62113990;Other garments of other textile materials, masculine uses
62114100;Other garments of wool or fine animal hair, masculine
63090010;Worn clothing, their accessories and their parts
30061019;Other materials for surgical sutures, synthetic
52064300;Cotton yarn<85%, twisted, fibr.comb.192.31d<=tit<232.56d
52064400;Cotton yarn<85%, twisted, fibr.comb.125d<=title<192.31d
63025100;Table linen, of cotton, except knitted or crocheted
63025200;Table linen, of flax, except knitted or crocheted
63025300;Table linen, of synth/artific fibres, exc.mesh
61033300;Jacket (coats) of synthetic fibres
61033900;Jacket (coats) of other textile materials
61034100;Trousers, etc.of mesh of wool/fine animal hair, masc.uses
61034200;Trousers, etc.of cotton mesh, masculine uses
61034300;Trousers, etc.of synthetic fibres mesh, masculine uses
52094900;Oth.fabrics of cotton>=85%, yarn colored, w>200g/m2
52095100;Fabric of cotton>=85%, printed, point taffeta, w>200g/m2
52095200;Fabric of cotton>=85%, printed, point twill, w>200g/m2
52095900;Other fabrics of cotton>=85%, printed, weight>200g/m2
52101100;Fabric of cotton<85%, raw/fibre synt/art.taf., w<=200g/m2
63024000;Table linen, knitted or crocheted
52101200;Fabric of cotton<85%, raw/fibre syn/art.twill, w<=200g/m2
52101900;Oth.fabrics of cotton<85%, raw/fibre synt/art, w<=200g/m2
70182000;Glass microspheres, in diameter<=1mm
70189000;Other articles of ornamentation, of glass
70191100;Glass fibres yarns, cut, lengths<=50mm
70191200;Rovings of glass fibres
70191210;Glass wicks, impregnated/coated with polyureth.resin
70191290;Other rovings of glass
70191900;Other wicks and yarn, of glass fibres
70193100;Mats of glass fibres, non-wovens
70193200;Thin sheets (voiles) of glass fibres, non-wovens
70193900;Blankets,  mattresses, etc.of glass fibres,  non-wovens
70194000;Woven fabrics of rovings,  of glass fibres
70195100;Woven fabrics of glass fibres, of width<=30cm
70195200;Fabrics of glass fibres, w>30cm, plain weave, w<250g/m2
72173010;Wire of iron/steel, coated, oth.base metal, carbon>=0.6%
72173090;Other wire of iron/steel, coated, oth.base metal
72179000;Other wire of iron/steel, non-alloy
55032000;Fibres of polyesters, n/carded, n/combed, etc
55032010;Bicomponent fibres, of different points of fusion
55032090;Other fibres
54075400;Fabric of polyest.filam.text.>=85%, printed
54076100;Fabric of polyester filament no textured>=85%
54076900;Fabric of other of polyester filament>=85%
54077100;Fabric of synthetic filament>=85%, raw/bleached
54077200;Fabric of synthetic filament>=85%, dyed
54077300;Fabric of synthetic filament>=85%, different colours
54077400;Fabric of synthetic filament>=85%, printed
54078100;Fabric of synthetic filament>85%, with cotton, raw/bleac
54078200;Fabric of synthetic filament<85%, with cotton, dyed
54078300;Fabric of synthetic filament<85%, different colours
54078400;Fabric of synthetic filament<85%, with cotton, printed
54079100;Other fabrics of synthetic filament<85%, raw/bleached
54079200;Other fabrics of synthetic filament<85%, dyed
54079300;Oth.fabrics of synthetic filament<85%, different colours
54079400;Other fabrics of synthetic filament<85%, printed
56031410;Non-wovens of aramid filaments, weight>150g/m2
52101910;Fabrics of cotton, raw, synthetic or artificial fibres, point twill, diag. <200g/m2
52101990;Other fabrics of cotton, raw, sytnthtic or artifical fibres, w <= 200 g/m2
52102100;Fabric of cot.<85%, bleac/fibre synt/art.taf., w<=200g/m2
52102200;Fabric of cot.<85%, bleac/fibr.synt/art.twill, w<=200g/m2
52102900;Oth.fabrics of cot.<85%, bleach/fibr.synt/art, w<=200g/m2
61151100;Panty hose of synthetic fibres mesh, tit<67decitex
61151200;Panty hose of synthetic fibres mesh, tit>=67decitex
85431900;Other electric particle accelerators
85432000;Electric signal generators
85433000;Mach.appar.f/electroplat.electrolysis,electrophoresis
93040010;Aerosol-type containers that contain chemicals or Capsicum oleoresin for irritating purposes
88073000;Other parts of aeroplanes or helicopters
88079000;Other parts for aircraft/space
89032100;Sailboats, other than inflatable, whether or not with auxiliary motor of a length not exceeding 7.5 m
90138000;Other devices,optical appliances and instruments
90229010;Voltage generators,f/x-rays appar./other radiations
90229091;Parts and access.f/x-rays appar./other radiations,etc.
90278912;Viscosimeters
90278913;Densitometers
90278914;Ph-meters apparatus
90278991;Light meter
90278999;Other instrum.and appl.for analysis/testing/measuring,etc
91149000;Other watch parts, not classified under previous codes
94013100;Swivel seats with variable height adjustment,of wood
61169200;Gloves, etc.of cotton mesh
61169300;Gloves, etc.of synthetic fibres mesh
61169900;Gloves, etc.of other textile materials mesh
61171000;Shawls, scarves, mufflers, mantillas, etc.of mesh
61172000;Ties, bow ties and cravats, of mesh
61178000;Other clothing accessories, made, of mesh
64051090;Other footwear of leather or composition leather
64052000;Other footwear of textile materials
64059000;Other footwear
64061000;Uppers and parts of footwear
64062000;Outer soles and heels, of rubber or plastics
64069010;Outer soles of heels, leather or composition leather
64069020;Insoles
64069090;Other parts of footwear, etc.
64069100;Other parts of footwear, of wood
64069910;Outer soles and heels, of footwear, of leather/composit.
64069920;Inner soles of other materials
64069990;Other parts of footwear, etc.of other materials
65010000;Hat-forms, plateaux, etc.of felt, f/hat
65020010;Hat-shapes, plaited, etc.fine straw
72083910;Hot-rolled iron/steel, w>=60cm, coils, t<3mm, elast.275mpa
72083990;Oth.hot-rolled iron/steel, w>=6dm, coils, t<3mm
72084000;Hot-rolled iron/steel, w>=60cm, coils, patterns in relief
72085100;Hot-rolled iron/steel, w>=60cm, n/coils, e>10mm
61044100;Dresses of mesh of wool/fine animal hair, feminine uses
61044200;Dresses of cotton mesh
61044300;Dresses of synthetic fibres mesh
61044400;Dresses of synthetic fibres mesh
61044900;Dresses of other textile materials
72122090;Other rolled iron/steel, w<6dm, electrolyt.galvanized
72123000;Rolled iron/steel, w<6dm, otherwise galvanized
72124010;Rolled iron/steel, w<6dm, painted or varnished
72124020;Rolled iron/steel, w<6dm, coated with plastics
72124021;Rolled iron/steel, w<6dm, coated with plastics, copper-tin alloys
73024000;Fish-plates/sole plates, etc.of cast iron/iron/steel
73029000;Other railway elements, etc.of cast iron/iron/steel
73030000;Tubes, pipes and hollow profiles, of cast iron
73041010;Pipe of stainless steel, seamless f/pipelines/gas pipel.
73041090;Oth.pipe of iron/steel, seamless f/pipelines/gas pip.
73041100;Hollow pipes of stainless steel, of a kind used for oil or gas pipelines
73041900;Other hollow pipes iron/steel, of a kind used for oil or gas pipelines
62092000;Babies' garments/clothing accessories, of cotton
62093000;Babies' garments/clothing acces., of synthetic fibres
62099000;Babies' garments/clothing acces., of oth.text.materials
62099010;Babies' garments/clothing acces.of wool/fine anim.hair
62099090;Babies' garments/clothing acces., of oth.text.materials
62101000;Clothing made with felts or false fabrics
62102000;Overcoats, imperm.etc.text.materials with plastic/rubber
62103000;Mantle, imperm.etc.text.materials with plastic/rubber
62104000;Other garment made with plastic and rubber, masculine
68113000;Tubes, pipes and tube or pipe fit.of cellul.fibre-cement
68114000;Articles of cellulose fibre-cement or similar containing asbestos
68118100;Corrugated sheets, of cellulose fibre-cement, and similar
68118200;Other sheets and similar, of cellulose fibre-cement
68118300;Tubes, pipes and tube or pipe fit.of cellul.fibre-cement
68118900;Other articles of cellulose fibre-cement and similar
68119000;Other articles of cellulose fibre-cement and similar
68121010;Fabricated asbestos fibres
68121020;Mixtures with a basis of asbestos and magnes.carbonate
68122000;Yarn of asbestos or mixtures
68123000;Cord and strings, of asbestos or mixtures
68124000;Fabris and mesh fabrics, of asbestos or mixtures
68125000;Clothing and access.footwear, etc.of asbestos/mixtures
68126000;Paper, millboard and felt, of asbestos or mixtures
68127000;Compressed asbestos sheets and elastom.f/gaskets
69031019;Oth.refractory crucibles, of graphite/oth.carbon>50%
69031020;Refractory retorts, of graphite c/silicon carbide
69031030;Refractory lids, of graphite or other carbon>50%
69031040;Refractory tube, of graphite/oth.carbon or mixtures>50%
69031090;Oth.refractory ceramic goods, of graphite/oth.carbon>50%
69032010;Refractory crucibles, of alumina or alumina c/silica>50%
69032020;Refractory lids, of alumina or alumina c/silica>50%
69032030;Refractory tube, of alumina or alumina c/silica>50%
69032090;Oth.refrac.ceram.goods, of alumina/alumina c/silica>50%
69039011;Refractory tube, silicon carbide
69039012;Refractory tube, zirconium compounds
69039019;Other refractory ceramic tube
62132000;Handkerchiefs, of cotton
62139000;Handkerchiefs, of other textile materials
62139010;Pocket handkerchiefs,  silk/silk waste
62139090;Pocket handkerchiefs,  other frabrics
62141000;Shawls, scarves, mufflers, mantillas, etc.silk/silk waste
62142000;Shawls, scarves, mufflers, mantil.etc.wool/fine anim.hair
72091500;Cold-rolled iron/steel, w>=6dm, coils, t>=3mm
72091600;Cold-rolled iron/steel, w>=6dm, in coils, 1mm<t<3mm
72091700;Cold-rolled iron/steel, w>=6dm, coils, 0.5mm<=t<=1mm
72091800;Cold-rolled iron/steel, w>=6dm, coils, w<0.5mm
72092500;Cold-rolled iron/steel, w>=6dm, n/coils, t>=3mm
72092600;Cold-rolled iron/steel, w>=6dm, in coils, 1mm<t<3mm
61062000;Shirts, etc.of synth/artific fibres mesh, feminine uses
61069000;Shirts, etc.of oth.textile materials mesh, feminine uses
61071100;Underpants and briefs, of cotton mesh
61071200;Underpants and briefs, of synth/artif fibres mesh
61071900;Underpants and briefs, etc.of oth.textile materials mesh
61072100;Nightshirts, etc of cotton mesh, masculine uses
61072200;Nightshirts, etc of synt/artif fibres mesh, masculin.uses
60063300;Ot.fabrics of mesh, synt.fibr.of yarns of differ.colours
60049010;Other fabrics of cotton mesh, w>30cm
60049020;Other fabrics fibres mesh synt/artif, w>30cm
60049030;Outs.tecidos de malha fibras sinteticas l>30cm
60049040;Outs.tecidos de malha fibras artificiais l>30cm
60049090;Other fabrics of mesh of other textile materials w>30cm
60051000;Fabrics of warp mesh, of wool/fine animal hair
60052100;Fabrics of warp mesh, raw or bleached
52061200;Cotton yarn<85%, simple, fibr.n/comb.232.56d<=t<714.29d
52061300;Cotton yarn<85%, simple, fibr.n/comb.192.31d<=t<232.56d
52061400;Cotton yarn<85%, simple, fibr.n/comb.125d<=tit<192.31d
69039099;Other refractory ceramic goods
69041000;Ceramic bricks
72085200;Hot-rolled iron/steel, w>=60cm, n/coils, 4.75<=t<=10mm
72085300;Hot-rolled iron/steel, w>=60cm, n/coils, 3mm<=t<4.75mm
72085400;Hot-rolled iron/steel, w>=60cm, n/coils, t<3mm
72089000;Hot-rolled iron/steel, w>=6dm, n/clad/plated, etc
55031010;Fibres of aramids, no carded, no combed, etc.
56039330;Outros falsos tecidos polipropilen,70g/m2<peso<=150g/m2
56039340;Outros falsos tecidos raiom viscos,70g/m2<peso<=150g/m2
56039390;Other non-wovens, 70g/m2<weight<=150g/m2
56039400;Other non-wovens weight>150/m2
56039410;Outros falsos tecidos de poliester,peso>150g/m2
56039420;Outros falsos tecidos de polipropileno,peso>150g/m2
56039430;Outros falsos tecidos, de raiom viscose peso>150g/m2
56039490;Outros falsos tecidos,peso>150g/m2
56041000;Rubber thread and cord, textile covered
56042010;High tenacity yarn of polyesters, etc.with rubber
56042020;High tenacity yarn of polyesters, etc.with plastic
56049010;Imitations of catgut constituted by threads of silk
56049021;High tenacity yarn, of polyesters, nylon, other polyamides, recovered with rubber
56049022;High tenacity yarn, of polyesters, nylon, recovered with plastic
56049090;Other textile yarn/strip, etc.with rubber/plastic
60063290;Other knitted or crocheted fabrics of synthetic fibers, dyed, other types
64021900;Footwear for other sports, of rubber or plastic
64022000;Footwear with upper straps, of rubber/plastic, etc
64023000;Oth.footwear of rubber/plastic c/prot.metal toecap
64029100;Oth.waterproof footwear of rubber/plast.covering the ankle
64029110;Other footwear, covering the ankle, with a protective metal toecap
64029190;Other footwear with outer soles and uppers of rubber or plastic, covering the ankle, not classified in previous codes
64029900;Other footwear of rubber/plastic
64029910;Other footwear, covering the ankle, with a protective metal toecap
64029990;Other footwear with outer soles and uppers of rubber or plastic, not classified in previous codes
64031200;Ski-boots and snowboard boots, of leather
64031900;Footwear for other sports, of leather
64032000;Footwear of leather, with upper straps, etc
64033000;Footw.of leather, made on base of wood, n/inner sole, etc
70159020;Glasses for safety masks or goggles
70159030;Glass for other glasses
70159090;Oth.glass f/sim.glasses f/clock, glass spheres, etc
70161000;Glass cubes, etc., f/mosaics and decorative purposes
71082000;Gold, unwrought/semi-manufact.forms, f/n/monetary
71090000;Base metals/silver, clad with gold n/further worked, etc
71101100;Platinum, unwrought or in powder form
71101910;Platinum, bars, yarns and profiles of solid cross-section
71101990;Platinum, other semi-manufactured forms
71102100;Palladium, unwrought or in powder form
71102900;Palladium in semi-manufactured forms
71103100;Rhodium, unwrought or in powder form
71103900;Rhodium in semi-manufactured forms
56012299;Oth.articles of wadding of fibres synth/artificial
56012900;Wadding/oth.wadding articles, of oth.textile materials
56013010;Textile flock and dust, of aramid fibres
56013090;Textile flock and dust, of textile materials
56021000;Needleloom felt/stitch-bonded fibre fabrics
56022100;Felt of wool/fine anim.hair, n/impregnated, n/covered, etc
56022900;Felt of other textile mater.n/impregnat.n/covered, etc
56029000;Other felt impregnated/covered/coated/laminated
56031110;Non-wovens of aramid filaments, weight<=25g/m2
68129200;Paper, millboard and felt, of asbestos or mixtures
68129300;Compressed asbestos sheets and elastom.f/gaskets, in rolls included
68129910;Other gaskets and elements of asbestos and similar, with function to ban
54082100;Fabric of artificial filament>=85%, raw/bleached
54082200;Fabric of artificial filament>=85%, dyed
52062300;Cotton yarn<85%, simple, fibr.comb.192.31d<=tit<232.56d
52062400;Cotton yarn<85%, simple, fibr.comb.125d<=title<192.31d
52062500;Cotton yarn<85%, simple, fibr.comb.title<125decitex
54071011;Fabric ob.from high ten.yarn, aramid, without rubber yarn
54071019;Fabric ob.from high ten.yarn, nylon, etc.with.rubber yarn
54071021;Fabric ob.from high ten.yarn, of aramid, with rubber yarn
54071029;Fabric ob.from high ten.yarn, nylon, etc.with rubber yarn
54072000;Fabric obtained from laminate synthetic, etc.
54073000;Fabrics blankets of threads of synthetic filament
72221910;Bars of stain.steel, hot-rolled, etc.rect.squar.cross-sec
72221990;Other bars of stain.steel, hot-rolled, etc.
72222000;Bars of stainless steel, obtained/cold-finished
72223000;Other bars of stainless steel
72224010;Profiles of stainless steel, height>=80mm
72224090;Other profiles of stainless steel
72230000;Wire of stainless steel
72241000;Other alloy steel in ingots or other primary forms
72249000;Semi-manufactured products, of other alloy steel
72251100;Rolled alloy of silicon steel, w>=600mm, grain-oriented
72251900;Other rolled alloy steel silicon, w>=600mm
72252000;Rolled produc.of alloy of high speed steel, w>=600mm
72253000;Hot-rolled of oth.alloy steel, w>=600mm, in colis
62041100;Suits (skirt-coat), of wool or fine animal hair
62041200;Suits (skirt-coat), of cotton
62041300;Suits (skirt-coat), of synthetic fibres
62041900;Suits (skirt-coat), of other textile materials
62042100;Ensembles of wool or fine animal hair, feminine uses
62042200;Ensembles of cotton, feminine uses
68159919;Oth.articles of stone/mineral substances, electro-melted
72061000;Iron or steel, in ingots
72069000;Iron and non-alloy steel in ingots or oth.primary forms
72071110;Billets of iron/steel, c<0.25%, rect.squar.cross-sec.w<2e
72071190;Ot.semi-finis.prod.of iron/steel, c<0.25%, cross-sec.w<2e
72071200;Ot.semi-finis.prod.iron/steel, c<0.25%, rec.sq.cross-sec
72071900;Ot.semi-finis.prod.iron/steel, non-alloy, carbon<0.25%
72072000;Semi-finished prod.iron/steel, non-alloy, carbon>=0.25%
72081000;Hot-rolled iron/steel, w>=60cm, coils, with patter.relief
72082500;Hot-rolled iron/steel, w>=60cm, coils, pickled t>=4.75mm
72082610;Hot-rolled iron/steel, w>=60cm, coils, pickl.t>=3mm, 355mpa
34029011;Mixtures of surface-active agent cont.non-ionic prods
34029019;Other mixtures of surface-active agents
34029020;Solutions or emulsions of surface-active products
61041900;Suits of mesh of other textile materials
61041910;Suits of mesh of wool or fine animal hair, feminine uses
61041920;Suits of cotton mesh, feminine uses
61041990;Suits of mesh of other textile materials, feminine uses
61042100;Ensembles of mesh of wool/fine animal hair, femin.uses
61042200;Ensembles of cotton mesh, feminine uses
61042300;Ensembles of synthetic fibres mesh, feminine uses
61042900;Ensembles of mesh of oth.textile materials, feminin.uses
61042910;Ensembles of mesh of wool/fine animal hair, femin.uses
61042990;Ensembles of mesh of oth.textile materials, feminin.uses
61043100;Blazers of mesh of wool/fine animal hair, feminine uses
61043200;Blazers of cotton mesh, feminine uses
61043300;Blazers of synthetic fibres mesh, feminine uses
61043900;Blazers of oth. textile materials mesh, feminine uses
62149010;Shawls, scarves, mufflers, mantil.etc.of cotton
62149090;Shawls, scarves, mufflers, mantil.etc.oth.text.materials
62151000;Ties, cravats, etc.of silk/silk waste
62152000;Ties, cravats, etc.of synthetic/artificial fibres
54074100;Fabric of nylon filament, oth.polyamide>=85%, raw/bleac
63019000;Other blankets and travelling rugs
63021000;Bed linen, knitted or crocheted
63022100;Bed linen,  of cotton,  printed
63022200;Bed linen, of synth/artific fibres, printed
63022900;Bed linen, of other textile materials, printed
63023100;Other bed linen, of cotton
63023200;Other bed linen, of synth/artific fibres
63023900;Other bed linen, of other textile materials
63090090;Other worn articles of textile materials
63101000;Rags, cordage, etc.of textile materials, sorted
63109000;Oth.rags, cordage, etc.of textile materials, waste
64011000;Waterproof footw.of rubber/plastic c/prot.metal toecap
64019100;Waterproof footwear of rubber/plast.covering the knee
63053310;Sacks f/packing, of polyethylene/polypropylen mesh
63053390;Other sacks f/packing, of strip polyethylene, etc.
63053900;Sacks f/packing, of oth.textile materials synth/artif
63059000;Other sacks for packing
69049000;Ceramic building bricks, flooring blocks and like
69051000;Roofing tiles
69059000;Other ceramic building goods
69060000;Ceramic pipes, conduits, guttering/pipe fittings
69071000;Tiles, etc.of ceramic, unglazed, n/enameled, side<7cm
69079000;Other tiles, etc.of ceramic, unglazed, n/enameled
69081000;Tiles, etc.of ceramic, glazed, enameled, side<7cm
69089000;Other tiles, etc.of ceramic, glazed, enameled
69091100;Porcelain wares and articles, f/chemical/technical uses
69091210;Thread guides f/tex.mach.hardness>=9mohs, oth.ceramics
69091220;Pin guides, f/printing heads.h>=9mohs, oth.ceramics
69091230;Rings of silicon carbide for mechanical seals
69091290;Oth.ceramic articles, exc.porcelain, hardness>=9mohs
69091910;Oth.thread guides f/tex.mach.of ceramic, exc.porcelain
68042219;Oth.millston./sim.of agglomer.abrasives/ceram.d<53.34cm
68042290;Oth.millstones of oth.agglomer.abrasives/ceramic
68042300;Other millstones and similar articles
72031000;Ferrous products obtain.by direct reduction of iron ore
72039000;Other spongy ferrous products, in lumps, pellets, etc
72041000;Waste and scrap of cast iron
72042100;Waste and scrap of stainless steel
72042900;Waste and scrap of other alloy steel
72043000;Waste and scrap of tinned iron or steel
72044100;Turnings, shavings, chips, milling waste, etc
72044900;Other waste and scrap of iron or steel
72045000;Remelting scrap ingots of iron or steel
72051000;Granules of pig iron, spiegeleisen, iron or steel
72052100;Powders of alloy steel
72052910;Spongy ferrous powders containing by weight>=98%of iron
72052920;Outs pos de ferro revest.resina c/teor fe=>98% em peso
72052990;Other powders of pig iron, spiegeleisen, iron or steel
73042110;Drill pipe of n/alloy steel, seamless f/petr.gas extrat.
61119010;Babies' mesh garments/clothing accessories.of wool or fine animal hair
61119090;Babies' mesh garments/clothing accessories.of other textile materials
61121100;Track suits, of cotton mesh
61121200;Track suits, of synthetic fibres mesh
61121900;Track suits, of other textile materials mesh
61122000;Ski suits, of other textile materials mesh
61123100;Men's or boys' swimwear, of synthetic fibres mesh
61123900;Men's or boys' swimwear, of oth.textile materials mesh
61124100;Women's or girls' swimwear, of synthetic fibres mesh
61124900;Women's or girls' swimwear, of ot.textile materials mesh
61130000;Garments, made-up of mesh fabrics with plastic/rubber
63071000;Dish-cloths, dusters and similar cleaning cloths
63072000;Life-jackets and life-belts
63079010;Other made-up articles, of nonwovens
63079020;Fire-proofed sleeves f/emerg.evacuation of persons
63079090;Other made-up textile articles
63080000;Sets consist.of fabric/yarn, f/making up into rugs, etc.
64019200;Waterproof footwear of rubber/plast.covering the ankle
55031099;Fibres of nylon/other polyamides, n/carded, n/combed, etc
55031100;Fibres of aramids, no carded, no combed, etc.
55031910;Bicomponent fibres, of different points of fusion
55031990;Fibres of nylon/other polyamides, n/carded, n/combed, etc
54075100;Fabric of polyester filament textured>=85%, raw/bleach
54075210;Fabric of polyest.filam.text.>=85%, dyed/without rubber
54075220;Fabric of polyest.filam.text.>=85%, dyed/with rubber
54075300;Fabric of polyest.filam.text.>=85%, different colours
56031120;Falsos tecidos de poliester
56031130;Falsos tecidos de polipropileno
56031140;Falsos tecidos de raiom viscose
56031190;Non-wovens of other filaments synt/artif, weight<=25g/m2
56031210;Non-wovens of high densit.polyet.filaments 25<w<=70g/m2
56031220;Non-wovens of aramid filaments 25<w<=70g/m2
56031230;Falsos tecidos de poliester
56031240;Falsos tecidos de polipropileno
56031250;Falsos tecidos de raiom viscose
56031310;Non-wovens of high densit.polyet.filam.70<w<=150g/m2
56031320;Non-wovens of aramid filaments 70<w<=150g/m2
56031330;Falsos tecidos de poliester
56031340;Falsos tecidos de polipropileno
56031350;Falsos tecidos de raiom viscose
56031390;Non-wovens of other synth/artif filaments 70<w<=150g/m2
60052200;Fabrics of warp mesh, dyed
60052300;Fabrics of warp mesh, of yarns of different colours
60052400;Fabrics of warp mesh, printed
60053100;Fabrics of warp mesh, raw or bleached
60053200;Fabrics of warp mesh, dyed
56031290;Non-wovens of other synth/artif filaments 25<w<=70g/m2
60053300;Fabrics of warp mesh, of yarns of different colours
60053400;Fabrics of warp mesh, printed
60054100;Fabrics of warp mesh, raw or bleached
60054200;Fabrics of warp mesh, dyed
60054300;Fabrics of warp mesh, of yarns of different colours
60054400;Fabrics of warp mesh, printed
60059000;Other fabrics of warp mesh
60059010;Fabrics of warp mesh, of wool or fine animal hair
72101100;Rolled iron/steel, w>=6dm, tin, t>=0.5mm
72101200;Rolled iron/steel, w>=6dm, tin, t<0.5mm
72102000;Rolled iron/steel, w>=6dm, coat.lead, incl.lead-tin
72103010;Rolled prod.iron/steel, w>=6dm, elect.galvanized t<4.75mm
72103090;Rolled prod.iron/steel, w>=6dm, electrolycally galvanized
72104110;Rolled prod.iron/steel, w>=6dm, galv.oth.proc.cor.t<4.7mm
72104190;Oth.rolled prod.iron/steel, w>=6dm, galv.oth.proc.corrug.
3022900;Other fresh/chilled flat fish exc.fish filets, etc.
1029019;Other pure-bred breeding bovines
1029090;Other live bovines
1031000;Pure-bred breedig swines
1039100;Other live swine, weighing less than 50 kg
1039200;Other live swine, weighing 50 kg or more
1041011;Pure-bred breeding, pregnant or lactating, sheep
1041019;Other pure-bred breeding sheep
1041090;Others live sheep
1042010;Pure-bred breeding goats
1042090;Other live goats
1051110;Fowls spec.gallus domestic.w<=185g pure-bred breeding
1051190;Oth.live fowls spec.gall.domest.weig.not more than 185g
1051200;Live turkeys, weighing not more than 185g
1051300;Ducks
1051400;Geese
1051500;Dangola chickens - painted
1051900;Live ducks/geese/guine fowls, weighing<=185g
1059200;Other live fowls species gallus domesticus, w<=2.000g
30061020;Materials for surgical sutures, of stainless steel
30061090;Other sterile catgut, etc.for surgical sutures
30062000;Reagents fordetermination of the blood-grouping
30063011;Opacifying preparations based on iohexol, forx-ray exam.
30063012;Opacif.preparat.of dimeglumine iocarmate, forx-ray exam.
30063013;Opacif.preparat.of iopamidol forx-ray examinattion
70133290;Oth.glassware, used f/table, kitchen, exp<=0.000005k
70133300;Other drinking glasses of lead crystal, excluding of glass ceramics
70133700;Other drinking glasses, excluding of glass ceramics
70133900;Oth.glassware of a kind used f/table, kitchen
70134100;Glassware of lead crystal, of a kind used for table or kitchen purposes, excluding drinking glasses and glass ceramics
72143000;Bars of free-cutting steel, hot-rolled, etc
72149100;Bars of iron/steel, hot-rolled, etc.rectan.squar.cross-se
72149910;Bars of iron/steel, hot-rolled, etc.circular section
72149990;Other bars of iron/steel, non-alloy, hot-rolled, etc.
70072100;Laminated safety glass, f/automobiles, etc
70072900;Other laminated safety glass
70080000;Multiple-walled insulating units of glass
70091000;Rear-view mirrors for vehicles
70099100;Glass mirrors, unframed
72112300;Cold-rolled iron/steel, w<6dm, containing<0.25% of carbon
72112910;Cold-rolled iron/steel, w<6dm, contain.0.25%<=carb.<0.6%
72112920;Cold-rolled iron/steel, w<6dm, containing>=0.6% of carbon
72119010;Oth.cold-rolled iron/steel, w<6dm, containing>=0.6%carbon
72119090;Oth.rolled iron/steel, w<6dm, n/clad/plated, etc.
72121000;Rolled iron/steel, w<6dm, tin
72122010;Rolled iron/steel, w<6dm, electrolyt.galvanized t<4.75mm
61159900;Other stockings of other textile materials mesh
61161000;Gloves, etc.of mesh, impregnated, etc.of plastics/rubber
61169100;Gloves, etc.of mesh of wool or fine animal hair
69022099;Oth.pieces refract.ceram.with alumina/silica>50%
69029010;Refractory bricks and similar refract.ceramic of graph.
69029020;Refractory bricks and sim.refrac.ceram.n/fused, zro2>25%
69029030;Refract.ceram.pieces c>85%diam<=5microns, used high-oven
69029040;Other refractory bricks, blocks and similar, of silicon carbide
69029090;Oth.refractory bricks and sim.refr.ceram. f/construct.
72082790;Oth.hot-rolled iron/steel, w>=6dm, coils, pickled t<3mm
72083610;Hot-rolled iron/steel, w>=60cm, coils t>10mm, elast.355mpa
72083690;Other hot-rolled iron/steel, w>=60cm, coils, t>10mm
72083700;Hot-rolled iron/steel, w>=60cm, coils, 4.75mm<t<=10mm
72083810;Hot-rolled iron/steel, w>=60cm, coils 3<=t<4.75mm, 355mpa
72083890;Oth.hot-rolled iron/steel, w>=6dm, coils, 3mm<=t<=4.75mm
62114200;Other garments use cotton, masculine uses
62114300;Other garments of synth/artific.fibres, feminine uses
62114900;Other garments of other textile materials, feminine uses
62121000;Brassières
62122000;Girdles and panty-girdles
62123000;For modeling whole torso corselettes
62129000;Corsets, suspenders, gart.similar articles and parts ther
62131000;Handkerchiefs of silk/silk waste
72025000;Ferro-silico-chromium
72026000;Ferro-nickel
72027000;Ferro-molybdenum
72291000;Wire of other alloy of high-speed steel
72292000;Wire of other alloy of silico-manganese steel
72299000;Wire of other alloy steel
73011000;Sheet piling of iron or steel
73012000;Profiles of iron or steel, obtained by welded
73021010;Rails of steel, wighing 44.5 kg/m or more p/linear metre
73021020;Rails of cast iron/iron/steel, 67.5<=w<=68.5kg/m
73021090;Other rails of railway, of cast iron/iron/steel
73022000;Sleepers of cast iron/iron/steel
62105000;Other garment made with plastic and rubber, feminine
62111100;Swimwear, except of mesh
61159200;Other stockings of cotton mesh
61159300;Other stockings of synthetic fibres mesh
61159400;Other similar panty hose of wool or fine animal hair
61159500;Other stockings of cotton mesh and similar
61159600;Other panty hose of mesh and similar, of synthetic fibres
68043000;Hand sharpening/polishing stones, of natural stones, etc
68051000;Natur/artific.abrasive powder/grain, base of text.mater
68052000;Natur/artific.abrasive powder/grain, base paperboard
68053010;Natur/artif.abrasive on a base paper/paperb.c/text.mat.
68053020;Abras.discs of vulcan.fibre covered with alum.oxid.etc
68053090;Oth.natur/artif.abrasive powder/grain, base oth.material
68061000;Slag wool of high-oven, etc.in bulk, etc.sheets/rolls
71081319;Other bars, yarns, etc.of gold, f/n/monetary uses
71081390;Gold, oth.semi-manufact.forms of gold bullion, f/n/mon
71081391;Gold, oth.semi-manufact.forms of gold bullion, f/n/mon
71081399;Gold, other semi-manufact.forms, f/n/monetary uses
65020090;Hat-shapes, plaited, etc. of other materials
65030000;Felt hats and oth.felt headgear, obt. hat bodies, etc
65040010;Hats and other headgear, plaited, etc.of fine straw
65040090;Hats and other headgear, plaited, etc.of other materials
65050011;Cotton caps
70134210;Coffee-pots/teapots, of glass, coefficient of expansion <= 5x10-6k
70134290;Other glassware for table or kitchen purposes, coefficient of expansion <= 5x10-6k
70134900;Other glassware for table or kitchen purposes, excluding before mentioned
70139110;Articules of lead crystal, f/interior decoration
70139190;Oth.articules of lead crystal, f/toilet/office
70139900;Other glassware, f/toilet/office, etc.
70140000;Signalling glassware, etc
70151010;Glasses f/corrective spectacles, photochr.n/optic.worked
70151091;Glasses f/corrective spectacles, white, n/optic.worked
70151092;Glasses f/corrective spectacles, coloured, n/optic.worked
70159010;Clock glasses
68129100;Clothing and access.footwear, etc.of asbestos/mixtures
61141000;Other garments of mesh of wool or fine animal hair
61142000;Other garments of cotton mesh
61143000;Other garments, of synthetic/artificial fibres mesh
61149000;Other garments, of other textile materials mesh
61149010;garments/fabrics of mesh of wool or fine animal hair
61149090;Garments/fabrics, of other textile materials mesh
61151011;Panty hose of synthetic fibres mesh, <67decitex s/y (measuring per single yarn)
61151012;Panty hose of synthetic fibres mesh,>67decitex s/y (measuring per single yarn)
61151013;Panty hose of mesh of wool or fine animal hair
61151014;Panty hose of cotton mesh
61151019;Other panty hose of other textile materials
61151021;Women's full-length or knee-length hosiery, <67decitex s/y (measuring per single yarn), of synthetic or artificial fibres
61151022;Women's full-length or knee-length hosiery, <67decitex s/y (measuring per single yarn), of cotton or similar fibres
61151029;Women's full-length or knee-length hosiery, <67decitex s/y (measuring per single yarn), of other textile materials
61151091;Other similar panty hose of wool or fine animal hair
61151092;Other stockings of cotton mesh and similar
64021200;Ski-boots and snowboard boots, of rubber/plastic
62111200;Swimwear, except of mesh
62112000;Ski suits, except of mesh
62113100;Other garments of wool or fine animal hair, masculine uses
62113200;Other garments of cotton, masculine uses
62113300;Other garments of synth/artific.fibres, masculine uses
62113900;Other garments of other textile materials, masculine uses
62113910;Other garments of wool or fine animal hair, masculine uses
68129020;Fabricated asbestos fibres
68129030;Mixtures with basis of asbestos or with basis of asbestos and magnesium carbonate
68129090;Other articles of asbestos or mixtures
38089121;Insecticide based on acephate
38089122;Insecticide based on cypermethrins or permethrin
61046900;Trousers, etc.of mesh of ot.text.materials, feminn.uses
61051000;Shirts, etc.of cotton mesh, masculine uses
61052000;Shirts, etc.of synth/artific fibres mesh, masculine uses
61059000;Shirts, etc.of oth.textile materials mesh, masculine uses
61061000;Shirts, etc.of cotton mesh, feminine uses
3043900;Fillets/other meats o other fish,frozen,chilled or fre.
3044100;Fillets of salmons of pacific and danube
3044200;Trout fillets (almo trutta, oncorhynchus mykiss, etc.)
3044300;Fillets of flatfish (pleuronectidae, soleidae, etc.)
3044400;Fish fillets of families bregmacarotidae
3044500;Fillets and other meat of swordfish (xyphias gladius)
3044600;Fillets of black hake and hake from antartica
3044910;Fillets of atlantic wreckfish, fresh or chilled
3044920;Fillets of groupers (acanthistius spp),fresh or chilled
3044990;Other fish fillets, fresh or chilled
3045100;Fillet of tilapia, catfish, carp, eel, fresh or chilled
3045200;Fillet and other meats of salmon, fresh or chilled
3045300;Fish fillets of specific families
38249973;"Preparations based on tungsten carbide (wolfram) with nickel as a binder; hydrogen bromide solution"
38249974;Preparations based on nickel or cadmium hydroxide, cadmium oxide or ferric ferrous oxide, suitable for the manufacture of alkaline
38249975;"Preparations used in the preparation of culture media; ion exchangers for water treatment; preparations based on artificial zeolites"
38249976;Absorbing compounds based on metals to improve the vacuum on tubes or electric valves
38249977;Foliar fertilizers containing zinc or manganese
38249978;Preparations of aluminum oxide and zirconium oxide, with a content of zirconium oxide equal or greater than 20%, by weight
38249979;Other products and basic inorganic compounds preparations, not specified or included elsewhere
38249981;Preparations polyisobutylene succinic anhydride based on mineral oil
38249982;"Halquinol; tetrachlorohydroglycine of aluminum and zirconium"
38249983;"Triisocyanate of phenyl thiophosphate  or triphenylmethane, in methylene chloride solution or ethyl acetate; preparations based on tetraacetyl ethylenediamine (TAED), in granules"
38249985;Sodium methylate in methanol
38249986;"Maneb; mancozeb; benzalkonium chloride"
38249987;Aqueous dispersion of polyurethane or microcapsules of melamine-formaldehyde containing a dye precursor in organic solvents
38249988;Mixtures particularly of the following compounds: alquilfosfonofluoridatos O-alkyl (up to C10, including cycloalkyl), N, N-dialquilfosforoamidocianidatos O-alkyl (up to C10, including cycloalkyl), hydrogen alquilfosf
38249989;Other products and basic organic compounds preparations, not specified or included elsewhere
39014000;Copolymers of ethylene and alpha-olefin, density of less than 0.94
39076100;Polyethylene terephthalate, the viscosity index of 78 ml/g or more
39076900;Other ethylene terephthalate
39093100;Poly (phenyl methylene isocyanate) (MDI crude, MDIC polymeric)
39093900;Other amino-resins
40117010;"New pneumatic tires, of rubber, of a kind used in vehicles and machinery for agricultural and forestry purposes,in the following measures:4,00-15;4,00-18;4,00-19; 5,00-15;5,00-16; 5,50-16;6,00-16; 6,00-19;6,00-20; 6,50-16; 6,50-20; 7,50-16;7,50-18;7,50-20"
40117090;New pneumatic tires, of rubber, of a kind used in vehicles and machinery for agricultural and forestry purposes, in other measures
40118010;"New pneumatic tires, rubber, radial, for dumpers designed for off-highway use, with a section of a width equal or greater than 940 mm (37""), for rims of a diameter equal or greater than 1,448 mm (57"")"
40118020;"New pneumatic tires, of rubber, of a kind used in vehicles and machines for construction, mining and industrial maintenance, with a section with a width equal or superior than 1,143 mm (45""), for rim with a diameter eual or superior than 1,143 mm (45"")"
3045400;Fillets of swordfish (xyphias gladius),fresh or chilled
3035700;Swordfish (xiphias gladius), frozen
3036000;Frozen cod,  except fish filets,  other fish meat,  etc.
3036100;Swordfish (xiphias gladius), frozen
3036210;Black whiting (dissosts.eleginoides), frozen
3036211;Black whiting,  frozen fishes,  gutted,  no head,  no tail
3036212;Black whiting heads, frozen
3036219;Others black whiting, frozen
3036221;Antarctic whiting,  frozen/gutted fishes,  no head,  no tail
3036222;Antarctic whiting heads, frozen
54082300;Fabric of artificial filament>=85%, yarns diff.colours
54082400;Fabric of artificial filament>=85%, printed
54083100;Other fabrics of artificial filament<85%, raw/bleached
54083200;Other fabrics of artificial filament<85%, dyed
54083300;Other fabrics of artificial filament<85%, differ.colours
54083400;Other fabrics of artificial filament<85%, printed
55011000;Cables of nylon or other polyamides
55012000;Cables of polyesters
55013000;Cables acrylic or modacrylic
55014000;Cables of synthetic polypropylene filaments
55019000;Cables of other synthetic filament
55020010;Cellulose acetate tow
55020020;Viscose rayon tow
55020090;Tow of other artificial filament
84601200;Machines for grinding flat surfaces, numerically controlled
84602200;Machinery for rectifying without center, numerically controlled
84602300;Other machines for rectifying cylindrical surfaces, numerically controlled
84602400;Other machines for rectifying, numerically controlled
84652000;Machining centers (manufacturing)
85284210;Monitors with cathode ray tube, capable of being connected directly to an automatic data processing machine of Heading 8471 and designed for use with this machine, monochromatic
85284220;Monitors with cathode ray tube, capable of being connected directly to an automatic data processing machine of Heading 8471 and designed for use with this machine, polychromatic
85285210;Other monitors, capable of being connected directly to an automatic data processing machine of Heading 8471 and designed for use with this machine, monochromatic
85285220;Other monitors, capable of being connected directly to an automatic data processing machine of Heading 8471 and designed for use with this machine, polychromatic
87116000;Motorcycles (including mopeds) and cycles fitted with an auxiliary motor, even with sidecar, with electric motor for propulsion
3033900;Oth.frozen flat fish, exc.fish filets oth.fish meat, etc
84248221;Sprinklers and sprinkler irrigation systems for agriculture or horticulture
84248229;Sprinklers and irrigation systems for agriculture or horticulture, except by sprinkling
84248290;Other machinery for agriculture or horticulture
84323110;Sowers, for tillage
84323190;Planters and transplanters, tillage
84323910;Sowers except for tillage
84323990;Planters and transplanters, except tillage
84324100;Manure spreaders
84324200;Distributors of fertilizers
84561111;Machine tools working by removing any material, by laser, numerically controlled, for cutting sheet metal of a thickness exceeding 8 mm
84561119;Machine tools working by removing any material, by laser, numerically controlled, for cutting other sheet
84561190;Other machine tools working by removing any material, by laser
84561211;Machine tools working by removing any material, operated by another beam of light or photons, numerically controlled, for cutting sheet metal of a thickness exceeding 8 mm
84561219;Machine tools working by removing any material, operated by another beam of light or photons, numerically controlled, for cutting other sheet
44187300;Assembled flooring panels, of bamboo or of at least the upper layer of bamboo
44187400;Other mounting panels for floor coverings, for mosaic floors (floors)
44187500;Other assembled panels for floor coverings (paving), multi-ply
44189100;Other joinery and carpentry of wood, including cellular wood panels, assembled flooring panels, shingles and shakes, of bamboo
44189900;Other joinery and carpentry of wood, including cellular wood panels, assembled flooring panels, shingles and shakes
29221971;Chloridrate
29221979;Other propafenones and their salts
29221981;Tartarate
29221989;"Other aminoalcohols, except those containing more than one kind of oxygen function, their ethers and esters; salts thereof"
29233000;Tetraethylammonium perfluoroctanosulfonate
29234000;Didecyldimethylammonium perfluoroctanosulfonate
29242500;Alachlor (ISO)
29264000;alpha-Fenilacetoacetonitrilo
29306000;2-(N,N-diéthylamine)éthanethiol
29307000;Bis sulfide (2-hydroxyethyl) (thiodiglycol (DCI))
29308010;Aldicarb
1059300;Live fowls species gallus domesticus weighing 2.000g
1059400;Other live fowls species gallus domesticus, w<=2.000g
1059900;Live ducks/geese/turkeys/guinea fowls, weighing>185g
1060000;Other live animals
1060010;Ostriches (struthio camelus) for breeding
1060090;Other live animals
1061100;Primate mammals, alive
1061200;Whales, dolphins and other live mammals
1061300;Camels and camelids (camelidae)
1061400;Rabbits and hares
1061900;Other live mammals
29355000;Other perfluorooctane sulfonamide
29359011;Sulfadiazine and its sodium salt
29359012;Chlorthalidone
29359013;Sulpiride
29359014;Veralipride
29359015;Sulfamethazine (4,6-dimethyl-2-pyrimidin sulfanilamide) and its sodium salt
29359019;Other sulfonamides whose structure contains only heterocycle(s) heteroatomo (s), of nitrogen
29359021;Furosemide
29359022;Ftalilsulfatiazol
29359023;Piroxicam
29359024;Tenoxicam
29359025;Sulfamethoxazole
29359029;Other sulfonamides whose structure contains other(s) heterocycle(s)
29359091;Chloramine-B and chloramine-T
29359092;Glyburide
29359093;Toluenesulfonamide
29359094;Nimesulide
29359095;Bumetanide
29359096;Sulfaguanidine
29359097;Sulfluramid
29359099;Other sulfonamides
29397111;Cocaine and its salts
29397112;Ecgonine and their salts
29397119;Esters and other derivatives of cocaine and ecgonine
29397120;Levometthamphetamine, salts, esters and other derivatives
29397130;Methamphetamine, their salts, esters and other derivatives
29397140;Methamphetamine racemate, their salts, esters and other derivatives
29397911;Brometo de N-butilescopolamônio
29397919;"Other escopolamines and their derivatives; salts thereof"
30044990;Other medicaments (excluding goods of heading 3002, 3005 or 3006)
30046000;Other medicines containing active ingredients antimalarials (antimalarial)
31031100;Superphosphate, containing by weight 35% or more of P2O5
31031900;Other superphosphates
37050010;Photo masks on flat glass, positive, suitable for recording on silicon wafers (chips) for the manufacture of electronic microstructures
37050090;Other plates and film, exposed and developed, other than cinematographic film
38085200;DDT (ISO) (clofenotano (DCI)), packed in packages with a net weight content not exceeding 300 g
90065930;Laser imagesetters for preparation of clichés
90065940;Other cameras, fixed focus
90065951;Other photographic cameras, adjustable focus, for obtaining negatives of 45 mm x 60 mm or higher dimensions
90065959;Other photographic cameras, adjustable focus
94015200;Bamboo seats
94015300;Rattan seats
94038200;Bamboo furniture
94038300;Rattan furniture
94061010;Greenhouses, wooden
94061090;Other prefabricated buildings, made of wood
94069010;Greenhouses, except wooden
3037943;Frozen grey mullet
3037944;Frozen sturgeon
3037945;Frozen silversides
3037946;Frozen patagonian grenadiers
3037947;Frozen nototheniiforms
3037948;Frozen channel catfish
3037949;Frozen patagonian toothfish
3037951;Frozen shad, exc.fish fillets and other fish meat, etc.
3037952;Frozen tilapia spp.exc.fish fillets, oth.fish meat, etc
3037953;Frozen surubins, exc.fish fillets, other fish meat, etc
3037954;Frozen tahira, exc.fish fillets, other fish meat, etc
3037955;Frozen piau, exc.fish fillets, other fish meat, etc
3037956;Frozen pirarucu, exc.fish fillets, other fish meat, etc
3037957;Frozen argen.anchoita, exc.fish fillets, ot.fish meat, etc
3037961;Frozen brachyplat.vailliant, exc.fish fil.oth.fish meat,
3037962;Frozen gilded catfish, exc.fish filets, oth.fish meat, etc
3037963;Frozen pacu, exc.fish filets, oth.fish meat, etc.
3037964;Frozen black pacum, exc.fish filets, oth.fish meat, etc
3037965;Frozen tambacués, exc.fish filets, oth.fish meat, etc
3037990;Other frozen fish, exc.fish filets, oth.fish meat, etc
3038000;Frozen fish livers and roes
3038111;Blue shark (prionace glauca) full, frozen
3038112;Blue shark gutted, finess, headless, frozen
3038113;Blue shark in chunks, with skin, frozen
61151910;Panty hose of mesh of wool or fine animal hair
61151920;Panty hose of cotton mesh
61151990;Panty hose of other textile materials
61152010;Women's full-length, of synt/artif. fibre mesh tit<67dec
61152020;Women's full-length, of cotton mesh title<67decitex
61152090;Women's full-length, of oth.text.materials mesh t<67dec
61152100;Panty hose of synthetic fibres mesh, <67decitex s/y (measuring per single yarn)
55033000;Acrylic/modacrylic fibres, no carded, etc
55034000;Fibres of polypropylene, n/carded, n/combed, etc
55039000;Other synthetic staple fibres, n/carded, etc
55039010;Other synthetic bicomponent staple fibres, n/carded, etc
55039020;Fibres of poly(vinyl alcohol)no carded, etc.
55039090;Other synthetic bicomponent staple fibres, n/carded, etc
55041000;Fibres of viscose rayon, n/carded, n/combed, etc
56050010;Metallis.yarn, being textile yarn, etc.with precious met.
56050020;Metall.yarn, being textile yarn, etc.coat.with oth.metals
56050090;Oth.metall.yarn, being textile yarn, etc.comb.with metal
56060000;Gimped yarnstrip/mono-filament synth/artif, etc.
56071000;Cordage, ropes and cable, of jute/oth.textile bast fibres
56071011;Cordage, ropes and cable, of jute/num.meter 075 f/thread
56071019;Other cordages, ropes and cables, of jute
1021010;Pure-bred breeding bovine, pregnant or lactating
1021090;Other pure-bred breeding bovines
1022110;Purebred breeding cattle, pregnant or lactating
1022190;Other pure-bred cattle, for breeding
1022911;Other bovine animals for breeding,pregnant or lactating
1022919;Other bovine animals for breeding
1022990;Other live catlle
1023110;Pure-bred breeding buffalo, pregnant or lactating
1023190;Other pure-bred breeding buffalo
1023911;Other buffalo for breeding, ex. pure-bred or pregnant
1023919;Other buffalo for breeding, except pure-bred breeding
1023990;Other buffalos
1029000;Other live animals of bovine species
1029011;Other pure-bred breeding bovines pregnant/lactanting
85286200;Projectors, capable of being directly connected to an automatic data processing machine of Heading 8471 and designed for use with this machine
85395000;Lamps and light emitting diodes tubes (LED)
3051000;Flours/meals/pellets of fish for human consumption
3052000;Livers/roes of fish, dried, smoked, etc.
3053000;Fish filets,  dried, salted or in brine, but not smoked
40118090;Other new pneumatic tires, of rubber, of a kind used in vehicles and machines for construction, mining and industrial maintenance
40119010;"Other new pneumatic tires, of rubber, with a section with a width equal or superior than 1,143 mm (45""), for rim with a diameter eual or superior than 1,143 mm (45"")"
40119090;Other new pneumatic tires, of rubber
44011100;Firewood in any form, coniferous
44011200;Firewood in any form of non-coniferous
44014000;Sawdust (chips), waste and scrap, wood, non-agglomerated
44031100;Wood in the rough, even peeled, or roughly squared, treated with paint, creosote or other preservatives, coniferous
44031200;Wood in the rough, even peeled, or roughly squared, treated with paint, creosote or other preservatives, non-coniferous
44032100;Wood in the rough, even peeled, or roughly squared, pine (Pinus spp.), the largest cross-sectional dimension is equal or greater than 15 cm
44032200;Wood in the rough, even peeled, or roughly squared, pine (Pinus spp.)
44032300;Wood in the rough, even peeled, or roughly squared, (Abies spp.) and spruce (Picea spp.), the largest cross-sectional dimension is equal or greater than 15 cm
44032400;Wood in the rough of (Abies spp.) and (Picea spp.) even peeled, or roughly squared, (Abies spp.) and (Picea spp.)
7099011;Sweet corn, for sowing
7099019;Fresh/chilled sweet corn, except for sowing
7099020;Artichokes, fresh or chilled
7099090;Other vegetables, fresh or chilled
1062000;Live reptiles (incl.snakes and turtles)
1063100;Live birds of prey
1063200;Live psittaciformes (incl.parrots, macaws, etc)
68128000;Articles of crocidolite (asbestos) or in fibres
68129010;Gaskets and oth.elem.of asbestos, with function to ban
71162020;Needles-guides, of ruby,  for heads of printed
71162090;Ot.articles of prec./semi-precious stones, synt/reconst.
71171100;Cufflinks and other buttons, of base metal
71171900;Other imitation jewellery of  base metal
71179000;Other imitation jewellery
71181000;Coin (other than gold coin), not being legal tender
71181010;Intended f/use as legal tender in the importing country
71181090;Other coin(other than gold coin), not being legal tender
71189000;Other coin
72011000;Non-alloy pig iron cont.by weight<=0.5%phosphorus
72012000;Non-alloy pig iron cont.by weight>=0.5%phosphorus
72015000;Alloy pig iron(bruted), spiegeleisen
72021100;Ferro-manganese containing by weight>2% of carbon
72021900;Other ferro-manganese alloys
72022100;Ferro-silico containing by weight>55% of silicon
72022900;Other ferro-silico alloys
72023000;Ferro-silico-manganese
72024100;Ferro-chromium containing by weight>4% of carbon
72024900;Other ferro-chromium alloys
44071100;Wood sawn or chipped lengthwise, sliced or peeled, whether or not planed, sanded or end-jointed, of a thickness exceeding 6 mm, of pine (Pinus spp.)
3049229;Other antarctic whiting, fresh, chilled, frozen
3049300;Other meat of tilapia, catfish, carp, eel, frozen
3049400;Other meats of hakes from alasca, frozen
6049000;Foliage, branches of plants, dried, for bouquets, etc
6049100;Fresh foliage/branches/other part of plants forbouq.etc
6049900;Dried foliage/branches/other part of plants for bouq.etc
7011000;Seed potatoes
7019000;Other fresh or chilled potatoes
7020000;Tomato, fresh or chilled
7031011;Onions for sowing
7031019;Other fresh/chilled onions
7031021;Shallots for sowing
7031029;Other fresh/chilled shallots
7032010;Garlic for sowing
7032090;Other fresh/chilled garlic
7039010;Leeks and other alliaceous vegetables for sowing
7039090;Oth.fresh leeks/oth.alliaceous vegetables forsowing, etc
7041000;Fresh/chilled cauliflowers and broccoli
2042200;Other sheep cuts, with bone in, fresh or chilled
2042300;Other meat of sheep, boneless, fresh or chilled
2043000;Carcases and half-carcases of lamb, frozen
2044100;Carcases and half-carcases of sheep, frozen
2044200;Other lamb cuts with bone in, frozen
2044300;Meat of sheep, boneless, frozen
2045000;Meat of goats, fresh, chilled or frozen
2050000;Meat of horses, asses, mules, etc.fresh, chilled or frozen
2061000;Edible offal of bovine, fresh or chilled
2062100;Frozen edible bovine tongues
2062200;Frozen edible bovine livers
2062910;Frozen edible bovine tails
2062990;Other frozen edible bovine offal
2063000;Fresh or chilled edible offal of swine
2064100;Frozen edible livers of swine
2064900;Other edible offal of swine, frozen
2068000;Fresh or chilled edible offal of goats
2069000;Edible offal of sheep, goats, etc.frozen
2071100;Fresh/chilled fowls spec.gallus domestic.n/cut in piece
2071200;Frozen fowls spec.gallus domest.n/cut in piece
3034100;Frozen albacore or longfinned tunas exc.fish filets, etc
8052100;Mandarins (including tangerines and satsumas)
8052200;Clementines
8052900;Other citrus hybrids
12115000;Ephedra
16041800;Shark fins, prepared and preserved
22029100;Beer without alcohol
22029900;Other non-alcoholic beverages (except water, non-alcoholic beer and items of Heading 2009)
22042211;Wines in containers holding no more than 5 liters
22042219;Wines in containers holding more than 5 liters
22042220;Grape must in containers holding more than 2 liters, but no more than 10 liters
22042910;Wine in containers larger than 10 liters
28111200;Hydrogen cyanide (prussic acid or hydrocyanic acid)
28121100;Carbonyl chloride (phosgene)
28121200;Phosphorus oxychloride
54074200;Fabric of nylon filament, oth.polyamide>=85%, dyed
54074300;Fabric of nylon filam.oth.polyamide>=85%, difer.colours
54074400;Fabric of nylon filament oth.polyamide>=85%, printed
63039100;Curtains, valances, etc.of cotton, exc.mesh
63039200;Curtains, valances, etc.of synthetic fibres, exc.mesh
63039900;Curtains, valances, etc.of oth.textile materials, exc.mesh
63041100;Mesh bespreads
63041910;Cotton bedspreads, except mesh
63041990;Bedspreads of other textile materials
63049100;Other f/interior furnishing articles, of mesh
63049200;Other f/interior furnishing articles, of cotton, exc.mesh
63049300;Oth.f/interior furnish.articles, of synt.fibres, exc.mesh
63049900;Oth.f/interior furnish.articles, of oth.tex.mat.exc.mesh
63051000;Sacks f/packing, of jute/oth.textile bast fibres
63052000;Sacks for packing, of cotton
63053200;Flexible intermed.bulk containers, of tex.mat.synt/artif
3034500;"Frozen bluefin tunas ""thunnus thynnus"""
3034600;Frozen southerm bluefin tunas (thunnus maccoyii)
3034900;Oth.frozen tunas, exc.fish filets, oth.meats, livers, etc
3035000;Frozen herrings, exc.fish filets oth.meats, livers, etc
3035100;Herrings, frozen, except liver, eggs, semen
3035200;Cod (gadus morhua, gadus ogac), frozen
3035300;Sardines, frozen
3035400;Cavalinhas, frozen
3035500;Horse mackerel (trachurus spp.), frozen
3035600;Cobia (rachcentron canadum), frozen
3026951;Fresh/chilled brachyplatistoma vailianti, exc.filets, oth
3026952;Fresh/chil.gilded catfish, exc.fish filets, oth.fish meat
3026953;Fresh/chilled pacu, exc.fish filets oth.fish meat, etc
3026954;Fresh/chil.black pacum, exc.fish filets oth.fish meat,
3026955;Fresh/chill.tambacúe, exc.fish filets oth.fish meat, etc
3026990;Oth.fresh/chilled fishe, exc.fish filets, oth.fish meats,
3027000;Fresh/chilled fish livers and  roes
3027100;Tilapias (oreochromis spp.), fresh or chilled
29313995;"Hydrogen alkyl (C1 to C3) phosphonites of [O-2- (C1 to C3 dialkyl) amino) ethyl], its O-alkyl esters (up to and including C10, including cycloalkyl); alkylated or protonated salts of these products"
29313996;Other compounds containing a phosphorus atom bonded to an alkyl group (C1 to C3), no other carbon atoms
29313997;N,N-Dialkyl (C1 to C3) phosphoramidocyanoidates of O-alkyl (up to C10, including cycloalkyl)
29313999;Other organophosphorus derivatives
29321400;Sucralose
29339200;Azinphos-methyl (ISO)
29351000;N-Methylperfluorooctane sulfonamide
29352000;N-Ethylperfluorooctane sulfonamide
29353000;N-Ethyl-N-(2-hydroxyethyl)perfluoroctane sulfonamide
29354000;N-(2-Hydroxyethyl)-N-methylperfluorooctane sulfonamide
3019190;Other live trout (salmo trutta oncorhynchus)
3019210;Live eels (anguilla spp.) for breeding
3019290;Other live eels  (anguillas spp.)
3019310;Carp for breeding
3019390;Other live carp
3019410;Blue yellowfin (thunnus thynnus), for breeding
3019490;Others blue yellowfin (thunnys thynnus) for breeding
3019510;Other breeding fish
3019590;Other fishes, alive
3019910;Other fish, for breeding
2075300;Fatty livers of geese, fresh or chilled
2075400;Other meat of geese, fresh or chilled
2075500;Other meat of geese, frozen
38085910;Other commodities mentioned in Note of subheading 1 of htis Chapter, presented in forms or packings exclusively for direct use in sanitary applications
38085921;Commodities based on methamidophos (ISO) or monocrotophos (ISO), presented otherwise
38085922;Commodities based on endosulfan (ISO), presented otherwise
38085923;Commodities based on alachlor (ISO), presented otherwise
38085929;Commodities based on other substances, presented otherwise
38249914;Sodium senduramicina, from the manufacturing process of senduramicina
38249915;Maduramicin ammonium in alcoholic solution, from the manufacture of maduramicin
38249919;Other intermediate products for the manufacture of antibiotics or of vitamins or other products of Heading 29.36
38249921;"Dimerized fatty acids; preparations containing dimerized fatty acids"
64019900;Oth.waterproof footw.of rubber/plastic, seamless
64019910;Other footwear covering the knee, with outer soles of rubber or plastic
64019990;Oth.waterproof footw.of rubber/plastic, seamless
70031200;N/wired sheets, etc.of cast glass/colour.throug.roll.etc
70031900;Oth.n/wired sheets, of cast glass/rolled glass
70032000;Wired sheets, of cast glass/rolled glass
70033000;Profiles, of cast glass/rolled glass
70042000;Drawn glas.in sheets/blown glass, colour.throug.mass, etc
70049000;Other drawn glass sheets or blown glass
70051000;Float glass, in sheets, etc.non-wired, hav.absorbent
70052100;Float glass, in sheets, etc.non-wire, coloured, etc.
70052900;Oth.float glass, in sheets, etc.surfac.ground, etc.n/wire
70053000;Float glass, in sheets, etc.surface ground, polished/wire
70060000;Cast glass/drawn, float or surface ground, worked
70071100;Safety glass, tempered, f/automobiles/oth.vehicles
70071900;Other safety glass, tempered
2101100;Hams, should.and cuts of swine, with bone in, salted, etc.
2101200;"Bellies and chest ""streaky"" of swine, salted, etc."
3026910;Fresh/chilled hakes, exc.fish filets oth.fish meat, etc
3026921;Swordfish, fresh or chilled
3026922;Fresh/chilled sailfishes
3026923;Fresh/chilled southern red snapper
3026931;Fresh/chilled wreckfish
3026932;Fresh/chilled wirrahs
3026933;Fresh/chilled sturgeons
3026934;Fresh/chilled silversides
3026935;Fresh/chilled catfish
3026941;Fresh/chilled shad, exc.fish filets oth.fish meat, etc
3026942;Fresh/chilled tilapia spp.exc.fish filets, oth.fish meat
3026943;Fresh/chilled surubins, exc.fish filets oth.fish meat,
3026944;Fresh/chilled tahira, exc.fish filets oth.fish meat, etc
3026945;Fresh/chilled piau, exc.fish filets oth.fish meat, etc
3026946;Fresh/chilled grey mullet, exc.fish filets, oth.fish meat
3026947;Fresh/chilled pirarucu, exc.fish filets oth.fish meat,
3026948;Fresh/chilled weakfish, exc.fish filets oth.fish meat,
3049600;Fillets of dogfish and other sharks, fresh, chilled or frozen
3049700;Rays filets (Rajidae), fresh, chilled or frozen
3053230;Fillets of Ling (Molva molva) and zarbo (Brosme brosme), dried, salted or in brine, but not smoked
3053900;Fillets of other fish, dried, salted or in brine, but not smoked
3055200;Fish, dried, other than edible by-products of fish, whether or not salted but not smoked: tilapia, catfish, carp, nile perch and snake-head fish
3055310;Boreogadus saida, Pollachius virens, Molva molva, Molva dypterygia, Brosme brosme, Urophycis blennoides and Melanogrammus aeglefinus, dried, even salted, but not smoked
3055390;Other dried fish, excluding edible fish by-products, even salted, but not smoked
3055400;Dried fish, other than edible by-products of fish, whether or not salted but not smoked: various species
3055900;Other dried fish, excluding edible fish by-products, whether or not salted, but not smoked
3063100;Lobsters (Palinurus spp., Panulirus spp., Jasus spp.), live, fresh or chilled
3063200;Lavagantes (Homarus spp.), live, fresh or chilled
3063300;Live crabs, fresh or chilled
3037512;Blue shark, frozen/gutted, no head, no fin
3037513;Blue shark, frozen, in pieces, with skin
3037514;Blue shark,  frozen,  in pieces,  skinless
3037519;Others blue sharks, frozen
3037590;Other squaliform fishes, frozen
3037600;Frozen eels, exc.fish filets, oth.meats, livers, etc
3037700;Frozen sea bass except fish filets, etc.
3037800;Frozen hake except fish filets, etc.
3037910;Frozen croakers, exc.fish filets, oth.meats, livers, etc
3037920;Froz.weakfish cynosc.spp.exc fish fil.ot.meat, liver, etc
3037931;Frozen swordfish
3037932;Frozen sailfishes
3037933;Frozen southern red snapper
3037934;Frozen blackfin goosefish
3037941;Frozen wreckfish
3037942;Frozen wirrahs
3028933;Surubins (pseudoplatystoma spp.), fresh or chilled
3028934;Trahira (tiger fish) (hoplias malabaricus)
3028935;Piaus (leporinus spp.), fresh or chilled
3028936;Tainhas (mugil spp.), fresh or chilled
73023000;Switch blades and oth.crossing pieces, cast iron, etc
72151000;Bars of free-cutting steel, obtained/cold-finished
72155000;Oth.bars of iron/steel, n/alloy, obtained/cold-finished
72159010;Oth.bars of iron/steel, n/alloy, carbon<=0.60%
72159090;Other bars of iron/steel, n/alloy
72161000;Profiles of iron/steel, u, i, h, hot-rolled, etc.h<8cm
72162100;Profiles of iron/steel, l, hot-rolled, etc.h<8cm
72162200;Profiles of iron/steel, t, hot-rolled, h<8cm
72163100;Profiles of iron/steel, u, hot-rolled, etc.h<8cm
72163200;Profiles of iron/steel, i, hot-rolled, etc.h<8cm
72163300;Profiles of iron/steel, h, hot-rolled, etc.h<8cm
72164010;Profiles of iron/steel, l, t, hot-rolled, etc.8<=h<=20cm
61153020;Women's full-length or knee-length hosiery, <67decitex s/y (measuring per single yarn), of cotton or similar fibres
61153090;Women's full-length or knee-length hosiery, <67decitex s/y (measuring per single yarn), of other textile materials
61159100;Other stockings of mesh of wool/fine animal hair
30021232;Plasmin (fibrinolysin)
30021233;Urokinase
30021234;Immunoglobulin and histamine chloridrate, associated
30021235;Immunoglobulin G, lyophilized, or in solution
30021236;Human serum albumin
30021239;Other fractions of blood, prepared as medicines
30021300;Immunological products, unmixed, not in measured doses or put up for retail sale
30021410;Monoclonal antibodies in buffer solution containing bovine albumin, not in measured doses or put up for retail sale
30021490;Other immunological products, mixed, not in measured doses or put up for retail sale
30021510;"Interferon beta; peginterferon alfa-2-a"
30021520;"Basiliximab (DCI); bevacizumab (DCI); daclizumab (DCI); etanercept (DCI); gemtuzumab ozogamicin (DCI); oprelvekin (DCI); rituximab (DCI); trastuzumab (DCI)"
30021590;Other immunological products, in measured doses or put up for retail sale
30021900;Other anti serums, other blood fractions and immunological products, whether or not modified or obtained by means of biotechnological processes
30034100;Medications containing ephedrine or its salts, for therapeutic or prophylactic uses, not in measured doses or put up for retail sale
38123911;Antioxidants preparations and other compounds stabilizers, for rubber, containing derivatives N-substituted of p-phenylenediamine
38123912;Antioxidants preparations and other compounds stabilizers, for rubber, containing alkyl phosphate, of aryl or alkyl-aryl
38123919;Antioxidants preparations and other compounds stabilizers, for rubber
38123921;Antioxidants preparations and other compounds stabilizers, for plastic, containing derivatives N-substituted of p-phenylenediamine
38123929;Other anti-oxidising preparations and other compound stabilizers for rubber or plastics
38248400;Goods containing aldrin, camphechlor, chlordane, chlordecone, DDT, 1,1,1-trichloro-2,2-bis (p-chlorophenyl) ethane), dieldrin, endosulfan, endrin, heptachlor or mirex (ISO)
38248500;Goods containing 1,2,3,4,5,6-hexachlorocyclohexane (HCH (ISO)), including lindane (ISO, DCI)
38248600;Goods containing pentachlorobenzene (ISO) or hexachlorobenzene (ISO)
38248700;Goods containing perfluorocarbon sulfonic acid, its salts, perfluoroctane sulfonamide, or perfluoroctanosulfonyl fluoride
38248800;Goods containing éthers tetra-, penta-, hexa-, hepta- and octa-bromo-diphenyl
3075200;Octopus (Octopus spp.), frozen
3075900;Octopus (Octopus spp.), other than live, fresh, chilled or frozen
3031000;Pacific salmon, frozen, except fillets, etc
3031100;Frozen red salmon
3031200;Other pacific salmon, frozen
3031300;Atlantic salmon and danube salmon, frozen
3031400;Trout (salmo trutta, oncorhynchus mykiss, etc), frozen
3031900;Other frozen salmon
3032100;Frozen trout (salmo trutta, etc.) except filets, etc.
3032200;Frozen atlantic salmon and danube salmon, exc.filets, etc
3032300;Tilapias (oreochromis spp.), frozen
3032410;Catfish (ictalurus puntactus) frozen
3032490;Nile persh and snakehead, frozen
3032500;Carps, frozen
1063310;Ostriches (struthio camelus) for breeding
1063390;Other ostrich
1063900;Other living birds
1063910;Ostriches (struthio camelus) for breeding
1063990;Other live birds
1064100;Bees
1064900;Other insects
1069000;Other live animals
2011000;Carcases/half-carcases of bovine fresh/chilled
2012010;Fresh/chilled forequarters of bovine with bone in
2012020;Fresh/chilled hindquaters of bovine with bone in
2012090;Other fresh/chilled cuts of bovine with bone in
2013000;Fresh or chilled bovine meat, boneless
2021000;Frozen bovine carcases and half-carcases
2022010;Frozen  forequarters of bovines,  with bone in,  frozen
2022020;Frozen hindquarter of bovines, with bone in, frozen
3053010;Bacalhaus(gadus)morhua, gadus ogac, gadus macrocephalus
3053020;Saithes(polachius virens),lings e zarbos(brosme brosme)
3053090;Outros files de peixes,secos,salgados/salmoura,n/defum.
3053100;Fish fillets, dried, salted, in brine, not smoked
3053210;Cod fillets, dried, salted, in brine, not smoked
3053220;Saithe fillets, dried, salted, in brine, not smoked
3053290;Other fish fillets, dried, salted, in brine, not smoked
3038944;Sturgeon (acipenser), frozen
3038945;Sand smelt (atherina spp.), frozen
3038946;Nototenias (patagonotothen spp.), frozen
3038951;Curimatas (prochilodus spp.), frozen
3038952;Frozen tilapias, except filetts, other meat, etc.
3038953;Frozen surubins, except filetts, other meat, etc.
3038954;Frozen trahira, except filetts, other meat, etc.
3038955;Piaus (leporinus spp.), frozen
3038956;Frozen pirarucu, except filetts, other meat, etc.
3038957;Frozen anchoita, except filetts, other meat, etc.
3038961;Frozen piramutuba, except filetts, other meat, etc.
44032500;Other wood in the rough, whether peeled, or roughly squared, coniferous, with a cross-sectional dimension equal or greater than 15 cm
44032600;Other wood in the rough, whether peeled, or roughly squared, coniferous
44039300;Wood in the rough, whether or not stripped of bark or roughly squared, of beech (Fagus spp.), Of which the greatest cross-sectional dimension is 15 cm or more
44039400;Wood in the rough, whether or not stripped of bark or roughly squared, of beech (Fagus spp.), other
44039500;Wood in the rough, whether or not stripped of bark or sapwood, of bétula (Betula spp.), with the larger cross-sectional dimension of 15 cm or more
44039600;Wood in the rough, whether or not stripped of bark or sapwood, of bétula (Betula spp.), others
44039700;Wood in the rough, whether or not stripped of bark or sapwood, of choupo (álamo) (Populus spp.)
44039800;Wood in the rough, whether or not stripped of bark or roughly squared, of eucalyptus (Eucalyptus spp.)
44061100;Railway or tramway sleepers  mad of wood, not impregnated, of coniferous
44061200;Railway or tramway sleepers  mad of wood, not impregnated, of non-coniferous
44069100;Railway or tramway sleepers  mad of wood, of coniferous
44069200;Railway or tramway sleepers  mad of wood, of non-coniferous
2022090;Other frozen bovine cuts
2023000;Frozen bovine meat, boneless
2031100;Fresh or chilled carcases and half-carcases of swine
2031200;Fresh/chilled hams/shoulders/cuts of swine with bone in
2031900;Other fresh or chilled meat of swine
2032100;Frozen carcases and half-carcases of swine
2032200;Frozen hams, shoulders and cuts of swine, fr.
2032900;Other swine meat, frozen
2041000;Lamb carcases and half-carcases, fresh or chilled
2042100;Sheep carcases and half-carcases, fresh or chilled
24039100;Manufactured tobacco, 'homogenised' or 'reconstituted'
24039910;Extractos y jugos, de tabaco
24039990;Other manufactured tobacco and manufactured tobacco sub
25010011;Salt in bulk, without attachés
25010019;Other types of salt in bulk, without attachés
25010020;Table salt
25010090;Other salt types, pure sodium chloride and sea water
25020000;Unroasted iron pyrites
25030010;Sulphur in bulk, exc.sublimed, precipitated or colloidal
25030090;Oth.forms of sulphur, exc.sublimed, precipitat.colloidal
3038962;Jau, frozen, except filetts, other meat, etc.
38089123;Insecticide based on dicrotofos, presented in another way
38249075;Preparations used in the prepar.of culture media, etc.
38249076;Getters for vacuum tubes
38249077;Fertilizers or leaf feeds containing zinc and magnanese
38249078;Prep.based on aluminium oxide and zirconium oxide
38249079;Other prod./prep.based on chemical elements, etc
3078300;Abalones (Haliotis spp.), frozen
3078400;Estrombos (Strombus spp.), frozen
3078700;Other abalones (Haliotis spp.)
3078800;Other estrombos (Strombus spp.)
3079200;Other molluscs, including flours, meals and pellets, fit for human consumption, frozen
3081200;Stichopus japonicus, Holothuroidea, frozen
3082200;Urchins from the sea (Strongylocentrotus spp., Paracentrotus lividus, Lox Echinus albums, Echinus esculentus), frozen
29397920;"Theobromine and its derivatives; salts thereof"
29397931;Pilocarpine, the nitrate and its chloridrate
29397939;Pilocarpine salts
29397940;Thiocolchicoside
29397990;Other alkalis
48010020;Newsprint paper, in sheets, but no side exceeds 360 mm when unfolded
48010030;Other newsprint paper, in rolls or sheets, of weight less than or equal to 57 g/m2, wherein 65% or more, by weight, of the total fiber content consists of wood fibers obtained by mechanical process
54025300;Other yarn, single, with a twist exceeding 50 turns per meter, polypropylene
54026300;Other yarn, multiple or cabled, polypropylene
55021000;Artificial filament cables, made of cellulose acetate
87019590;Other tractors with an engine power exceeding 130 kW
87022000;Vehicles for the transport of ten or more persons, including the driver, equipped for propulsion simultaneously with a compression-ignition internal combustion piston engine (diesel or semi-diesel) and an electric motor
87023000;Vehicles for the transport of ten or more persons, including the driver, equipped for propulsion simultaneously with a reciprocating piston engine spark ignition and an electric motor
87024010;Trolleybus
87024090;Other motor vehicles for the transport of ten or more persons, including the driver, only with electric motor for propulsion
87029000;Other motor vehicles for the transport of ten or more persons, including the driver
87034000;Other vehicles, equipped for propulsion simultaneously with a reciprocating piston engine spark ignition (spark) and an electric motor, except those likely to be charged by connecting to an external power source
87035000;Other vehicles, equipped for propulsion simultaneously with a compression-ignition internal combustion piston engine (diesel or semi-diesel) and an electric motor, except those likely to be charged by connecting to an external power source
29049911;1-Chloro-4-nitrobenzene
29049912;1-Chloro-2,4-dinitrobenzene
29049913;2-Chloro-1,3-dinitrobenzene
29049914;4-chloro-alpha,alpha,alpha-trifluoro-3,5-dinitrotoluene
29049915;"o-Nitrochlorobenzene; m-nitrochlorobenzene"
29049916;1,2-Dichloro-4-nitrobenzene
29049919;Other derivatives nitrogen halogenated
29049921;Dinitroestilbenodisulfonic acids
29049929;Other nitrosulphonated derivatives
29049930;P-toluenesulfonyl chloride (tosyl chloride)
29049940;Chloride of o-toluenesulfonyl
29049990;Other derivatives sulphonated, nitrated or nitrosated of hydrocarbons, whether or not halogenated
29105000;Endrin (ISO)
29146200;Coenzyme Q10 (ubidecarenone (DCI))
29147100;Chlordecone (ISO)
29147911;1-Chloro-5-hexanone
29147919;Other halogenated derivatives
29147921;Menadione sodium bisulfite
29147922;Acid 2-hidroxi-4-metoxibenzofenona-5-sulfônico (sulisobenzona)
29147929;Other sulfonated derivatives
29147990;Other halogenated, nitrated or nitrosated derivatives
29202100;Dimethyl phosphite
29202200;Dimethyl diethyl
29202300;Trimethyl phosphite
29202400;Phosphite of triethyle
3061400;Frozen crabs
3061500;Norwegian lobster (nephros norvegicus)
3061610;Shrimp of cold water (pandalus spp.), whole, frozen
3061690;Shrimp of cold water, not whole, frozen
30034910;"Vinblastine; vincristine; derivatives thereof; topotecan or its hydrochloride, for therapeutic or prophylactic uses, not in measured doses or put up for retail sale"
3036229;Other antarctic whiting, frozen
3036290;Other frozen fishes,  except liver,  eggs,  semen
3036300;Cod of atlantic and cod of pacific, frozen
3036400;Haddock or lubina (melanogramua aeglefinus), frozen
4059010;Butter oil
4059090;Other fats and oils derived from milk
4061010;Fresh (unripened or uncured) cheese, muzzarella type
4061090;Other fresh cheese (unripened or uncured), incl.curd, etc
4062000;Grated or powdered cheese, of all kinds
4063000;Processed cheese, except grated or powdered cheese
4064000;Blue-veined cheese
4069010;Hard cheese of a moisture content, by weight <36%
25041000;Natural graphite, in powder or in flakes
25049000;Other forms of natural graphite
25051000;Silica sands and quartz sands
25059000;Other natural sands, including coloured
25061000;Quartz
25062000;Quartzite, crude or roughly trimmed
25062100;Quartzite, crude or roughly trimmed
94069020;Prefabricated buildings with iron or steel structure and exterior walls consisting mainly of these materials
94069090;Other prefabricated buildings, except wood
96200000;Monopods, beeps, tripods and similar articles
1011010;Pure-bred breeding horses
1011090;Asses/mules/hinnies animals, pure-bred breeding
1011100;Pure-bred breeding horses
1011900;Other live horses
1012000;Live asses, mules and hinnies
1012100;Pure-bred horses
1012900;Lives horses, except pure-bred breeding
1013000;Asses, pure-bred breeding
1019000;Asses, except pure-bred breeding
1019010;Live horses, except pure-bred breeding
1019090;Asses/mules/hinnies, except pure-bred breeding
4069020;Semi hard cheese of a moist.cont.<=36%but less than 46%
4069030;Soft cheese of a moisture content<=36%but less than 55%
4069090;Other cheeses
4070011;Hens' eggs for incubation
4070019;Other birds' eggs, for incubation
4070090;Other birds' eggs, in shell, fresh, preserved or cooked
4071100;Fresh eggs of birds ot  the species g.domesticus,hatch.
4071900;Fresh eggs of other birds, for hatching
4072100;Fresh eggs of birds of  the species gallus domesticus
4072900;Fresh eggs of other birds
4079000;Eggs of other birds, neither fresh nor for hatching
4081100;Dried egg yolks
4081900;Fresh/cooked by steaming/by boiling in water egg yolks
4089100;Bird's eggs, not in shell, dried
4089900;Oth.birds' eggs, n/shell, fresh, cooked b/boiling wat., etc
4090000;Natural honey
4100000;Edible products of animal origin
5010000;"Human hair, unworked;waste of human hair"
5021011;Bristles of pig, washed, whitened or degreased
5021019;Other bristles of pig and waste thereof
7042000;Fresh/chilled brussels sprouts
7049000;Fresh/chilled kale, cabbage, etc.similar brassicas
7051100;Fresh/chilled lettuce
7051900;Fresh/chilled cabbage lettuce
7052100;"Fresh/chilled ""witloof"" chicory"
7052900;"Other fresh/chilled ""witloof"" chicory"
7061000;Fresh/chilled carrots and turnips
7069000;Fresh/chilled beets, radishes and other roots
7070000;Cucumbers and gherkins, fresh or chilled
7081000;Fresh/chilled peas (pisum sativum)
7082000;Fresh/chilled beans (vigna, phaseolus spp)
7089000;Other fresh/chilled leguminous vegetables
7091000;Fresh or chilled artichokes
7092000;Fresh or chilled asparagus
7093000;Fresh/chilled aubergines (egg-plants)
7094000;Fresh/chilled celery, except celeriac
7095100;Fresh/chilled mushrooms of the genus agaricus
7095200;Fresh/chilled truffles
7095900;Other fresh/chilled mushrooms
7096000;Fresh/chilled fruits of the genus capsicum or pimenta
7097000;Fresh/chilled spinach
7099000;Other vegetables, fresh or chilled
30044100;Medications containing ephedrine or its salts, in measured doses (including those intended to be administered percutaneously) or put up for retail sale
28121300;Phosphorus trichloride
28121400;Phosphorus pentachloride
28121500;Sulfur monochloride
28121600;Sulfur dichloride
28121700;Thionyl chloride
28121911;Arsenic trichlorure
28121919;Other halogenides and oxyhalogenides of non-metallic elements
28121920;Oxychlorides
84561290;Other machine tools working by removing any material, operated by another beam of light or photons
84564000;Machine tools working by removing any material, operated by plasma jet
2101900;Other meat of swine, salted, brine, dried, etc.
2102000;Meat of bovine, salted/in brine/dried/smoked
2109000;Meat and edible meat offal of oth.animals, salted, etc.
2109100;Meat of primates, salted, dried, in brine, etc.
2109200;Meat of whales, etc, salted, dried, etc.
2109300;Meat of reptiles, salted, dried, etc.
2109900;Meat of other animals, salted, dried, etc.
3011000;Ornamental live fish
3011010;Live aruwana (osteoglossum bicirrhosum)ornam.live fish
3011090;Other ornamental live fish
3011110;Aruana (osteoglossum bicirrhosum)
3011190;Other ornamental fish, live, freshwater
3011900;Other ornamental fish, live
3019110;Trout (salmo trutta oncorhynchus), for breeding
3034200;Frozen yellowfin tunas, exc.fish filets, etc.
3034300;Frozen skipjack, etc.except fish filets, etc.
3034400;"Frozen bigeye tunas ""thunnus obesus"""
29313200;Dimethyl propylphosphonate
29313300;Diethyl ethylphosphonate
29313400;Methylphosphonate of sodium 3- (triidroxisilil)propyle
29313500;2,4,6-trioxide of 2,4,6-tripropyl-1,3,4,2,4,6-trioxatriphosphinan
29313600;Methylphosphonate de bis (5-ethyl-2-methyl-2-oxydo-1,3,2-dioxafosfinan-5-yl) methyl methyle
29313700;Methylphosphonate de bis [(5-éthyl-2-methyl-2-oxydo-1,3,2-dioxafosfinan-5-yl) methyl]
29313800;Salt of methylphosphonic acid and (aminoiminomethyl) urea (1: 1)
29313911;"Etefon; diphenylphosphonate (4,4'-bis ((dimethoxyphosphinyl) methyl) diphenyl)"
29313912;Glyphosate and its salt monoisopropylamine
29313913;Etidronate disodium
29313914;Trichlorfon
29313915;Glufosinate ammonium
29313916;Hydrogenophosphonate of bis (2-éthylhexyl)
29313917;"Phosphonomethyliminodiacetic acid; trimethylphosphonic acid"
29313918;"Clodronic acid and its disodium salt; fotemustine"
29313991;Alquil(from C1 to C3)fosfonofluoridates of O-alquile (until C10, including the cycloalquile)
29313992;Methylphosphorochloridate of O-isopropyl
29313993;Methylphosphorochloridate of O-pinacolila
29313994;Alkylphosphonyl difluoride, with an alkyl group from C1 to C3
2071300;Fowls spec.gal.domest.cuts and offal, fresh/chilled
2071400;Fowls spec.gal.domest.cuts and offal, frozen
2072400;Fresh/chilled meat of turkeys, n/cut in piece
2072500;Frozen meat of turkeys, not cut in piece
2072600;Fresh/chilled meat of turkeys, cuts and offal
2072700;Frozen meat of turkeys, cuts and offal
2073200;Fresh/chilled meat of ducks, etc.not cut in piece
2073300;Frozen meat of ducks, geese, etc.n/cut in piece
2073400;Fresh/chill.edible fatty livers of ducks/geese/guinea
2073500;Fresh/chill.oth.edible fatty livers of ducks, geese, etc
2073600;Frozen other edible meat offal of duck, geese, etc
2074100;Meat of ducks, not cut in pieces, fresh or chilled
2074200;Meat of ducks, not cut in pieces, frozen
2074300;Fatty livers of ducks, fresh or chilled
2074400;Other meats of ducks, fresh or chilled
2074500;Other meats of ducks, frozen
2075100;Meat of geese, not cut in pieces, fresh or chilled
2075200;Meat of geese, not cut in pieces, frozen
3024910;Swordfish, marlins, Istiophoridae, fresh or chilled
3024990;Other fresh or chilled fish, excluding fish fillets and other fish meat of Heading 03.04
3028910;Pargo (Lutjanus purpureus), fresh or chilled
3029100;Livers and male gonads, fresh or chilled
3029200;Shark fin, fresh or chilled
3029900;Heads, tails, nataroy bladders and other edible fish products
3035910;Swordfish, marlins, Istiophoridae, frozen
3035920;Anchovy (Engraulis anchoita), frozen
3035990;Other frozen fish, excluding fish fillets and other fish meat of Heading 0304
3039100;Livers and male gonads, frozen
29308020;Captafol
29308030;Methamidophos
29313100;Dimethyl methylphosphonate
3047400;Fillets of hake and abrotea, frozen
3047500;Fillet of hake from alasca(theragra chalcogramma),froze
3047900;Other fish fillets, frozen
3048100;Fillets of pacific, atlantic and danube salmon, frozen
3048200;Trout fillets, frozen
3048300;Fillets of flatfish, frozen
3048400;Fillets of swordfish (xyphias gladius), frozen
3048510;Fillets of black hake (dissostichus eleginoides),frozen
3048520;Fillets of antartic hake (dissostichus mawson), frozen
3048600;Fillet of herring (clupea harengus y pallasii), frozen
3048700;Tuna fillets, frozen
3048910;Fillet of porgies, frozen
3048920;Fillet of atlantic wreckfish, frozen
3048930;Fillets of grouper (acanthistius spp.), frozen
3048940;Fillets of blue shark (prionace glauca), frozen
3048990;Other frozen fillets, of fish
3049000;Other fish meat, frozen
3049100;Sword fish (xiphias gladius),  fresh,  chilled,  frozen
3049200;Whiting (dissostichus spp.), fresh, chilled, frozen
3049211;Whiting cheeks, fresh, chilled, frozen
3049212;Withing necklaces, fresh, chilled, frozen
3049219;Other black whiting, fresh, chilled, frozen
3049221;Antarctic whiting cheeks, fresh, chilled, frozen
3049222;Antarctic withing necklaces, fresh, chilled, frozen
44191100;Bread cutting boards, other cutting boards and the like, made of bamboo
44191200;Chopsticks (hashi or fachi), of bamboo
44191900;Other articles of wood, for table or kitchen, of bamboo
44199000;Other articles of wood, for table or kitchen
44219100;Other works in bamboo
44219900;Other wood products
3021200;Fresh or chilled pacific salmon, etc.except filets, etc.
3021300;Pacific salmon, fresh or chilled
3021400;Atlantic salmon and danube salmon, fresh or chilled
3021900;Other fresh or chilled salmonidae exc.fish filets, etc.
3022100;Fresh/chilled halibut exc.filets, etc.
3022200;Fresh/chilled plaice exc.filets, etc.
3022300;Fresh/chilled sole exc.fish filets, oth.fish meat, etc
3022400;Turbot (psetta maxima), fresh or chilled
15030000;Lard stearin, lard oil, etc.unprepared
15041011;Oils of livers of cod, crude
15041019;Other oils of livers of cod
15041090;Other oils of livers of oth.fish  and their fractions
15042000;Fats and oils and their fractions, of fish
15043000;Fats and oils and their fractions, of marine mammals
15050010;Lanolin
15050090;Obter fatty substances deriv.of lanolin, incl.wool grease
15051000;Wool grease, crude
15059010;Lanolin
12119090;Oth.plants/part, fresh/dried, forperfumery, medicine, etc
12121000;Loc.beans incl.seeds, fresh/chilled/dried/frozen/powder
12122000;Seaweeds, fresh/chilled/dried/frozen/powder
12122100;Algae that are fit for human consumption
12122900;Other algae, fresh, chilled, frozen or dried
12123000;Stones and almonds of apricots, peaches and plums
12129100;Sugar beet, fresh/chilled/dried/frozen/powder
12129200;Sugar cane (fresh,  chillen,  frozen,  dry,  powder)
12129300;Cane sugar, fresh, chilled, frozen or dried
12129400;Roots of chicory, fresh, frozen, dried or chilled
12129900;Other vegetable products used mainly for human
12129910;Stevia rebaudiana
12129990;Other vegetable products used mainly forhuman
12130000;Cereal straw and husks, unprepared, ground, pressed, etc.
12141000;Lucerne (alfalfa) meal and pellets
12149000;Swedes, fodder roots, and oth.forage products
13011000;Lac
13012000;Gum arabic
13019000;Other gums,  resins,  gum-resins,  oleoresins,  natural
13019010;Lac
13019090;Other gums,  resins,  gum-resins,  oleoresins,  natural
13021100;Juices and extracts, of opium
13021110;Concentrated of straw of poppy
13021190;Other juices and vegetable extracts, of opium
13021200;Juices and extracts, of liquorice
13021300;Juices and extracts, of hop
13021400;Juice/extracts of pyrethrum/the root of plant containing rotenone
38249922;"Preparations containing stearoyl benzoyl methane and palmitoyl benzoylmethane; preparations containing caprylate and caprate of propylene glycol"
38249923;Preparations containing triglycerides of caprylic and capric acids
3048810;Blue shark filets (Prionace glauca), frozen
3048890;Fillets of dogfish and other sharks, and rays fillets (Rajidae), frozen
2076000;Meat of dangola chicken (painted)
2081000;Fres/chil/froz oth.meat/edib.meat offal of rabib./hares
2082000;Fresh/chilled/frozen frogs' legs
2083000;Meat of primates, fresh/chilled/frozen
2084000;Meat of whales, etc, fresh/chilled/frozen
2085000;Meat of reptiles, fresh/chilled/frozen
2086000;Other meat and edible offal, of camels and camilídeos
2089000;Fresh/chilled/frozen meat/edib.meat offal,  of other animals
2090011;Fresh/chilled/frozen pig fat, free of lean meat
2090019;Salted/in brine/dried/smoked pig fat,  free of lean meat
2090021;Fresh, chilled or frozen pig fat
2090029;Salted, in brine, dried, smoked, etc. pig fat
2090090;Bird fat,  not rendered,  fresh,  chilled,  frozen, etc.
2091011;Bacon pork, fresh, chilled or frozen
2091019;Other pork fat
2091021;Fat of pork, fresh, chilled or frozen
2091029;Other pork fat
2099000;Bacon and other fats
3027210;Catfish (ictalurus puntactus), fresh or chilled
3027290;Other catfish, fresh or chilled
3027300;Carp (cyprinus carpio, carassius carassius, etc.)
3027400;Eels (anguila spp.), fresh or chilled
3027900;Nile perch, snakehead, fresh or chilled
3028100;Dogfish and other sharks, fresh or chilled
3028200;Skates (rajidae), fresh or chilled
3028310;Black hake (dissostichus eleginoides), fresh or chilled
3028320;Hake from antartica (dissostichus mawson)
3028400;Bass (dicentrarchus spp.), fresh or chilled
3028500;Porgies, sea breams (sparidae), fresh or chilled
3028911;Marlin (istiophorus spp, tetrapturus spp, makaira spp)
3028912;Snapper (lutjanus purpureus), fresh or chilled
3028921;Atlantic wreckfish(polyprion americanus),fresh or chil.
3028922;Groupers (acanthistius spp.), fresh or chilled
3028923;Sturgeon (acipenser baeri), fresh or chilled
3028924;Sand smelt (atherina spp.), fresh or chilled
3028931;Curimatas (prochilodus spp.), fresh or chilled
3028932;"Tilapias (tilapia,sarotherodon,danakilia); its hybrids"
3019911;Tilapias, fishes for breeding
3019912;Sturgeons, fishes for breeding
3019919;Other fish, for breeding
3019990;Other live fish
3019991;Other tilapia fishes, alive
3019992;Other sturgeon fishes, alive
3019999;Other live fish
3021100;Fresh or chilled trout exc.filets, oth.meat liver, etc.
3036500;Saithe (pollachius virens), frozen
3036600;Hakea amd abroteas (merluccius, urophycis), frozen
3036700;Hake from alasca (theragra chalcogramma)
3036800;Verdinhos, frozen (except fillet, other meat)
3036910;Pink hake (macruronus megellanicus), frozen
3036990;Other fish, frozen, excluding fillets and other meat
3037100;Frozen sardines, etc.except fish filets, etc.
3037200;Frozen haddock, exc.fish filets, oth.meats, livers, etc.
3037300;Frozen coalfish, exc.fish filets oth.fish meat, etc.
3037400;Frozen mackerel, exc.fish filets, etc.
3037500;Frozen dogfish/oth.sh.exc.fish filets, oth.meats, livers,
3037511;Blue shark, whole, frozen
38249924;"Esters of fatty alcohols of C12 to C20 of methacrylic acid and mixtures thereof; esters of monocarboxylic C10 branched with glycerol"
38249925;"Mixtures of dimethyl esters of adipic, succinic and glutaric acid; Mixtures of dibasic acids C11 and C12; naphthenic acids, their water-insoluble salts and esters"
38249929;"Other industrial fatty acid derivatives; Other mixtures and preparations containing fatty alcohols or carboxylic acids or derivatives thereof"
38249931;Mixtures and preparations of a kind used for the manufacture of paints and varnishes (including enamels, lacquers and distempers), containing isocyanates of hexamethylene or other isocyanates
38249932;Mixtures and preparations of a kind used for the manufacture of paints and varnishes (including enamels, lacquers and distempers), which contain fatty amines from C8 to C22
3028937;Pirarucu (arapaima gigas), fresh or chilled
38249939;Other mixtures and preparations of a kind used for the manufacture of paints and varnishes (including enamels, lacquers and distempers)
38249941;Descaling, anticorrosive and antioxidant preparations
38249942;Eutectic mixture of diphenyl and diphenyl oxide
38249943;Mixtures based on trimethyl-3,9-diethyldecane
38249949;"Other distilling, anticorrosive or anti-oxidising mixtures and preparations; Fluids for heat transfer"
29398000;Other alkaloids, natural or produced by synthesis, and their salts, esters and other derivatives
30021100;Diagnostic kits to detect malaria
30021211;Antiophidic and other anti poisons
30021212;Antitetanus
30021213;Anticatarrhal
30021214;Antipiogenic
30021215;Antidiphtherial
30021216;Polyvalents
30021219;Other anti serum and other blood fractions
30021221;Anti-Rh immunoglobulin
30021222;Other serum immunoglobulins
30021223;Factor VIII concentrate
30021224;Serum albumin, in gel form, for preparing diagnostic reagents
30021229;Other fractions of blood, except those prepared as medicines
30021231;Serum albumin, except human
3026949;Fresh/chilled argentine anchoita, exc.fish filets, oth.
3028944;Tambaqui (colossoma macropomum)
3028945;Tambacu (hybrid of tambaqui and pacu)
3028990;Other fish, fresh or chilled
3029000;Livers and roes of fish, fresh or chilled
38249951;Defoamers containing tributyl phosphate in isopropyl alcohol solution
38249952;Mixtures of polyethylene glycol
38249953;Polyethylene glycol liquid
38086100;Goods specified in Note of Subheadings 2 of this Chapter, packed in packages with a net weight content not exceeding 300 g
38086210;Goods specified in Note of Subheadings 2 of this Chapter, packed in packages with a net weight content greater than 300 g but not exceeding 7.5 kg, based on alpha-cypermethrin (ISO)
38086290;Other goods specified in Note of Subheadings 2 of this Chapter, packed in packages with a net weight content not exceeding 300 g
38086910;Other goods specified in Note of Subheadings 2 of this Chapter, based on alpha-cypermethrin (ISO)
38086990;Other goods specified in Note of Subheadings 2 of this Chapter
38123100;Mixtures of oligomers of 2,2,4-trimethyl-1,2-diidroquinolina (TMQ)
3063400;Norwegian lobster (Nephrops) (Nephrops norvegicus), live, fresh or chilled
3063500;Cold water shrimps (Pandalus spp., Crangon crangon), live, fresh or chilled
3063600;Other shrimp, live, fresh or chilled
3063910;Freshwater lobster (Cherax quadricarinatus), live, fresh or chilled
3063990;Other, including flours, meals and pellets of crustaceans, fit for human consumption
3069100;Lobsters (Palinurus spp., Panulirus spp., Jasus spp.)
3069200;Lavagantes (Homarus spp.)
3069300;Crabs
3069400;Norwegian lobster (Nephrops norvegicus)
3069500;Shrimp
3069910;Freshwater lobster (Cherax quadricarinatus)
3069990;Other crustaceans, including flours, meals and pellets of crustaceans, fit for human consumption
3071200;Oysters, frozen
3072200;Vieiras (Scallops), including the North American one, and other mollusks of the genres Pecten, Chlamys or Placopecten, frozen
3073200;Mussels (Mytilus spp., Perna spp.), frozen
3074200;"Sépias (Chocos) (Chocos e chopos); lulas (potas and lulas), live, fresh or chilled"
3074310;Squids (lulas), frozen
3074320;Sépias, frozen
3074900;"Other sepias (Chocos) (Chocos e chopos); lulas (potas and lulas)"
3028938;Pescadas (cynocion spp.), fresh or chilled
3028941;Piramutaba (brachyplatystoma vaillantii),fresh or chi.
3028942;Jau (brachyplatystoma flavicans), fresh or chilled
3028943;Pacu (piaractus mesopotamicus), fresh or chilled
3023100;Fresh/chilled tunas or skipjack exc.fish filets, etc.
3023200;Fresh/chilled yellowfin tunas exc.fish filets
3023300;Fresh/chilled skipjack, etc.exc.fish filets, etc.
3023400;"Fresh or chilled bigeye tunas ""thunnus obesus"""
3023500;"Fresh/chilled bluefin tunas ""thunnus thynnus"""
3023600;Fresh/chilled southern bluefin tunas
3023900;Other fresh/chilled tunas, exc.fish filets oth.fish meat,
3024000;Fresh/chilled herrings, exc.fish filets oth.fish meat,
3024100;Herring(clupea harengus,clupea pallasii), fresh/chilled
3038114;Blue shark in pieces,  without skin, frozen
3038119;Other blue sharks, frozen
3038190;Other sharks, frozen
3038200;Skates (rajidae), frozen
3038311;Black hake, eviscerated, without head or tail, frozen
3038312;Head of black hakes, frozen
3038319;Other parts of black hakes, frozen
3038321;Hake from antartica,evisc.,frozen, without head or tail
3038322;Heads of hakes from antarctica, frozen
3038329;Other parts of hakes from antarctica, frozen
3038400;Seabass (dicentrarchus spp.), frozen
3038910;Corvina (micropogonias furnieri), frozen
3038920;Pescadas (cynoscion spp.), frozen
3038931;Marlin (istiophorus, tetrapturus, makaira), frozen
3038932;Snapper (lutjanus purpureus), frozen
3038933;Frog fish (lophius gastrophysus), frozen
3038941;Atlantic wreckfish (polyprion americanus), frozen
3038942;Groupers (acanthistius spp.), frozen
3038943;Mullet (mujil spp.), frozen
3026600;Fresh/chilled eels, exc.fish filets oth.fish meat, etc.
3026700;Swordfish, fresh or chilled
3026800;Other fishes,  fresh,  chilled (except fillets),  etc,  other meat,  etc
3026810;Black whiting,  frozen/chilled fishes,  except fillets,  etc
3026820;Antarctic whiting,  frozen/chilled fishes,  except fillets
3041919;Fillet from other fishes, fresh or chilled
3041990;Other fish meat, fresh or chilled
3042010;Frozen filets of hake (merluccius spp.)
3042020;Frozen filets of southern red snapper
3042030;Frozen filets of tilapia
3042040;Frozen filets of wreckfish
3042050;Frozen filets of wirrah
3042060;Frozen filets of channel catfish
3042070;Frozen filets of patagonian toothfish
3042090;Frozen filets of fish
3042100;Sword fish (xiphias galdius),  frozen
3042210;Black whiting (dissostichus eleginoides), frozen
3042290;Other fish fillets, frozen
3042910;Fillet/whiting (merluccius spp.), frozen
3042920;Frozen filets of southern red snapper (lutjanus purpureus)
3042930;Filet/tilapia (oreochromis niloticus), frozen
3042940;Filet/cher-pov.(polyprion americanus.) frozen
3042950;Frozen filets of wirrah (acanthistius spp)
3042960;Frozen filets of channel catfish (ictalurus puntactus)
3042970;Blue shark fillet, frozen
3042990;Others fish fillets, frozen
3043100;Fillets of tilapia (fresh, chilled or frozen)
3043210;Fillets of catfish (ictalurus puntactus), fre,.ch. fr.
3043290;Fillets of other catfish, fresh, chilled or frozen
3043300;Fillets of nile perch, fresh, frozen or chilled
12079991;Other nuts and almonds, whether or not broken
12079992;Other castor seeds, whether or not broken
12079999;Other seeds and oleaginous fruits,  wheter or not crushed
12081000;Soy flour
12089000;Flours of other seeds, oleaginous fruits exc.mustard
12091000;Sugar beet seeds, for sowing
12091100;Sugar beet seeds, for sowing
12091900;Other beet seeds, for sowing
12092100;Lucerne (alfalfa) seeds, for sowing
12092200;Clover (trifolium spp.) seeds, for sowing
16056300;Prepared or preserved, jellyfish
16056900;Prepared or preserved, other aquatic invertebrates
16059000;Prepared preserved, of molluscs and ot.aquatic invertebr
17011100;Cane sugar, in crude
17011200;Beet sugar, in crude
17011300;Cane sugar mentioned in note 2 of heading 1701
17011400;Other cane sugar
17019100;Other cane or beet sugar added flavouring or colouring
17019900;Other cane/beet sugar/chemically pure sucrose, in solid
17021100;Lactose and lactose syrup,  by weight>= 99% lactose, etc
17021900;Other lactose and lactose syrup
17022000;Maple sugar and maple syrup
17023011;Chemically pure glucose
17023019;Oth.fructose containing dry state, by weight<20%fructose
17023020;Glucose syrup contan. dry state, by weight<20%fructose
17024010;Glucose contan.dry state, 20%<=weight<50% of fructose
29335931;Propythiouracil
29335932;Diazinon
29335933;Pyrazophs
29335934;Azathioprine
29335935;6-mercaptopurine
29335939;Other heterocyclic compounds, sulphur, without halog.
3032600;Eels (anguilla spp.), frozen
3032900;Oth.frozen salmonidae, exc.fish filets oth.fish meat, etc
3033100;Frozen halibut, exc.fish filets oth.fish meat, etc
3033200;Frozen plaice exc.fish filets, oth.fish meat, etc
3033300;Frozen sole, exc.fish filets oth.fish meat, etc
3033400;Turbot (psetta maxima), frozen
3024700;Swordfish (xiphias gladius), fresh or chilled
3025000;Fresh/chilled cod (gadus), exc.fish filets, etc.
3025100;Cod of atlantic, pacific, greenland, fresh or chilled
3025200;Haddock or lubina (melanogrammua aeglefinus), fr./ch.
3025300;Saithe (pollachus virens), fresh or chilled
3025400;Hakes (merluccius spp., urophycis spp),fresh or chilled
3025500;Hake from alasca (theragra chalcogramma), fresh or chl.
3025600;Blue whiting (micromesisticus poutassou)
3025900;Other fish of families bregmacerotidae, gadidae, etc.
3026100;Fresh/chilled sardines, etc.except fish filets, etc.
3026200;Fresh/chilled haddocks, exc.fish filets oth.fish meat,
3026300;Fresh/chilled coalfish, exc.fish filets oth.fish meat,
3026400;Fresh/chilled mackerel, etc.except fish filets, etc.
3026500;Fresh/chilled dogfish, exc.fish filets oth.fish meat, etc
3077200;Amêijoas, berbigões and arcas (families Arcidae, Arcticidae, Cardiidae, Donacidae, Hiatellidae, Mactridae, Mesodesmatidae, Myidae, Semelidae, Solecurtidae, Solenidae, Tridacnidae and Veneridae), frozen
3078200;Estrombos (Strombus spp.), live, fresh or chilled
30034200;Medicines containing pseudoephedrine (DCI) or salts thereof, for therapeutic or prophylactic uses, not in measured doses or put up for retail sale
28531000;Cyanogen chloride
28539011;Phosphide, chemically defined or not, aluminum
28539012;Phosphide, chemically defined or not, magnesium
28539013;Phosphide, chemically defined or not, copper (copper phosphite), containing over 15%, by weight, of phosphorus
28539019;Other phosphide, chemically defined or not
28539020;Cyanamide and its metal derivatives
28539030;Sulphate chlorides of phosphorus
28539090;Other products of Heading 28.53
87019100;Other tractors with an engine power not exceeding 18 kW
87019200;Other tractors with an engine power exceeding 18 kW but not exceeding 37 kW
87019300;Other tractors with an engine power exceeding 37 kW but not exceeding 75 kW
87019410;Tractors specially designed to drag logs (log skidders), with an engine power exceeding 75 kW, but not exceeding 130 kW
87019490;Other tractors with an engine power exceeding 75 kW but not exceeding 130 kW
87019510;Tractors specially designed to drag logs (log skidders), with engines of more than 130 Kw
38249100;Mixtures and preparations consisting mainly of methylphosphonate of (5-ethyl-2-methyl-2-oxide-1,3,2-dioxaphosphinan-5-il) methyl methyle and methylphosphonate of bis [(5-ethyl-2-methyl-2 -oxide-1,3,2-dioxaphosphinan-5-il) methyl]
38249911;Salinomycin mycelial
38249912;Intermediate products for the manufacture of antibiotics or vitamins or other products of Heading 2936, with a cyanocobalamin content not exceeding 55%, by weight
38249913;Intermediate products for the manufacture of antibiotics or of vitamins or other products of Heading 29.36, of the manufacture of primicine ammonium
30034300;Medicines containing norephedrine or its salts, for therapeutic or prophylactic uses, not in measured doses or put up for retail sale
29038300;Mirex (ISO)
29038900;Other halogenated derivatives of hydrocarbons cyclanes, cyclenes or cycle terpheniques
29039300;Pentachlorobenzene (ISO)
29039400;Hexabromobiphenyl
29043100;Perfluorooctane sulfonic acid
29043200;Perfluorooctane sulfonate of ammonium
29043300;Perfluorooctane sulphonate of lithium
29043400;Perfluorooctane sulphonate of potassium
29043500;Other salts of perfluorooctane sulfonic acid
29043600;Perfluoroctanoyl sulfonyl fluoride
29049100;Trichloronitromethane (chloropicrin)
3055920;Shark fins, dried, incl.salted but not smoked
3055990;Other dried fish, incl.salted but not smoked
3056100;Salted herrings, but not dried, not smoked and in brine
3056200;Salted cod (gadus),  but n/ dried, n/ smoked, in brine
3056300;Salted anchovies, n/dried, n/smoked and in brine
3056400;Tilapia, catfish, carp, eel,salted, not dried, in brine
30044200;Medicines containing pseudoephedrine (DCI) or salts thereof, in measured doses (including those intended to be administered percutaneously) or put up for retail sale
30044300;Medicines containing norephedrine or its salts, in measured doses (including those intended to be administered percutaneously) or put up for retail sale
30044910;"Vinblastine; vincristine; derivatives thereof; topotecan or its hydrochloride, in measured doses (including those intended to be administered percutaneously) or put up for retail sale"
30044920;Pilocarpine, the nitrate or its chloridrate, in measured doses (including those intended to be administered percutaneously) or put up for retail sale
30044930;Methanesulfonate dihydroergocristine, in measured doses (including those intended to be administered percutaneously) or put up for retail sale
30044940;Codeine or their salts, in measured doses (including those intended to be administered percutaneously) or put up for retail sale
30044950;"Granisetron; tropisetron or its hydrochloride, in measured doses (including those intended to be administered percutaneously) or put up for retail sale"
38249972;"Preparations based on silica in colloidal suspension; boron nitride of cubic crystalline structure, compacted with tungsten carbide substrate"
3061710;Other whole prawns, frozen
3061790;Other prawns, not whole, frozen
3061900;Other frozen crustaceans, incl.flours, etc.forhuman cons.
3061910;Krill (euphasia superba), frozen
3061990;Oth.frozen crustaceans,inclu.flours,f/human consump.
3062100;Not frozen rock lobster (palinurus, panulirus, jasus)
3062200;"Not frozen lobster (""homards"")(homarus spp)"
3062300;Shrimps, not frozen
3062400;Crabs, not frozen
3045500;Fillets of black hake and antartica hake, fresh or chi.
3045900;Other fish fillets, fresh or chilled
3046100;Fillets of tilapias (oreochromis spp.), frozen
3046210;Fillets of catfish (ictalarus puntactus), frozen
3046290;Other fish fillets, frozen
3046300;Fillets of nile perch (lates niloticus), frozen
3046900;Fillets of snakehead fish, frozen
3047100;Fillets of cods from atlantic,pacific,greenland, frozen
3047200;Haddock or lubina fillet, frozen
3047300;Fillets of saithe (pollachius virens), frozen
44072960;Wood sawn or chipped lengthwise, sliced or peeled, whether or not planed, sanded or end-jointed, of a thickness exceeding 6 mm, of cabreúva Parda (Myrocarpus spp.)
44072970;Wood sawn or chipped lengthwise, sliced or peeled, whether or not planed, sanded or end-jointed, of a thickness exceeding 6 mm, of urundei (Astronium balansae)
44079600;Wood sawn or chipped lengthwise, sliced or peeled, whether or not planed, sanded or end-jointed, of a thickness exceeding 6 mm, of bétula (vidoeiro) (Betula spp.)
44079700;Wood sawn or chipped lengthwise, sliced or peeled, whether or not planed, sanded or end-jointed, of a thickness exceeding 6 mm, of choupo (álamo) (Populus spp.)
44092200;Made-up tropical wood (with earspots, grooves, fillets, notches, beaded, beaded, beaded or the like) along any of its edges, ends or faces, whether or not planed, sanded or end-jointed
44123300;Others, with, at least, a outer layer of non-coniferous wood, from spp. Alnus, Fraxinus, Fagus Betula, Prunus, Castanea, Ulmus
44123400;Other plywood with at least one outer ply of non-coniferous wood, not specified in Subheading 4412.33
84565000;Cutting machines by waterjet
84594100;Other machines for boring, numerically controlled
84594900;Other machines for boring
5029010;Hair of badger and other brush making hair, etc
5029020;Wastes of hair
5030000;Horsehair and horseh.waste, whether/not put up as layer
5040011;Fresh/chilled/frozen/salted/smoked guts of bovine
5040012;Fresh/chilled/frozen/salted/smoked guts of sheep
5040013;Fresh/chilled/frozen/salted/smoked guts of swine
5040019;Fresh/chil./froz./salt./smok.guts of oth.anim.exc.fish
5040090;Fresh, etc.bladders and stomach of anim.exc.fish
5051000;Feathers of a kind used for stuffing and down
5059000;Skins and other parts of birds, with their feathers, etc.
5061000;Ossein and bones treated with acid
5069000;Other bones and horn-cores, unworked, defatted, etc.
5071000;Ivory powders and wastes
13021910;"Juices and extracts,  of papaya (""carica papaya""), dried"
13021920;"Juices and extracts, of seed of pomelo (""grapefruit"")"
13021930;Juices and extracts of ginkgo biloba dried
12040010;Linseed seeds for sowing
12040090;Other linseed seeds, whether or not broken
12050010;Rape or colza seeds, for sowng
12050090;Oth.rape or colza seeds, whether or not broken
8133000;Dried apples
8134010;Dried pears
8134090;Other dried fruits
8135000;Mixtures of dried fruits or fruits with hard peel
8140000;Peel of citrus fruit, melons, watermelons, fresh, dried, etc
9011110;Coffee not roasted or decaffeinated, in grain
9011190;Coffee not roasted or decaffeinated, except in grain
9011200;Coffee not roasted or decaffeinated
9012100;Coffee roasted, not decaffeinated
9012200;Roasted, decaffeinated coffee
9019000;Coffee husks, skins and coffee substitutes
9021000;Green tea (not fermented) in immediate packings<=3kg
9022000;Other green tea (not fermented)
9023000;Black tea (ferme./partly fermented), immed.packin.<=3kg
9024000;Other black tea (fermented/partly fermented)
9030010;Cut mate
9030090;Other kinds of mate
9041100;Dried pepper
9041200;Pepper of the genus piper, crushed or ground
9042000;Fruits of the genus capsicum/pimenta, dried/ground/etc.
9042100;Pepper and green bell pepper, dried, not crushed or po.
9042200;Pepper and green bell pepper, dried, crushed or powder.
9050000;Vanilla
9051000;Vanilla, not crushed or powdered
9052000;Vanilla, crushed or powdered
9061000;Cinnamon and cinnamon-tree flowers(neither crushed nor in powder)
9061100;Cinnamon and cinnamon-tree flowers(neither crushed nor in powder)
9061900;Other cinnamon and cinnamon-tree flowers(neither crushed nor in powder)
9062000;Cinnamon and cinnamon-tree flowers crushed or ground
9070000;Cloves (whole fruit, cloves and stems)
9071000;Clavel de la india, neither crushed nor powdered
9072000;Clavel de la india, crushed or powdered
9081000;Nutmeg
9081100;Nutmeg, neither crushed nor powdered
9081200;Nutmeg, crushed or powdered
9082000;Mace
9082100;Mace, neither crushed nor powdered
9082200;Mace, crushed or powdered
9083000;Cardamoms
9083100;Amomos and cardamoms, not crushed nor powdered
9083200;Amomos and cardamoms, crushed or powdered
9091010;Seeds of anise or badian
9091020;Seeds of badiane (star anise)
19042000;Prepar.foods obtained from cereal flake and mixturures
19043000;Bulgur wheat
19049000;Other cereal in grain,  pre-cooked or otherwise prepared
19051000;Crispbread
19052000;Gingerbread and the like
19052010;Panettone
19052090;Other gingerbread and the like
19053010;Sweet biscuits, containing added sugar
19053090;Waffles and waffers
19053100;Sweet biscuits, containing sweetener added
19053200;Waffles and wafers
19054000;Rusks, toasted bread and similar toasted products
19059000;Other products of bakery, pastry shop, biscuits ind.etc
19059010;Pan loaf
19059020;Cookies
19059090;Other products of bakery, pastry shop, biscuits ind.etc
20011000;Cucumbers/gherkin, prep.preserv.vinegar or acetic acid
20012000;Prepared onions, preserved by vinegar, acetic acid
20019000;Oth.vegetables prod.etc.prep.preser.vinegar, acetic acid
20021000;Tomatoes, whole or in pieces, prepared or preserved
20029010;Tomatoe juice
24012040;Unman.tobac.part./whol.stem./strip.leaves, dr.burley
24012090;Other unman.tobacco partly/wholly stemmed/stripped
24013000;Tobacco refuse
24021000;Cigars, cheroots and cigarillos, containing tobacco
24022000;Cigarettes containing tobacco
24029000;Cigars/cheroots/cigarillos/cigarettes, of tobacco subst.
24031000;Manufactured tobacco, forsmoking, cont.tobac.subst.or not
24031100;Tobacco for narghile (note 1 heading 2403)
24031900;Other tobacco for smoking
29339021;Chlordiazepoxide
29339022;Diazepam
29335941;Trimethoprim
29335942;Acyclovir
29335943;Dipiridamol tosylates
29335944;Nicarbazine
29335945;Menadione dimethylpyramidinol bisulphite
29335949;Oth.heterocyc.compoun.pyrimidine ring, alc./ether func.
29335991;Minoxidil
29335992;2-aminopyrimidine
29335993;Methaqualone and its salts
29335999;Oth.heterocyc.compoun.with pyrimidine/piperazine ring
29373990;Other hormones catecholamine
29374010;Levothyroxine sodium
29374020;Liothyronine sodium
29374090;Other derivatives of amino-acid
29375000;Prostaglandins, thromboxanes and leukotrienes
29379010;Tiratricol (triac) and its sodium salt
29379030;Sodium levothyroxine
29379040;Sodium liothyronine
29379090;Other hormones, prostaglandins, etc.
29379100;Insulin and its salts
29379210;Medroxyprogesterone and its derivatives
29379221;Levonorgestrel
29379222;Norgestrel
29379229;Norgestrel and other derivatives
29379231;Estriol succinate
29379239;Other esters and estriol salts
29379241;Estradiol hemisuccinate
29379242;Estradiol fempropionate (17-(3-phenylpropionate)
29379249;Estradiol and other esters, salts and derivatives
29379251;Allyloestrenol
29379259;Esters and salts of allyloestrenol
29379260;Desogestrel
29379270;Lynestrenol
29379291;Etynodiol acetate
30034010;Medicament c/vinblastine, vincristine, etc.exc.in doses
30034020;Medicament c/pilocarpine/its nitrate/etc.exc.doses
30034030;Medicament c/dihydroergocristine methanesulph.exc.doses
30034040;Medicament c/codeine or its salts, exc.in doses
30034050;Medicament c/granisetron, tropisetron, etc.exc.doses
12077090;Melon seeds, except for sowing
12079110;Poppy seeds, for sowing
12079190;Other poppy seeds, whether or not broken
12079210;Karite seeds for sowing
12079290;Other karite seeds, whether or not broken
12079910;Other oil seeds and oleaginous fruits, for sowing
30039086;Medicament c/furosemide/chlorthalidone, etc.exc.doses
30039087;Medicament c/tizanidine hydrochloride, etc.exc.doses
30039088;Medicament c/topotecan, uracil, etc.exc.doses
30039089;Medicaments c/oth.heterocyclic compounds, etc.exc.doses
30039091;Medicament containing pollen extract, exc.in doses
30039092;Medicaments c/disophenol/chyrsarobin, etc.exc.doses
30039093;Medicament cont.diclofenac resinate, exc.in doses
29391090;Other opium alkaloids, its derivatives and salts
29391091;Buprenorphine and its salts
29391092;Poppy straw concentrate
29391093;Buprenorphine and its salts
29391099;Other opium alkaloids, its derivatives and salts
29391110;Concentrates of poppy straw
29391121;Buprenorphine and its salts
29391122;Codeine and its salts
30034090;Medicament c/granisetron, tropisetron, etc.exc.doses
30039011;Medicament c/calcium folinate (leucovorine), exc.doses
30039012;Medicament c/nicotinamide acid, etc.exc.in doses
30039013;Medicament c/hydroxycobalamine, etc.exc.in doses
30039014;Medicament c/vitamin a1 (retinol), etc.exc.in doses
30039015;Medicament c/calcium d-pantothenate, etc.exc.in doses
24012030;Unman.tobac.partly/wholly stem./strip.leav.dr., etc.vir
29335191;Allobarbital and its salts
29309013;N, n-dialkyl-2-aminoethanothiols, their protonat.salts
29309014;Thimerosal
29309019;Other thiols, its derivates and salts
29309021;Thiourea
29309022;Thiophanate-methyl
29309023;4-methyl-3-thiosemicarbazide
29309029;Other thioamides, its derivatives and salts
29309031;2-(ethylthio)ethanol of a concentration of >=98%
29309032;3-(methylthio)propanol and aldicarb
29309033;S-ethyl chlorothioformate
29309034;2-hydroxy-4-(methylthio)butyric acid and its calc.salt
29309035;Methomyl
29309036;Carbocysteine
15099010;Olive oil, refined
15099090;Other olive oil
15100000;Other oils of olives and mixtur.with olive oil of olive
15111000;Palm oil, in crude
15119000;Other palm oil
15121110;Sunflower-seed oil, in crude
15121120;Safflower oil, in crude
3038963;Pacu, frozen, except filetts, other meat, etc.
3038964;Tambaqui, frozen, except filetts, other meat, etc.
3038965;Tambacu, frozen, except filetts, other meat, etc.
3038990;Other frozen fish, except filets, other meats, etc
3039000;Livers and roes of fish, frozen
3041000;Fresh/chilled filets and other fish meats
3041011;"Fresh/chilled filets of wreckfish""polyprion americanus"""
3041012;Fresh/chilled filets of wirrah (acanthistius spp.)
3041013;Fresh/chilled filets of channel catfish
3041019;Fresh/chilled other fish filets
3041090;Fresh/chilled other fish meats
3041100;Sword fish (xiphias gladius) fresh or chilled
3041200;Whiting (dissostichus spp.) fresh or chilled
3041911;Filet/cher-pov.(polyprion americanus.) fresh or chilled
3041912;Wirrah (acanthistius spp) fillet,  fresh or chilled
3041913;Fillet from channel catfish (ictalurus puntactus),  fresh or chilled
3049500;Other fish meat of determined species, frozen
29309037;4-sulphate-ethyl-sulphonyl-2, 5-dimetoxyaniline, etc
29309038;Thiodiglycol (inn) (bis(2-hydroxyethyl) sulphide)
29309039;Oth.thioethers, thioesters and its derivatives/salts
29309040;Phorothioate, its derivatives and its salts
29309041;S-[2-(diethylamino)ethyl] o, o-diethylphosphoroth., etc
29309042;O, o-dimethyl s-[2-(1-methylcarbamoylethylthio)ethyl ph.
29339023;Oxazepam
29339024;Alprazolam
29339025;Triazolam
29339026;Camazepam
29339027;Clonazepam
29339028;Clorazepato
29339029;Heteroc.compounds salts and esters with diazepine ring
29339031;Dibenzoazepine (iminoestilbene)
29339032;Carbamazepine
29339033;Clomipramine hydrochloride
29339034;Molinate (s-ethyl hexahydroazepin-1-carbothioate)
29339035;Hexamethyleneimine
29339039;Other heterocyclic compounds, with 1 azepine ring
29339041;Clemastine and its derivatives, salts thereof
29339042;Amisulpride
29339043;Sultopride
29339044;Alizapride
29339045;Buflomedil and its derivatives, salts thereof
29299022;N, n-dialkyl(c1 to c3)phosphoroamidates, etc.
29299029;Ot.n, n-dialkyl(c1 to c3)phosphoroamidates, their deriv.
29299090;Other compounds nitrogen fuction
29301000;Dithiocarbonates (xanthates)
29302011;Eptc (thiocarbamate)
29302012;Cartap
29302013;Hiobencarb (s-4-chlorobenzyl diethylthiocarbamate)
29302019;Other thiocarbamates
29302021;Ziram and sodium dimethyldithiocarbamate
29302022;Zinc diethyldithiocarbamate
29302023;Zinc dibutyldithiocarbamate
29302024;Metham sodium
29302025;Phenylmercuric dimethyldithiocarbamate
29302029;Other dithiocarbamates
29303011;Monosulphides of tetramethylthiuram
29303012;Sulfiram
29303019;Other monosulphides of thiuram
29303021;Thiram
29303022;Disulfiram
29303029;Other disulphides of thiuram
29303090;Tetrasulphides of thiuram
29304010;Dl-methionine, contain.>0.1%b/weight of sulphur ash
29304090;Other methionine
29336100;Melamine
29336911;2, 4, 6-trichlorotriazine (cyanuric chloride)
29336912;Mercaptodichlorotriazine
29336913;Atrazine
29336914;Simazine
29336915;Cyanazine
30039058;Medicament c/carmustine/lomustine, etc.exc.in doses
30039059;Medicam.c/oth.carboxyam. function compoun.etc.exc.doses
30039061;Medicament c/isossorbide dinitrate, etc.exc.doses
30039062;Medicament containing tiapride, exc.in doses
30039063;Medicament containing etidronate disodium, exc.in doses
30039064;Medicament cont.amiodarone hydrochloride, exc.in doses
30039065;Medicament cont.nitrovin or moxidectin, exc.in doses
29309043;Profen.(o-(4-bromo-2-chlorophenyl)o-ethyl s-propyl phos
29309049;Other phosphorothioate, its derivatives and its salts
29309051;Phorato
29309052;Disulfoton
29309053;Ethion
29309054;Dimethoate
29309055;Vamidothion(phosphorodithioate of o, o-dimethyl s-(etc.)
29309056;Prophenofos
29309057;Thiometon
29309059;Other phosphorodithioate, its derivatives and salts
9092000;Seeds of coriander
9092100;Coriander seeds, neither crushed nor powdered
30034920;Pilocarpine, the nitrate or its chloridate, for therapeutic or prophylactic uses, not in measured doses or put up for retail sale
30034930;Methanesulfonate dihydroergocristine, for therapeutic or prophylactic uses, not in measured doses or put up for retail sale
30034940;Codeine or their salts, for therapeutic or prophylactic uses, not in measured doses or put up for retail sale
30034950;"Granisetron; tropisetron or its hydrochloride, for therapeutic or prophylactic uses, not in measured doses or put up for retail sale"
30034990;Other medicaments (excluding goods of Heading 30.02, 30.05 or 30.06) containing alkaloids or derivatives thereof, put up for therapeutic or prophylactic uses, not put up in measured doses or in forms or packings for retail sale
30036000;Other drugs that contain active anti malaria principles, for therapeutic or prophylactic uses, not in measured doses or put up for retail sale
55029010;Cables of artificial filament, made of viscose rayon
55029090;Other cables made of artificial filament
55064000;Synthetic staple fibers, carded, combed or otherwise processed for spinning, polypropylene
57042000;Felt tiles, the top surface area greater than 0.3 square meter, but not more than 1 square meter
60053500;Woven warp knit (including those made on galloon knitting machines), other than those of headings 6001 to 6004, of synthetic fibers, in Note of Subheading of this chapter
60053600;Other warp knit fabrics (including those made on galloon knitting machines), other than those of headings 6001 to 6004, of synthetic fibers, unbleached or bleached
60053700;Other warp knit fabrics (including those made on galloon knitting machines), other than those of headings 6001 to 6004, of synthetic fibers, dyed
60053800;Other warp knit fabrics (including those made on galloon knitting machines), other than those of headings 6001 to 6004, of yarns of different colors
38249954;Flame retardant containing mixtures of triphenylphosphate isopropyl
38249959;Mixtures and preparations containing esters of inorganic acids and their derivatives
38249971;"Sodium lime; hydrofuge calcium carbonate"
87036000;Other vehicles, equipped for propulsion simultaneously with a reciprocating piston engine spark ignition and an electric motor, capable of being loaded by connection to an external source of electricity
87037000;Other vehicles, equipped for propulsion simultaneously with a compression-ignition internal combustion piston engine (diesel or semi-diesel) and an electric motor, capable of being loaded by connection to an external source of electricity
87038000;Other vehicles, equipped only with electric motor for propulsion
60053900;Other warp knit fabrics (including those made on galloon knitting machines), other than those of headings 6001 to 6004, printed
63042000;Bed nets mentioned in Note of Subheading 1 of this Chapter
69072100;Tiles and plates (slabs), for paving or coating, other than those of subheadings 6907.30 and 6907.40, with a coefficient of water absorption, by weight, not exceeding 0.5%
69072200;Tiles and plates (slabs), for paving or coating, other than those of subheadings 6907.30 and 6907.40, with a coefficient of water absorption, by weight, exceeding 0.5% but not more than 10%
44072950;Wood sawn or chipped lengthwise, sliced or peeled, whether or not planed, sanded or end-jointed, of a thickness exceeding 6 mm, of canafístula (Peltophorum vogelianum)
29202910;Phosphite of alkyl of C3 to C13 or of alkyl-aril
29202920;Diphenyl phosphite
29202930;Other phosphites, of arila
29202940;Fosetil Al
29202950;Phosphite of tris (2,4-di-tert-butylphenyl)
29202990;"Other phosphite esters and their salts; their halogenated, sulfonated, nitrated or nitrosated derivatives"
29203000;Endosulfan (ISO)
29211200;Chloridrate of 2-chlorethyl (N, N-dimethylamin)
29211300;Hydrochloride of 2-chloroethyl (N, N-diethylamine)
29211400;Chlorhydrate of 2-chloréthyle (N,N-diisoprophylamine)
29221500;Triethanolamine
29221600;Diethanolammonium perfluoroctanosulfonate
29221700;Methyldiethanolamine and ethyldiethanolamine
29221800;2-(N,N-diisopropylamine)ethanol
69072300;Tiles and plates (slabs), for paving or coating, other than those of subheadings 6907.30 and 6907.40, with a coefficient of water absorption, by weight, greater than 10%
69073000;Cubes and similar articles, for mosaics, other than those of subheading 6907.40
69074000;Trim pieces, made of ceramic
84244100;Portable sprayers for agriculture or horticulture
84244900;Other sprayers for agriculture or horticulture
13023219;Oth.mucilages prod.thickeners, derived from locust beans
3039200;Shark fins, frozen
3039910;Black Hake heads (Dissostichus eleginoides), frozen
3039920;Hake heads Antarctic (Dissostichus mawsoni), frozen
3039990;Other edible fish byproducts, frozen
3044700;Filets of dogfish and other sharks, fresh or chilled
3044800;Filets of rays (Rajidae), fresh or chilled
3045600;Other meat of dogfish and other sharks, fresh or chilled
3045700;Other meat of rays (Rajidae), fresh or chilled
6031100;Roses and their buttons, cut, for bouquets, ornamented, fresh
44071200;Wood sawn or chipped lengthwise, sliced or peeled, whether or not planed, sanded or end-jointed, of a thickness exceeding 6 mm, of abeto (Abies spp.) and of espruce (Picea spp.)
44071900;Wood sawn or chipped lengthwise, sliced or peeled, whether or not planed, sanded or end-jointed, of a thickness exceeding 6 mm, of other coniferous
15179010;Mixtures of refined oils, in container with capacity<=5l
15179090;Other edible mixtures preparations of fats, oils,  etc.
15180000;Animal or vegetable fats and oils, boiled, oxidized, etc.
15180010;Epoxidized vegetable oil
15180090;Other animal fat and oil/cooked vegetables/oxidized,  etc
15200010;Crude glycerol
15200020;Glycerol waters and glycerol lyes
15211000;Vegetable waxes
15219011;Bee wax, in crude
15219019;Other bee waxes, in crude
15219090;Veget.waxes, ot.insect waxes/spermac.refin/colour.or not
15220000;Degras and residues from treatment greases substan.etc
16010000;Sausages of meat, meat offal, blood, their food preparat.
16021000;Homogenized prepared of meat, edible offal, blood
21031090;Other soya sauce, prepared
21032010;Tomato ketchup and other tomato sauces immed.pac.w<=1kg
20059900;Other vegetable products, not frozen, conserved in vinegar/acid acetic
20060000;Vegetables fruit, fruit-pee, etc.preserved by sugar
20071000;Homogenised preparations of fruit, forcooked, forinfant use
20079100;Jams, fruit jellies, marmalad.purée and pastes, of citric
20079910;Jellies, marmalades, of other fruits
20079921;Purees of acai (Euterpe oleracea)
20079922;Purees acerola (Malpighia spp.)
20079923;Mashed banana (Musa spp.)
20079924;Mashed guava (Psidium guajava)
20079925;Mashed of mango (Mangifera indica)
20079929;Mashed of other fruits
20079990;Jams, purée, pastes, of other fruits
20081100;Ground-nuts prepared or preserved
20081900;Other hard peel fruits, other seeds prepared/preserved
20082010;Pineapples prepared/preserved with sweetening water, etc
20082090;Pineapples otherwise prepared or preserved
6031200;Carnation and their buttons, cut, for bouquets, ornamented, fresh
6031300;Orchids and their buttons, cut, for bouquets, ornamented, fresh
11041200;Grains of oats, rolled or flaked
11041900;Grains of other cereals, rolled or flaked
11042100;Barley grain, peeled, pearled, cut, etc
11042200;Grains of oats, shelled, in pearls, cut, etc.
11042300;Grains of corn, shelled, in pearls, cut, etc.
11042900;Grains of other cereals, shelled, in pearls, cut, etc.
11043000;Germs of cereals, whole, rolled,  flaked or ground
11051000;Flour, meal and powder of potato
11052000;Flakes, granules and pellets of potato
11061000;Flour, meal and powder of dried leguminous vegetables
11062000;Flour, meal and powder of roots and tubers
11063000;Flour, meal and powder of fruits, peels of citric, etc
11071010;Malt not roasted, whole or cut
11071020;Malt, not roasted, ground or in flour
11072010;Malt, roasted, whole or cut
11072020;Malt, roasted, ground or in flour
11081100;Wheat starch
11081200;Maize (corn) starch
11081300;Potato starch
11081400;Manioc (cassava) starch
11081900;Other starches
11082000;Inulin
11090000;Wheat gluten, even dried
4029900;Other milk, cream of milk, concentrated, added sugar
4031000;Yoghurt
4039000;Buttermilk, curdled milk and cream, kephir, fermented, etc.
4041000;Whey and modified whey, whether or n/concent.added sugar
38249933;Mixtures and preparations of a kind used for the manufacture of paints and varnishes (including enamels, lacquers and distempers), containing polyethyleneamines and diethylenetriamines, suitable for latex coagulation
38249934;Other mixtures containing polyethyleneamines
38249935;Mixtures of mono-, di- and triisopropanolamine
38249936;Crosslinkers for silicones
25085000;Andalusite, kyanite and sillimanite
25086000;Mullite
25087000;Chamotte or dinas earths
25090000;Chalk
25101010;Natural calcium phosphates, unground
25101090;Calcium phosphates, natural alumin.phosphatiic unground
25102010;Calcium phosphates, natural, ground
25102090;Calcium phosphates, natural aluminium phosphatiic, ground
25111000;Natural barium sulphate (barytes)
21032090;Other tomato ketchup and other tomato sauces, prepared
21033010;Mustard flour
21033021;Mustard prepared, in immediate packings wei.<=1kg
21033029;Other prepared mustard
21039011;Mayonnaise immediate packings, weighing<= 1kg
21039019;Other mayonnaise
21039021;Condiments/mixed seasonings, comp., immed.pack.w<=1kg
21039029;Other condiments and mixed seasonings, composed
21039091;Other sauces preparations, sauce prep.immed.pac.wei<=1kg
21039099;Other sauces preparations and sauce prepared
21041011;Preparations soups and broths, immed.pac.wei.<=1kg
21041019;Other preparations for soups and broths
21041021;Soups and broths, prepared, immed.pack.wei.<=1kg
16041390;Prepar./preserv.of sardinella, brisling, whole/in pieces
16041410;Prepared preserved, of tunas, whole or in pieces
16041420;Prepared preserved, of skipjack, whole or in pieces
16041430;Prepared preserved, of bonito, whole or in pieces
16041500;Prepared preserved, of mackerel, etc.whole or in pieces
10039080;Other barley, grains
10039090;Other barley, except in grains
10040010;Oat, for sowing
10040090;Oat, except for sowing
10041000;Oats, for sowing
10049000;Oats, except for sowing
10051000;Corn seed
10059010;Maize (corn) in grain, except for sowing
10059090;Maize (corn), except in grain
10061010;Rice in the husk (paddy), for sowing
10061091;Rice in the husk (paddy), parboiled (stewed)
10061092;Rice in the husk (paddy), parboiled (n/stewed)
10062010;Husked (brown) shelled, parboiled
10062020;Husked (brown) shelled, not parboiled
10063011;Semi-milled/wholly milled rice, etc.parboiled/polished
10063019;Ot.kind of semi-milled/wholly milled rice, etc.parboiled
10063021;Semi-mil/wholly milled rice, etc.not parboiled, polished
7133590;Fradinho bean (vigna unguiculata), except for sowing
7133910;Other dried beans(vigna/phaseolus), forsowing
7133990;Other dried beans(vigna/phaseolus), in grain
7134010;Dried lentils, for sowing
7134090;Other dried lentils, in grain
7135010;Dried broad beans/horse beans, for sowing
8041020;Dried dates
8042010;Fresh figs
8042020;Dried figs
8043000;Fresh/dried pineapples
8044000;Fresh/dried avocados
8045000;Fresh/dried guavas/mangoes/mangosteens
8045010;Fresh/dried guavas
8045020;Fresh/dried mangoes
8045030;Fresh/dried mangosteens
8051000;Fresh/dried oranges
8052000;Fres/dried mandarins(incl.tanger./satsumas)clement.etc
8053000;Fresh or dried lemons and sweet oranges
8054000;Fresh/dried grapefruit
8055000;Fresh/dried lemons and sweet oranges
8059000;Other fresh/dried citrus fruit
8061000;Fresh grapes
8062000;Dry grapes
8071100;Fresh watermelons
8071900;Fresh melons
8072000;Fresh papaws (papayas)
8081000;Fresh apples
20089100;Palm heart, prepared or preserved
20089210;Mixtures of fruits, prepared or preserved
20089290;Mixtures of fruits, otherwise prepared or preserved
20089300;Cranberry red, prepared or preserved in other forms
20089710;Mixtures of fruits, prepared in water sweetened
20089790;Mixtures of prepared fruit, otherwise preserved
3024210;Anchoita (engraulis anchoita), fresh or frozen
3024290;Other anchovies, fresh or chilled
3024300;Sardines (sardina pilchardus, etc), fresh or chilled
3024400;Cavalinhas, fresh or frozen
3024500;Horse mackerel (trachurus spp.), fresh or chilled
3024600;Cobia (rachycentron canadum), fresh or chilled
19012000;Mixes and doughs for the preparation of baker, etc
19019010;Malt extract
19019020;Cream with a basis of cooked milk with added sugar
19019090;Other food preparations of flour, etc.cocoa<40%
19021100;Uncooked pasta, not stuffed, containing eggs
19021900;Other uncooked pasta, not stuffed, etc.
19022000;Stuffed pasta, incl.cooked, prepared another way
19023000;Other pasta
19024000;Couscous
19030000;Tapioca and substitutes therefor, from starch, flakes, etc
19041000;Cereal products, obtained by the swelling or roasting
8082010;Fresh pears
8082020;Fresh quinces
19011090;Other preparations for infant use
8083000;Pears, fresh
8084000;Quinces, fresh
8091000;Fresh apricots
8092000;Fresh cherries
8092100;Acid cherries (prunus cerasus), fresh
8092900;Other cherries, fresh
8093010;Fresh peaches
8093020;Fresh nectarines
8094000;Fresh plums and sloes
8101000;Fresh strawberries
8102000;Fresh raspberries, blackberries, mulberries and longanb.
3062500;Norwegian lobster (nephrops norvegicus), not frozen
3062600;Shrimp of cold water, not frozen
3062700;Other prawns, not frozen
3062900;Oth.n/frozen crustaceans, incl.flours, etc.forhuman cons.
3062910;Fresh water lobsters, not frozen
3062990;Oth.n/frozen crustaceans, incl.flours, etc.forhuman cons.
3071000;Oysters, live, fresh, chilled, frozen, dried, etc.
3071100;Live oysters, fresh or chilled
3071900;Other live oysters
3072100;Live/fresh/chilled scallops, other shellfishes (pecten, etc)
3072900;Frozen/dried/etc.scallops, oth.shellfishes (pecten, etc)
3073100;Live/fresh/chilled mussels (mytilus spp., perna spp.)
3073900;Frozen/dried/salted/etc.mussels(mytilus spp.perna spp)
3074100;Liv/fres/chil.sepia officin., rossia macr., sepiola, squid
3074911;Frozen rossia macrosoma/squid (ommastrephes, loligo, etc)
3074919;Frozen sepia officinalis and sepiola
3074920;Salt./dried/brin.sepia offic.rossia macr.sepioloa, squid
3074990;Cuttlefish and squid, in other ways
11010010;Wheat flour
11010020;Flour mixture of wheat and rye
11021000;Rye flour
11022000;Maize (corn) flour
11023000;Rice flour
11029000;Flour of other cereals
11031100;Groats and meal of wheat
11031200;Oats groats and meal
11031300;Maize groats and meal
11031400;Rice groats and meal
22021000;Waters, incuding mineral/aerated, ad.sugar, flavoured, etc
22029000;Non-alcoholic beverages (excl.water, fruit/veget.juice)
22030000;Beer made from malt
22041010;"Wine of fresh grapes, ""champagne"" type"
22041090;Other wine of fresh grapes and sparkling
22042100;Other wine, grape must, fermen.alcohol containers<=2l
22042900;Other wine, grape must, fermented to added alcohol
10089090;Other cereals, except for sowing
22042911;Wines in containers with capacity not over 5 liters
22042919;Wines in containers with capacity over 5 liter
22042920;Grape must
22043000;Other grape must
22051000;Vermouth, other wine of fresh grapes flavoured cont.<=2l
29372329;L-norgestrel and others derivatives
29372331;Oestriol and its succinate
29372339;Derivatives and salts of oestriol
29372341;Oestradiol hemisuccinate
29372342;Oestradiol fenpropionate(oestradiol 17-(3-phenylpropion
29372349;Oestradiol, other esteres, salts and derivatives
29372351;Allyloestrenol
29372359;Esters and salts of allyloestrenol
29372360;Desogestrel
29372370;Lynestrenol
29372391;Etynodiol acetate
29372392;Gestodene
3056900;Other salted fish, n/dried, n/smoked and in brine
3056910;Saithes(polachius virens),lings e zarbos(brosme brosme)
3056990;Outros peixes salgados n/secos, n/defum e em salmoura
3057100;Shark fins
3057200;Heads, tails, and swim bladders, of fish
3057900;Other edible waste, fish
3061100;Frozen rock lobsters (palinurus, panulirus and jasus)
3061110;Whole lobsters,  frozen
3061190;Other frozen rock lobster, except whole
3061200;Frozen lobster (homards spp.)(homarus spp.)
3061300;Frozen shrimps
3061310;"Frozen shrimps ""krill"""
3061391;"Frozen whole shrimps, except ""krill"""
3061399;"Other frozen shrimps, except ""krill"""
30033932;Medicament c/oestradiol fenpropionate, exc.in doses
30033933;Medicament c/oestradiol or its succinate, exc.in doses
12092300;Fescue seeds, for sowing
12092400;Kentucky blue grass (poa pratensis l.)seeds, for sowing
12092500;Rye grass(lolium mult.lam., lolium per.l.)seeds, forsowing
12092600;Timothy grass seeds, for sowing
12092900;Forage plants seeds, for sowing
12093000;Seed of herbaceous plants cult.princ.for flowers, forsowing
12099100;Seeds of horticultural products, for sowing
12099900;Other seeds, fruit and spores, for sowing
12101000;Hop cones, fresh, dried, n/ground, n/powdered, etc.
12102010;Hop cones, ground, powdered or in the form of pellets
12102020;Lupulin
12111000;Liquorice roots, fresh, dried, incl.cut, ground, powder
12112000;Ginseng roots, fresh, dried, incl.cut, ground, powder
12113000;Coca (leafs of), used in perfumery, medicine, etc.
12114000;Poppy straw, used in perfumery, medicine, etc.
12119010;Oregano, fresh or dried forperfumery, medicine, etc.
12119020;Coca ( leafs of), fresh/dried, forperfumery, medicine, etc.
7141000;Fresh/chilled/frozen/dried roots of manioc(cassava)
7142000;Fresh/chilled/frozen/dried sweet potatoes
7143000;Yams (dioscorea spp.)
7144000;Taros (colocasia spp.)
7145000;Mangaritos (xanthosomo spp.)
7149000;Oth.fresh/chilled/frozen/dried roots/tubers, sago pith
8011100;Coconuts, fresh or dried, desiccated
8011110;Dried coconuts, shelled, whether or not shredded
8011190;Other dried coconuts
8011200;Coconuts in the inner bark (endocarp)
8011900;Other fresh coconuts
8012100;Fresh/dried, brazil nuts, in shell
8012200;Fresh/dried, brazil nuts, shelled
8013100;Fresh/dried, cashew nuts, shelled
8013200;Fresh/dried, cashew nuts, shelled
8021100;Fresh/dried almonds, shelled
30033934;Medicament containing allyloestrenol, exc.in doses
30033935;Medicament containing lynestrenol, exc.in doses
30033936;Medicament c/megestrol acetate, formestane, exc.in doses
30033937;Medicament containing desogestrel, exc.in doses
30033939;Medicament c/oth.estrogens/progestogenos, exc.in doses
30033981;Medicament containing levothyroxine sodium, exc.doses
16054000;Prepared preserved, of other crustaceans
16055100;Prepared or preserved, oysters
16055200;Prepared or preserved, scallop and other seafood
16055300;Prepared or preserved, mussels
16055400;Prepared or preserved, squid and cuttlefish
16055500;Prepared or preserved, octopus
16055600;Prepared or preserved, clams, cockles
16055700;Prepared or preserved, abalones
16055800;Prepared or preserved, snails (except from sea)
16055900;Prepared or preserved, other mollusks
16056100;Prepared or preserved, sea ??cucumbers
16056200;Prepared or preserved, sea urchin
20029090;Oth.tomatoes prep.preserved, exc.by vinegar/acetic acid
20031000;Mushrooms of the genus agaricus, prepared or preserved
20032000;Truffles, prepared or preserved
20039000;Mushrooms, prepared or preserved, exc.vinegar
20041000;Potatoes prepared or preserved, frozen
20049000;Oth.veget.prod.prepared/preserved, froz.exc.vinegar, etc
20051000;Homogenized vegetables prod.prepared/preserved n/ froz.
20052000;Potatoes prepared/preserved, not frozen
23011090;Flours, meat offal/greaves, unfit forhuman consumption
9092200;Coriander seeds, crushed or powdered
9093000;Seeds of cumin
9093100;Cumin seeds, neither crushed nor powdered
29339046;Enalapril maleate
29339047;Ketorolac tromethamine
29339048;Pyrovalerone and its salts
29339049;Other heterocyclic compounds, with pyrrol ring
29339051;Benomyl
29339052;Oxfendazole
29339053;Albendazole and albendazole sulphoxide
29339054;Mebendazole
29391024;Thebacon and its salts
29391025;Thebaine and its salts
29391026;Hydromorfone and its salts
29391029;Other morphine derivatives and salts thereof
17024020;Glucose syrup contan.dry state, 20%<=weight<50%fructose
17025000;Chemically pure fructose
17026010;Fructose contan.dry state, weight>50% of fructose
17026020;Glucose syrup contan.dry state, weight>50%of fructose
17029000;Other sugar, sugar syrup, honey substitute, etc
17031000;Cane molasses
17039000;Molasses resulting from the extraction or refining sug.
17041000;Chewing gums, without cocoa, whether or n/sugar-coated
17049010;White chocolate, not containing cocoa
17049020;Chocolates, caramels, sweets, tablets, not containing cocoa
29336916;Anilazine
29336919;Oth.heteroc.comp.triazine ring with chlorine coval.bond
29336921;N, n, n-trihydroxyethylhexahydrotriazine
29336922;Hexazinon
29336923;Metribuzin
29336929;Oth.heter.comp.triazine ring without chlorine cov.bond
29336991;Ametryn
29336992;Methenamine (hexamethenamine) and its salts
29336999;Oth.heteroc.compounds 1 triazine ring n/condensed
29337100;6-hexanelactam (epsilon-caprolactam)
29337210;Clobazam
29337220;Methyprylon
29337910;Piracetam
29337920;Clobazam
29337930;Methyprylon
29337990;Other lactams
29339011;Pyrazinamide
29339012;Amiloride hydrochloride
13021940;Juices and extracts, valepotriates (valerian extracts)
13021950;Juices and extracts, of ginseng
13021960;Juices and extracts, of silymarin
13021990;Juices and extracts, of other vegetables
13021991;Juice/extracts of pyrethrum/the root of plant containing rotenone
13021999;Other juices and vegetable extracts
13022010;Pectic substances
13022090;Other pectic substances, pectinates and pectates
13023100;Agar-agar
13023211;Endosperm flour
9093200;Cumin seeds, crushed or powdered
9094000;Seeds of caraway
9095000;Seeds of fennel and juniper berries
9096110;Seeds of anise, not crushed nor powdered
9096120;Badian seeds, not crushed nor powdered
9096190;Other seeds, neither crushed nor powdered
9096210;Aniseed, crushed or powdered
9096220;Badian seeds, crushed or powdered
9096290;Other seeds, crushed or powdered
9101000;Ginger
9101100;Ginger, neither crushed nor powdered
9101200;Ginger, crushed or powdered
9102000;Saffron
9103000;Turmeric (curcuma)
9104000;Thyme and bay leaves
9105000;Curry
9109100;Mixtures of spices
9109900;Other spices
10011010;Durum wheat for sowing
10011090;Durum wheat, except for sowing
10011100;Durum wheat, for sowing
10011900;Durum wheat, except for sowing
10019010;Wheat (except durum wheat), for sowing
10019090;Wheat(exc.durum wheat orto sow)and wheat with rye
10019100;Other wheat and mixed wheat and rye, for sowing
17049090;Oth.products sugar confectionery, no cocoa
18010000;Cocoa (whole or broken), raw or roasted
18020000;Cocoa shells, husks, skins and other cocoa waste
18031000;Cocoa paste, not defatted
18032000;Cocoa paste, wholly or partly defatted
18040000;Butter, fat and oil, from cocoa
18050000;Cocoa (powder),  without added sugar or other sweeteners
18061000;Cocoa powder, cont.added sugar or oth.sweetening matter
18062000;Oth.prepar.in blocks, slabs, bars with cocoa, wei.>2kg, etc
18063110;Filled chocolate, in tablets, slabs or bars
18063120;Oth.food preparat..containing cocoa, filled, tablets, etc
15059090;Other fatty substances derived of wool grease
12051010;Low erucic acid rape seeds, for sowing
12051090;Low erucic acid rape seeds, except for sowing
12059010;Other rape seeds, for sowing
12059090;Other rape seeds, except for sowing
12060010;Sunflower seeds, for sowing
12060090;Other sunflower seed, even crushed
12071010;Palm nuts and kernels, for sowing
12071090;Other palm nuts and kernels, whether or not broken
12072010;Cotton seeds, for sowing
12072090;Other cotton seeds, whether or not broken
12072100;Cotton seeds for sowing
12072900;Cotton seeds, except for sowing
12073010;Castor seeds, for sowing
12073090;Other castor seeds, whether or not broken
12074010;Sesamum seeds, for sowing
12074090;Other sesamum seeds, whether or not broken
12075010;Mustard seeds, for sowing
12075090;Other mustard seeds, whether or not broken
12076010;Safflower seeds, for sowing
12076090;Other safflower seeds, whether or not broken
12077010;Melon seeds for sowing
10019900;Other mixtures of wheat and rye, except for sowing
10020010;Rye for sowing
29415020;Erythromycin and its salts
29415090;Other derivatives of erythromycin and its salts
29419011;Rifamycin s
29419012;Rifampicin
29419013;Rifamycin sv sodium
29419019;Other rifamycin, its derivatives and its salts
29419021;Lincomycin hydrochloride
29419022;Clindamycin phosphate
29419029;Lincomycin, other derivatives and its salts
29419031;Cefadroxil and its salts
29419032;Cefoperazone and its salts and cefazoline sodium
29419033;"Cefaclor and cefalexin monohydrate;cefalotin sodium"
29419034;Cefadroxil and its salts
29419035;Cefotaxime sodium
29419036;Cefoxitin and its salts
29419037;Cephalosporin c
29419039;Oth.cephalosporin and cephamicin, derivatives and salts
29419041;Neomycin sulphate
29419042;Gentamycin embonate (gentamycin pamoate)
29419043;Gentamycin sulphate
29391017;Dihydrocodeine and its salts
29391018;Oxycodone and its salts
29391019;Ethylmorphine and its salts
29391021;Nicomorphine and its salts
3049900;Other fish meat,  fresh,  chilled or frozen
16041900;Prepared preserved, of other fish, whole or in pieces
16042010;Other prepared preserved, of tunas
16042020;Other prepared preserved, of bonito
16042030;Other prepared preserved, of sardines, sardinelas, etc.
16042090;Other prepared preserved, of other fish
16043000;Caviar and caviar substitutes
16043100;Caviar
16043200;Caviar substitutes
16051000;Prepared preserved, of crab
16052000;Prepared preserved, of shrimps
16052100;Prepared or preserved,shrimp, not in closed container
4011010;Milk/cream fat content by weight<=1% n/concent.n/sug.
4011090;Other milk/cream fat content by weight<=1% n/conc.n/sug
4012010;Milk/cream  fat cont.b/wei exceed.1%but n/6%n/con.n/sug
4012090;Oth.milk/cream fat cont.b/wei exc.1%but n/6%n/con n/sug
4013010;Milk of a  fat content  by exceeding 6% n/con n/sug
4013021;Cream of milk, uht, of fat cont.by exceed.6% n/con.n/sug
4013029;Oth.cream milk of fat content by exceed.6%, n/con n/sug
5119110;Roes of fish, fecundated for reproduction
5119190;Other products of fish, etc.inappropriate forhuman consum
5119910;Embryos of animals
5119920;Animal semen
5119930;Silk-worm eggs
5119990;Oth.products of anim., etc.inappropriate forhuman consum.
5119991;Horsehair and waste,  even in webs
5119999;Other products ofanimal origin,  inappropriate for human consumption
6011000;Bulbs, tubers, rhizomes, etc.in vegetative rest
6012000;Bulbs, tubers, rhizomes, etc.in veg.in flow.chicory plants
6021000;Unrooted cuttings and slips
6022000;Trees, shrubs and bushes, grafted, with edible fruit
6023000;Rhododendrons and azaleas, grafted or not
6024000;Roses, grafted or not
6029010;Mushroom spawn
6029021;Orchids cuttings and slips
5079000;Tortoise-shell, horns, nails, claws, etc
5080000;Coral, shells, shells of mollusks, etc.unworked, prepared
5090000;Natural sponges of animal origin
5100010;Fresh pancreases of bovine, forprep.produc.pharmaceut.etc
5100090;Other substances of animal, forprep.produc.pharmaceut.etc
5111000;Bovine semen
7112010;Olives provisionally preserved in brine
7112020;Olives preserved in sulphur/added of other substances
7112090;Other olives provisionally preserved
7113010;Capers provision.preserv.in brine, in sulphur water, etc.
7113090;Other capers provisionally preserved
7114000;Cucumbers/gherkins provision.preser in brine, etc
7115100;Mushrooms(agaricus)provisionally preserved in brine, etc
7115900;Oth.mushrooms/truffles provis./preserved in brine, etc
7119000;Other veget./mixt.veget., provis/preserved in brine, etc.
7122000;Dried onions, incl.pieces, slices, powder, etc.but n/fut.pr
7123000;Dried mushrooms/truffles, incl.cut, etc.but n/fut.prep.
7123100;Dried mushrooms(agaricus), sliced, cut, etc.
7123200;Dried wood ears, cut, sliced, etc.
20097100;Apple juice of a brix value <= 20
20097900;Other apple juices
20098000;Juices of any other single fruit/vegetable unfermented
20098100;Juice of cranberry red
20098900;Juice of other fruits, not fermented, not sweetened
20098910;Juice of peach, brix value >= 60
23067000;Oil-cake and other solid residues, of maize germ
23069000;Obter oil-cake/ot.solid res.result.from extr.veg.fats/oil
23069010;Oil cake, residues, etc, of wheat germ
23069090;Oil cake, residues, etc, of other vegetable oils
23070000;Wine lees and argol
23080000;Vegetable materials and other vegetable waste
23081000;Acorns of oak and chestnut-from-indian, foranimal cons.
23089000;Vegetable materials, waste, residues, etc.for animal consum.
23091000;Food for dogs and cats
23099010;Complete/composed foods, for animals
23099020;Preparations with a basis of iodized salt, etc.foranim.fe
23099030;Biscuits, for animal feeding
23099040;Preparations containing diclazuril, for animal feeding
23099050;Preparations with ractopamine hydrochloride =>2%
23099060;Preparations containing xylanase and betagluconase, with support of wheat flour
23099090;Other preparations for animal feeding
29280042;Phenylhydrazine derivatives
29280090;Oth.organic derivat.of hydrazine or of hydroxylamine
29291010;Diphenylmethane diisocyanate
29291021;Isomer mixture toluene diisocyanate
29291029;Other toluene diisocyanate
29291030;3, 4-dichlorofenyl isocyanate
29291090;Other isocyanate
29299011;Cyclamic acid of sodium and its salts
29299012;Cyclamic acid of calcium and its salts
29335914;Flunarizine and its dihydrochloride
29335915;Enrofloxacin, piperazine salts
29335916;Buspirone hydrochloride
29335917;Loprazolam and its salts
29335918;Zipeprol and its salts
29335919;Other heterocyclic compounds with piperazine ring
29335921;Bromacyl
29335922;Terbacil
29335923;Fluorouracil
29335924;Methaqualone and its salts
29335929;Other heterocyclic compound, cycle pirim., halog.+++++++
15020090;Other fat bovine, sheep or goats
15021011;Beef tallow, crude
15021012;Melted tallow
15021019;Other beef tallow
15021090;Other bovine fats
15029000;Fats of sheep or goats
8029000;Other fresh/dried fruit in shell
8030000;Fresh or dried bananas
8031000;Bananas-of-the-earth, fresh or dried
8039000;Bananas fresh or dried, except bananas-of-the-earth
8041010;Fresh dates
7099100;Artichokes, fresh or chilled
7099200;Olives, fresh or chilled
7099300;Pumpkins, squash and gourds, fresh or chilled
7099911;Sweet corn for sowing
7099919;Sweet corn, fresh or chilled, except for sowing
7099990;Other vegetables, fresh or chilled
4049000;Oth.products consisting of milk, whether or n/sweet., etc
4051000;Butter
4052000;Dairy spreads derived from milk
10020090;Rye, except for sowing
10021000;Rye for sowing
10029000;Rye, except for sowing
4029100;Other milk, cream of milk, concentrated, n/sugar
10030010;Barley for sowing
10030091;Barley brewer
10030098;Barley in grain, except brewer or for sowing
10030099;Other barley species, except in grain
10031000;Barley for sowing
10039010;Malting barley
25062900;Other forms of quartzite
25070010;Kaolin
25070090;Other kaolinic clays, whether or not calcined
25081000;Bentonite
25082000;Decolourizing earths and fuller's earth
25083000;Fire-clay
25084010;Plast.clays, of an fe2o3 cont.wei.<1, 5% a calc.loss>12%
25084090;Other clays
16022000;Prepared preserved edible, of liver of animals
16023100;Prepared preserved edible, of turkey
16023200;Prepared preser.edible, of fowls, of spec.gallus domestic
16023210;Rooster/chicken, uncooked, meat > 57% weight
16023220;Rooster/chicken, cooked, meat > 57% weight
16023230;Rooster/chicken, meat 25 <= weight < 57%
16023290;Other prepared/preserved, of fowls
16023900;Prepared preserved edible, of other birds
16024100;Prepared preserved edible, hams, cuts thereof, of swine
16024200;Prepared preserv.edible, shoulders, cuts thereof, of swine
16024900;Oth.prepared preserved edible, of swine and mixtures
16025000;Prepared preserved edible, of bovine
16029000;Prepared preserved edible, of meat offal, blood
16030000;Extracts and juices of meat,  fish or crustaceans, etc.
16041100;Prepared preserved, of salmon, whole or in pieces
16041200;Prepared preserved, of herrings, whole or in pieces
16041310;Prepared preserved, of sardines, whole or in pieces
6031400;Chrysanthemums and their buttons, cut, for bouquets, ornamented, fresh
6031500;Lilies (lilium spp.)
6031900;Other flowers and their buttons, cut, for bouquets, ornamented, fresh
6039000;Cut flowers and buds for bouquets, etc. dried, etc.
6041000;Mosses and lichens for bouquets or ornamental
6042000;Foliage, branches of plants, fresh, for bouquets, etc
7133110;Dried beans (vigna mungo), for sowing
7133190;Other dried beans (vigna mungo), in grain
7133210;Dried small red(adzuk)beans(phas./vigna angul.)forsowing
7133290;Other dried beans (adzuki), in grain
7133311;Dried kidney beans(phas. vulgaris)incl.black/for sowing
7133319;Dried kidney beans (phas. vulgaris), incl.black/in grain
7133321;Dried kidney beans, incl.white beans for sowing
7133329;Dried kidney beans, incl.white beans in grain
7133391;Dried other kidney beans, for sowing
7133399;Other dried kidney beans, in grain
7133410;Bambara bean (vigna subterranea), for sowing
7133490;Bambara bean (vigna subterranea), except for sowing
7133510;Fradinho bean (vigna unguiculata), for sowing
12010010;Soybean for sowing
12010090;Other soybeans, even crushed
12011000;Soybeans, whether or not crushed, for sowing
12019000;Soybeans, whether or not crushed, except for sowing
12021000;Ground-nuts in shell, not roasted, n/cooked
12022010;Shelled ground-nuts, for sowing
12022090;Other ground-nuts grains, shelled, not roasted, n/cooked
12023000;Peanuts, not roasted or cooked, for sowing
12024100;Peanuts in shell, not roasted or ground
12024200;Peanuts shelled, whether or not broken
12030000;Copra in grains
20083000;Citrus fruit prepared or preserved
20084010;Pears prepar./preser., sweetening water, incl.syrup
20084090;Pears otherwise prepared or preserved
20085000;Apricots, prepared or preserved
20086010;Cherries, prepared/preserved, sweetening water, incl.syrup
20086090;Cherries, otherwise prepared or preserved
20087010;Peaches, prepared/preserved, sweetening water, incl.syrup
20087020;Peaches prepared/preserved in water, brix value > = 20
29379299;Other estrogens and progestogens
29379911;Cyproterone acetate
29379919;Cyproterona and other derivatives
29379920;Mesterolone and its derivatives
29379930;Oxytocin
29379940;Levothyroxine sodium
29379950;Liothyronine sodium
29379990;Oth.hormones, derivat.and steroids used hormones
29381000;Rutoside (rutin) and its derivatives
29389010;Deslanoside
29389020;Stevioside
29389090;Oth.heterosides, its salts, ethers, esters and derivatives
29391011;Hydrochloride and morphine sulphate
29391012;Codeine and its salts
29391013;Heroine (diacetylmorphine) and its salts
29391014;Hydrocodone and its salts
29391015;Pholcodine and its salts
29391016;Morphine
8021200;Fresh/dried almonds, shelled
8022100;Fresh/dried hazelnuts/filberts(corylus spp.), in shell
8022200;Fresh/dried hazelnuts/filberts (corylus), shelled
8023100;Fresh/chilled nuts, shelled
8023200;Fresh/chilled nuts, shelled
8024000;Dried/fresh chestnuts (castanea spp.)
8024100;Chestnuts (castaneas spp.), in shell, fresh or dried
8024200;Chestnuts (castaneas spp.),not in shell, fresh or dried
8025000;Fresh/dried pistachios
8025100;Pistachios, in shell, fresh or dried
8025200;Pistachios, not in shell, fresh or dried
8026000;Macadamia nuts, even peeled, fresh/dried
8026100;Macadamia nuts, in shell, fresh or dried
8026200;Macadamia nuts, not in shell, fresh or dried
12079911;Castor seeds, even crushed, for sowing
12079919;Other seeds and oleaginous fruits, even crushed, for sowing
12079990;Other oil seeds and oleaginous fruits, whether or not broken
30021019;Oth.antiserum specific of animals/humans, immunized
30021021;Serum albumin
30021022;Immunoglobin rho
30021023;Other serum immunoglobins
30021024;Factor viii concentrate
30021025;Serum albumin in gel format, for reagent preparations for diagnostics
30021026;Monoclonal antibodies in buffer solution containing bovine albumin
30021029;Other blood fractions, modif.immunol. prod.exc.medicine
30021031;Serum albumin, except human
30021032;Plasmin (fibrinolysin)
30021033;Urokinase
30021034;Immunoglobin and histamine hydrochloride, in association
30021035;Immunoglobin g, lyophilized or in solution
29232000;Lecithins and other phosphoaminolipids
29239010;Betaine and its salts
29239020;Choline derivatives
29239030;3-chloro-2-hydroxypropyltrimethylammonium chloride
29239040;Alkyl(c6 to c22) -trimethylammonium halides
29239050;Dialkyl halides or alkyl - benzyl - dimethylammonium
29239060;Pentamethylalkyl halog.-alkyil-propylenediammonium, etc
29239090;Other quaternary ammonium salts and hydroxides
29241011;2-chloro-n-methylacetoacetamide
29241019;Acetoacetamide and other derivatives and salts
29241021;N-methylformamide
29241022;N, n-dimethyllformamide
29241029;Other formamide and acetoamide
29241031;Acrylamide
29241032;Methacrylamides
29241039;Other acrylamide derivatives
29241041;Monocrotofos
29241042;Dicrotofos
29333954;Diphenoxylate
29333955;Quinuclidinyl-3-ol
29333956;3-quinuclidinyle benzylate
29350099;Other sulphonamides
29361000;Provitamins, unmixed
29362111;Vitamin a1 alcohol (retinol)
29362112;Acetate of vitamin a1 alcohol
29362113;Palmitate of vitamin a1 alcohol
29362119;Oth.derivatives of vitamin a1 alcohol, unmixed
29362190;Other vitamin a and their derivatives, unmixed
29362210;Vitamin b1 hydrochloride(thiamine), unmixed
29362220;Vitamin b1 mononitrate (thiamine), unmixed
29362290;Other vitamin b1 and its derivatives, unmixed
29362310;Vitamin b2 (riboflavine), unmixed
29362320;5'-phosphate sodium of vitamin b2, unmixed
29362390;Other derivatives of vitamin b2, unmixed
29362410;Calcium d-pantothenate, unmixed
29362490;Ot.d-or dl-pantothenic acid(vitamin b3/vitamin b5), der
29362510;Vitamin b6, unmixed
29362520;Pyridoxine hydrochloride, unmixed
29362590;Other derivatives of vitamin b6, unmixed
29362610;Vitamin b12 (cyanocobalamin), unmixed
29362620;Cobamamide, unmixed
15121910;Other sunflower-seed oil
15121911;Soya-bean oil, refined, in containers with capacity<= 5l
15121919;Other sunflower-seed oil
15121920;Other safflower oil
15122100;Crude cotton-seed oil, containing or not gossypol
15122910;Cotton-seed oil, refined
30039016;Medicament c/esters of vitamin a and d, etc.exc.in doses
30039017;Medicament c/retinoic acid (tretinoin).exc.in doses
30039019;Medicament c/oth.vitamin, provitamin, deriv.exc.in doses
30039021;Medicament containing streptokinases, exc.in doses
30039022;Medicament containing l-asparaginase, exc.in doses
30039023;Medicament containing deoxyribonuclease, exc.in doses
29299019;Other cyclamic acid of calcium and its salts
29299021;N, n-dialkyl(c1 a c3)phosphoroamidate dihalides, etc.
29391123;Dihydrocodeine and its salts
29391131;Ethylmorphine and its salts
29391132;Etorphine and its salts
29391140;Pholcodine and its salts
29391151;Heroin and its salts
29391152;Hydrocodone and its salts
29391153;Hydromorphone and its salts
29391161;Morphine
29391162;Morphine hydrochloride and morphine sulphate
29391169;Other
29391170;Nicomorphine and its salts
29391181;Oxycodone and its salts
29391182;Oxymorphone and its salts
29391191;Thebacon and its salts
30039047;Medicament c/diclofenac sodium, etc, exc.doses
30039048;Medicament c/melfalan, chlorambucil, etc, exc.doses
30039049;Medicine with other compounds w/ amine functions, ex.do
30039051;Medicament containing metoclopramide, etc, exc.in doses
30039052;Medicament c/atenolol/prilocaine/etc, exc.in doses
30039053;Medicament c/lidocaine/its hydrochloride, etc, exc.doses
30039054;Medicament containing fenproporex, exc.in doses
30039055;Medicament c/paracetamol or bromopride, exc.in doses
30039056;Medicament c/amitraz or cypermethrin, exc.in doses
30039057;Medicament c/chlorhexidine/its salts, etc.exc.in doses
28530090;"Other inorganic compounds; amalgams, except of precious metals"
29011000;Acyclic hydrocarbons saturated
29012100;Ethylene not saturated
29012200;Propene (propylene) not saturated
29012300;Butene (butylene) not saturated and their isomers
29012410;Buta-1, 3-diene not saturated
29096012;Alcohol peroxides of tert-butyl
29096013;Alcohol peroxides of p-menthane
29096019;Other alcohol peroxides, ethers, acetone and derivat.
29096020;Alcohol peroxides, ethers, acetone, deriv.halogenated, etc
29101000;Oxirane (ethylene oxide)
29102000;Methyloxirane (propylene oxide)
29103000;1-chloro-2, 3-epoxypropane (epichlorohydrin)
29104000;Dieldrin
29399049;Other derivatives of cocaine and its salts
30039084;Medicam.c/phthalylsulfathiazol/bumetanid, etc.exc.doses
30039085;Medicament c/fluphenazine enanthate, etc.exc.doses
28121021;Sulphur dichloride oxide (thionyl chloride)
28121022;Phosphorus trichloride oxide (phosphoryl chloride)
29012420;Isoprene not saturated
29012900;Other acyclic hydrocarbons not saturated
29021100;Cyclohexane
29021910;Limonene
29021990;Other cyclanic, cyclenic, cycloterpenic hydrocarbons
29022000;Benzene
29023000;Toluene
29024100;Xylenes
29024200;M-xylene
29024300;P-xylene
29024400;Mixed xylene isomers
29025000;Styrene
29026000;Ethylbenzene
29027000;Cumene
29029010;Diphenyl (1-biphenyl)
29029020;Naphthalene (cyclic hydrocarbon)
29029030;Anthracene
29029040;A-methylstyrene
29029090;Other cyclic hydrocarbons
29031110;Chloromethane (methyl chloride)
29031120;Chloroethane (ethyl chloride)
29031200;Dichloromethane (methylene chloride)
29031300;Chloroform (trichloromethane)
29031400;Carbon tetrachloride
29031500;1, 2-dichloroethane (ethylene dichloride)
29031600;1, 2-dichloropropene(propylene chloride)and dichlorobut.
29031910;1, 1, 1-trichloroethane (methyl chloroform)
29031920;1, 1, 2-trichloroethane
29121999;Other acyclic aldheydes n/cont.ot.oxygenated functions
29122100;Benzaldehyde
29122910;Alpha-amylcinnamaldehyde
29122920;Alpha-hexylcinnamaldehyde
29122990;Other cyclic aldehyde n/cont.oth.oxygen function
23012010;Flours, meals and pellets, of fish, unfit forhuman consup.
23012090;Flours/meals/pellets, of crustaceans, unfit forhum.consup.
23021000;Bran, sharps and other residues, of maize
23022010;Sharps of rice
23022090;Bran and other residues, of rice
23023010;Sharps of wheat
23023090;Bran and other residues, of wheat
23024000;Bran, sharps and other residues, of other cereals
23025000;Bran, sharps and other residues, of leguminous plants
23031000;Residues of starch manufacture and similar
3089000;Other aquatic invertebrates, frozen, dried, etc.
3054400;Tilapia, catfish, carp, eel, smoked, even in fillets
3054910;Smoked cod (gadus), including filets
3054920;Saithes(polachius virens),lings e zarbos(brosme brosme)
3054990;Other smoked fish, including filets
3055100;Dried cod (gadus), incl.salted but not smoked
3055910;Polar cod/lings/zarbos, etc.dried but not smoked
8027000;Kola nuts (cola spp.), fresh or dried
8028000;Areca (betel nuts), fresh or dried
13023220;Mucilages products, thickeners, of guar seeds
13023910;Mucilages products, thickeners, of carrageenan
13023990;Mucilages prod.thickeners, derived from oth.vegetable
14011000;Bamboos used primarily for plaiting
14012000;Rattans used primarily for plaiting
14019000;Other materials vegetables for plaiting
14020000;Other materials vegetables, used for plaiting
14021000;Kapok for stuffing or padding
14029000;Other vegetable materials, for stuffing or padding
14030000;Vegetable materials for production of brooms/brushes
14031000;Broomcorn for brooms
14039000;Oth.vegetable materials forproduction of brooms/brushes
14041000;Raw vegetable materials primarily for dyeing or tanning
14042010;Cotton linters, in brute
14042090;Other cotton linters
14049000;Other products of vegetable origin, for twisting
12119030;Straw of poppy, fresh/dried, forperfumery, medicine, etc.
14049010;Vegetable materials for production of brooms/brushes
14049090;Other products of vegetable origin, for twisting
30033990;Medicament c/oth.hormone/derivatives, etc.exc.in doses
30033991;Medicament containing sodium salt ac 9, 11, 15.exc.doses
30033992;Medicament c/tiratricol/its sodium salt, exc.doses
30033993;Medicament c/levodopa, alpha-methyldopa exc.in doses
30033994;Medicament containing spironolactone, exc.in doses
30033995;Medicament containing exemestane, except in doses
30033999;Other medicament containing hormone, except in doses
29269039;Salts of femproporex /4-cyano-2-dimethylamine-4, 4-etc.
29269091;Adiponitrile (1, 4-dicyanobutane)
29269092;Acetone cyanohydrin
30033982;Medicament containing liothyronine sodium, exc.doses
29269093;Closantel
29269094;Fenproporex
29269095;Chlorothalonil
29269096;Ethyl cyanoacrylates
29269099;Other nitrile-function compounds
29270010;Diazo compounds
29270021;Azodicarbonamide
29270029;Other azoxy-compounds
29270030;Azoxy-compounds
29280011;Methylethylacetoxime
29280019;Other acetoxime, its derivatives and its salts
29280020;Carbidopa
29280030;2-hydrazinoethanol
29280041;Phenylhydrazine
20054000;Pears prepared/preserved, not frozen
20055100;Beans in grain prepared/preserved, not frozen
20055900;Oth.beans prepared/preserved, n/ froz.exc.vinager, etc.
20056000;Asparagus prepared/preserved, not frozen
20057000;Olives prepared/preserved, n/ froz.exc.vinager, etc.
20058000;Sweet corn, prepared/preserved, not frozen
20059000;Oth.vegetab.prepared/preserved, n/ froz.exc.vinager, etc.
20059100;Bambu shoots, not frozen, conserved in vinegar/acetic acid
20092900;Other grapefruit juice
20093000;Other citric juices, unfermented
20093100;Other citric juice of a brix value <= 20
20093900;Other juice of other citric
20094000;Pineapple juices, unfermented
20094100;Pineapple juice of a brix value <= 20
20094900;Other pineapple juices
7101000;Potatoes (froz/uncook/cooked by steaming/boiling water)
7102100;Peas (froz/uncooked/cooked by steaming/boiling water)
7102200;Beans (froz/uncooked/cooked by steaming/boiling water)
7102900;Oth.legum/veget(fro/uncook/cooked b/steam/boil.wat, etc)
7103000;Spinach (froz/uncooked/cooked by steam/boiling water)
7104000;Sweet corn(froz/uncooked/cooked by steam/boiling water)
7108000;Oth.vegetab(froz/uncook/cooked by steam/boil.water, etc)
7109000;Mix/vegetables(fro/uncook/cooked b/steam/boil.wat., etc)
7111000;Onions preserved in brine, in sulphur water, etc.
15010000;Pig fat (including lard) and poultry fat
15011000;Lard
15012000;Other fats, pork
15019000;Birds fat
15020011;Fat of bovine, raw
15020012;Fat of bovine, rendered
15020019;Other fat of bovine
23032000;Pulp, bagasse and other waste of sugar manufacture
23033000;Brewing or distilling dregs and waste
23040010;Flours and pellets, from the extraction of soya-bean oil
23040090;Soybean waste, solid
23050000;Oil-cake and other solid residues, of peanut
23061000;Oil-cake and other solid residues, of the cotton
23062000;Oil-cake and other solid residues, of linseed
23063010;Oil-cake, flour and pellets, sunflower seeds
23063090;Other solid residues, of sunflower seeds
23064000;Oil-cake and other solid residues, of rape, of colza
23064100;Oil-cake of low erucic acid rape or colza seeds
23064900;Other oil-cake of low erucic acid rape or colza seeds
23065000;Oil-cake and other solid residues, of coconut or copra
23066000;Oil-cake and other solid residues, of palm nuts/kernels
29333382;Pethidine intermediate
29333383;Pipradrol
29333384;Pethidine hycrochloride
29333389;Other salts of pethidine or of intermediate a
15122990;Other cotton-seed oil
15131100;Coconut (copra) oil, crude
15131900;Other coconut (copra) oil
15132110;Palm kernel oil, crude
15132120;Babassu oil, crude
15132910;Other palm kernel oil
15132920;Other babassu oil
29333381;Pethidine
15141000;Rape, colza or mustard oil, in crude
15141100;Wild turnip oil, low content, in crude
15141910;Wild turnip oil, low content, refined
15141990;Other wild turnip oil, content tenor
15149010;Rape, colza or mustard oil, refined
15149090;Other rape, colza or mustard oil
15149100;Other wild turnip oil, low content, in crude
15149910;Other wild turnip oil, low content, refined
15149990;Other wild turnip oil
15151100;Linseed oil, in crude
15151900;Other linseed oil
15152100;Maize (corn) oil, in crude
15152900;Other maize (corn) oil
30011010;Dried livers, for organo-therapeutic uses
30011090;Glands and other organs, for organo-therapeutic uses
30012010;Extracts of livers, for organo-therapeutic uses
30012090;Extracts of glands, oth.organs, etc.fororgano-therap.uses
30019010;Heparin and its salts
29224951;Alpha-phenylglycine
29224952;D-(-)-a-aminobenzeneacetyl chloride hydrochloride
29224959;Other salts and derivatives of alpha-phenylglycine
29224961;Diclofenac sodium
29224962;Diclofenac potassium
29224963;Diclofenac diethylamine
29224964;Diclofenac
29224969;Other diclofenac, its salts and its derivatives
29224971;Tilidine
29224979;Salts of tilidine
29333391;Piritramide
29333392;Propiram
29333393;Trimeperidine
29333399;Other of piritramide or trimeperidine
29333911;Bromazepam
29333912;Droperidol
29333913;Niflumic acid
29333914;Haloxifop (rs)-2-[4-(3-chloro-5-trifluoromethyl-etc
29333915;Haloperidol
29333919;Oth.heterocyclic comp.w/fluorine and/or br.coval.bond.
29333921;Picloram
29333922;Chlorpyrifos
29333923;Clebopride malate acid
29339161;Nimetazepam
29396911;Methylergometrine maleate
29396919;Other derivatives of ergometrine (inn) and its salts
29396921;Dihydroergotamine mesylate
29396929;Other derivatives of ergotamine (inn) and its salts
29362630;Hydroxocobalamin and its salts, unmixed
29362690;Other derivatives of vitamin b12, unmixed
30031012;Medicament cont.amoxicillin or its salts, exc.in doses
30031013;Medicam.cont.penicillin g benzathine, exc.in doses
30031014;Medicam.cont.penicillin g potassium, exc.in doses
30031015;Medicam.cont.penicillin g procaine, exc.in doses
30031019;Medicam.cont.ot.penicilins/derivatives, exc.in doses
30031020;Medicam.cont.streptomycins/derivatives, exc.in doses
30032011;Medicament containing chloramphenicol, etc.exc.in doses
30032019;Medicam.cont.amphenicol/oth.derivat., exc.in doses
30032021;Medicament cont.erythromycin/its salts, exc.in doses
30032029;Medicam.cont.macrolids/oth.derivat., exc.in doses
30032031;Medicament cont.rifamycin sv sodium,  exc.in doses
30032032;Medicament containing rifamycin, exc.in doses
30032039;Medicam.cont.ansamycin oth.derivat., exc.in doses
30032041;Medicam.cont.lincomycin hydrochloride, exc.in doses
30032049;Medicam.cont.lincosamides/oth.derivat., exc.in doses
30032051;Medicament containing cephalothin sodium, exc.in doses
30032052;Medicam.c/cefaclor/cephalexin monohydrate, exc.in doses
29242963;Prilocaine and its hydrochloride
29242964;Iobitridol
29242969;Other propanamides its derivatives and its salts
29372221;Triamcinolone acetonide
29372229;Triamcinolone and other derivatives
29372231;Diflucortolone valerate
29372239;Flucortolone and its derivatives
29372290;Other halogenated deriv.corticossupra-renal hormones
29372310;Medroxyprogesterone and its derivatives
29372321;L-norgestrel (levonorgestrel)
29372322;Dl-norgestrel
30033912;Medicament c/hgc (chorionic gonadotrophin),  exc.doses
30033913;Medicament c/menotrophins, n/cont.antibiotic, exc.doses
30033914;Medicament c/acth (corticotrophin), except  in doses
30033915;Medicament c/pmsg (serum gonadotrophin), exc.in doses
30033916;Medicament c/somatostatin/its salts, exc.in doses
30033917;Medicament containing buserelin acetate, exc.in doses
30033918;Medicament containg triptorelin/its salts, exc.in doses
30033919;Medicament contain.leuprolide/its acetate, exc.doses
30033921;Medicament contain.lh-rh (gonadorelin), exc.in doses
30033922;Medicament containing oxytocin, exc.in doses
30033923;Medicament containing insulin salts, exc.in doses
30033924;Medicament containing timosins, exc.in doses
30033925;Medicament containing octreotide, exc.in doses
30033926;Medicament contain.goserelin/its acetate, exc.in doses
30033927;Medicament cont.nafarelin or its acetate, exc.in doses
30033929;Medicament c/oth.polypeptides hormon.etc.exc.in doses
28419083;Bismuth aluminate
28419089;Other aluminates
28419090;Other salts of oxometallic or peroxometallic acids
28421000;Double or complex silicates
28421010;Zeolites of a kind used as ion exchangers fortreat.water
28421090;Double or complex silicates, except zeolites
28429000;Other salts of inorganic acids or peroxoacids
28431000;Colloidal precious metals
28432100;Silver nitrate
28432910;Silver vitellinate
28432990;Other silver compounds
28433010;Gold sulphide dispersed in gelatin
28433090;Oth.gold compounds  exclusively auranofin, etc.
28439000;Other compounds, amalgams, exclus.carboplatine, etc.
28439010;Ruthenium trichloride
28439011;Dexormaplatine, enloplatine, etc.presented as medicine
28439019;Dexormaplatine, enloplatine, etc.presented as other form
28439090;Ot.compounds, amalgams inorganic/organic, of precious met
28052100;Calcium (alkaline-earth metal)
28052210;Strontium (alkaline-earth metal)
28052220;Barium (alkaline-earth metal)
28053010;Cerium alloys cont.<=5%, by weight of iron (mischmetal)
28053090;Other rare-earth metals,  scandium and yttrium
28054000;Mercury
28061010;Hydrogen chloride(hydrochloric acid)), gaseuos, liquefied
28061020;Hydrogen chloride(hydrochloric acid)), in aqueous solut.
28062000;Chlorosulphuric acid
28070010;Sulphuric acid
28070020;Oleum (smoking sulphuric acid)
28080010;Nitric acid
28080020;Sulphonitric acid
28091000;Diphosphorus pentaoxide
20089900;Fruit and other parts of plants, otherwise prepar/preser
20091100;Frozen/unfermented, orange juice
20091200;Orange juice, not frozen, brix value <= 20
20091900;Other unfermented, orange juice
20092000;Grapefruit juice, unfermented
20092100;Grapefruit juice, of a brix value <= 20
18063210;Chocolate not filled, in tablets, slabs and bars
18063220;Oth.food prepar.containing cocoa, not filled, tablets, etc
18069000;Other chocolate and  food preparations containing cocoa
19011010;Modified milk, preparations for infant use
19011020;Lactea flour, preparations for infant use
19011030;Prep.basis of flours, meals or starch, for infant use
21041029;Other soups and broths, prepared
21042000;Homogenised composite food preparations
21050010;Ice cream, whether or n/contain.cocoa, immed.pack.w<=2kg
21050090;Other ice cream, even containing cocoa
21061000;Protein concentrates and textured protein substances
21069010;Other preparations for elaboration of drinks
21069021;Powder forpreparations of puddings, immed.pack.wei.<=1kg
21069029;Powder forpreparations of cream, ice cream, jelly, etc.
21069030;Alimentary complements
21069040;Mixtures with a basis of sodium ascorbate/glucose forpre
21069050;Chewing gum, without sugar
21069060;Caramels, sweets, tablets and similar prod., ithout sugar
21069090;Other food preparations
22011000;Mineral waters/aerated waters n/ad.sug.n/flavoured, etc
22019000;Other waters n/add.sug.n/flavoured, etc.ice/snow
3053910;Fillets of ling and tusk,dried,salted,in brine, not smk
3053990;Fillets of other fish,dried,salted,in brine,not smoked
3054100;Pacific salmon, atlantic salmon and danube salmon, smoked
3054200;Herrings in filets, smoked
3054300;Smoked trout, even in fillets
10063029;Ot.kind of semi-mil/wholly milled rice, etc.not parboiled
10064000;Broken rice
10070010;Grain sorghum, for sowing
10070090;Grain sorghum, except for sowing
10071000;Grain sorghum, for sowing
10079000;Grain sorghum, except for sowing
10081010;Buckwheat for sowing
10081090;Buckwheat, except for sowing
10082010;Millet for sowing
10082090;Millet, except for sowing
10082100;Millet, for sowing
10082110;Millet (Pennisetum glaucum),  for sowing
10082190;Other millets, for sowing
10082900;Millet, except for sowing
10082910;Millet (Pennisetum glaucum),  except for sowing
10082990;Other millets, except for sowing
10083010;Canary seed
10083090;Canary seed, except for sowing
10084010;Mile (digitaria spp.), for sowing
10084090;Mile (digitaria spp.), except for sowing
10085010;Quinoa, for sowing
10085090;Quinoa, except for sowing
10086010;Triticale, for sowing
10086090;Triticale, except for sowing
10089010;Other cereals for sowing
16041600;Prepared preserved, of anchovies, whole or in pieces
16041700;Prepared or preserved, eel
29335192;Butalbital and its salts
29335193;Secobarbital and its salts
29335194;Vinylbital and its salts
29335199;Other derivatives of malonylurea and salts thereof
29335200;Malonylurea (barbituric acid) and its salts
29335311;Allobarbital and its salts
29335312;Amobarbital and its salts
29335321;Barbital and its salts
29335322;Butalbital and its salts
29335323;Butethal and its salts
29335330;Cyclobarbital and its salts
29335340;Phenobarbital and its salts
29335350;Methylphenobarbital and its salts
29335360;Pentobarbital and its salts
29335371;Secbutabarbital and its salts
29335372;Secobarbital and its salts
29335380;Vinylbital and its salts
29335400;Other derivatives of malonylurea (barbituric acid)
29335510;Loprazolam and its salts
29335520;Mecloqualone and its salts
29335530;Methaqualone and its salts
29335540;Zipeprol and its salts
29335911;Oxatomide
29335912;Praziquantel
29335913;Norfloxacin and its nicotinate
29333329;Salts of bezitramida or bromazepam
29372399;Other oestrogens and progestogens
29372910;Methylprednisolone and its derivatives
29372920;Hydrocortisone sodium 21-succinate
29372931;Cyproterone acetate
29372939;Cyproterone and other its derivatives
29372940;Mesterolone and its derivatives
29372950;Spironolactone
29372960;Deflazacort
29372990;Oth.hormones corticossupra-renal and its derivatives
29373100;Epinephrine
29373900;Outros
29373911;Levodopa
29373912;Methyldopa
29373919;Oth.and tyrosine oth.derivatives and its salts
30033931;Medicament c/oestradiol hemisuccinate, exc.in doses
8103000;"Fresh currant, including the ""cassis"""
8104000;Fresh cranberries and oth.fruits of the genus vaccinium
8105000;Fresh kiwifruit
8106000;Fresh durians
8107000;Persimmons, fresh
8109000;Other fresh fruits
8111000;Strawberries froz/uncook/cooked b/steaming/boil.in wat.
8112000;Raspberries, blackberries frozen/uncooked/cooked
8119000;Oth.fruits froz/uncook/cooked b/steaming/boil.in wat.
8121000;Cherries provision.preser.in brine, in sulphur water, etc
8122000;Strawber.provision.preser.in brine, in sulphur water, etc
8129000;Oth.fruit provison.preser.in brine, in sulphur water, etc
8131000;Dried apricots
8132010;Dried prunes, not stoned
8132020;Dried prunes, stoned
7135090;Other dried broad beans/horse beans, in grain
7136010;Guando bean (cajanus cajan), for sowing
7136090;Guando bean (cajanus cajan), except for sowing
7139010;Other dried leguminous vegetables, in grain, for sowing
7139090;Other dried leguminous vegetables, in grain
3075100;Live, fresh or chilled octopus (octopus spp.)
3075910;Frozen octopus (octopus spp.)
3075920;Octopus dried, salted or in brine
3075990;Octopus, in other forms
3076000;Live, fresh, chilled, etc.snails exc.sea snails
3077100;Clams, cockle, live, fresh or chilled
3077900;Clams, cockle, live, in other forms
3078100;Abalones, live, fresh or chilled
3078900;Abalones, in other forms
3079100;Oth.live/fresh/chilled invertebrates aquatic  molluscs
3079900;Oth.live/frosen/dried/etc.aquatic invert.mollusc
3081100;Sea cucumbers, live, fresh or chilled
3081900;Sea cucumbers, in other forms
3082100;Sea urchins, live, fresh or chilled
3082900;Sea urchins, in other forms
3083000;Medusas (jellyfish) (rhopilema spp.)
16052900;Prepared or preserved,shrimp,ex.not in closed container
16053000;Prepared preserved, of lobster
22059000;Oth.vermouth and other wine of fresh grapes, flavoured
22060010;Cider
22060090;Oth.ferm.beverages and mixtures of ferm.beverages
22071000;Undenatured ethyl alcohol of an alcoholic cont.>=80%vol
22071010;Ethyl alcohol, not undenatured, water content<=1%
22071090;Other ethyl alcohol, not undenatured
22072010;Ethyl alcohol, denatured, of any strength
22072011;Ethyl alcohol with water content <= 1% volume
22072019;Other ethyl alcohol, undenatured
22072020;Spirits, denatured, of any strength
22082000;Spirits obtained by distilling grape wine or grape marc
22083010;Whiskies, alcoholic content>50%vol, in container cap>=50l
22083020;Whiskies, capacity container <= 2 l
22083090;Other whiskies
22084000;Rum and tafia
22085000;Gin and geneva
22086000;Vodka
22087000;Liqueurs
22089000;Other alcohol drinks
22090000;Vinegar and subst.forvineg.obt.acetic acid, forhuman cons.
23011010;Flours, meals and pellets, of meat, unfit forhuman consump.
29319074;Difluoreto de alquilfosfonila,c/grupo de c1 a c3
29319075;Hidrogenio alquil,fosfonitos e seus esteres,sais pro.
29123010;4-(4-hydroxy-4-methylpentyl)-3-cyclohexen-1-carboxyald.
29123090;Other aldehyde-alcohols
29124100;Vanillin (4-hydroxy-3-methoxybenzaldehyde)
29124200;Ethylvanillin (3-ethoxy-4-hydroxybenzaldehyde)
29124910;3-phenoxybenzaldehyde
29124920;3-hydroxybenzaldehyde
29124930;3, 4, 5-trimethoxybenzaldehyde
29124941;4-(4-hidroxi-4-metilpentil)-3-cicloexeno-1-carboxialde
29124949;Other aldehydes-alcohols
29124990;Ot.ether-aldehydes, phen-aldehydes w/ot.oxygen function
29125000;Cyclic polymers of aldehydes
29126000;Paraformaldehyde
29130010;Trichloroacetaldehyde
29130090;Other aldehydes halog.deriv., sulphonated, etc
29141100;Acetone n/containing other fuction oxygen
29141200;Butanone (methyl ethyl ketone)
29141300;4-methylpentan-2-one (methyl isobutyl ketone)
28441000;Natural uranium and its compounds, alloys, dispers, etc
29081100;Pentachlorophenol and its salts
29081911;4-chloro-m-cresol and its salts
29081912;Dichorophenols and their salts
29081913;P-chlorophenol
29081914;Trichlorophenols and their salts
29081915;Tetrachlorophenols and their salts
29081919;Otther deriv.phenols halog./alcohols phenols salts, with chloro
29081921;2, 4, 6-tribromophenol
29081929;Other derived.phenols halog./alcohols phenols salts, w/bromin
29081990;Other derived phenols halog./alcoh.phenols and their salts
29082010;Sulphontes derivatives of phenols, their salts and esters
29082090;Deriv.phenols-alcoh.sulphonated their salts and esters
29089011;4, 6-dinitro-o-cresol and its salts
29089012;P-nitrophenol and its salts
29089013;Picric acid
29089014;Dinoseb and its salts
29089019;Ot.deriv.phen.nitrated/alcoh.phenols and their salts
29089021;Diisophenol
29089029;Oth.derivatives phenols nitratedhalog/alcohols-phenols
29089090;Oth.derivativ.phenols nitrosated,  etc/alcohols phenols
29089100;Dinoseb and its salts
29089200;4,6-dinitro-o-cresol (dnoc (iso)) e seus sais
29199020;Phosphoric ester and salts of tricresyl
29199030;Phosphoric ester and salts of triphenyl
29199040;Dichlorvos (ddvp)
29199050;Calcium lactophosphate
29199060;Chlorfenvinphos
29199090;Obter phosphoric ester, its salt, halogen.derivative, etc
29201010;Fenitrothion
29032100;Vinyl chloride (chloroethylene)
29032200;Trichloroethylene
29032300;Tetrachloroethylene (perchloroethylene)
29241049;Crotoamides and other derivatives
29241091;N, n'-dimethylurea
29241092;Carisoprodol
29241093;N, n'-(distearoyl)ethylenediamine (n, n'-ethylenebis(stea
29332921;Econazole and its nitrate
29332922;Miconazol nitrate
29332923;Clonidine hydrochloride
29332924;Isoconazole nitrate
29332925;Clotrimazole
29332929;Heterocyclic compounds with cycle chlorinat.benzene
29332930;Cimetidine and its salts
29332940;4-methyl-5-hydroxymethylimidazole and its salts
29332991;Imidazole
29332992;Histidine and its salts
29332993;Ondansetron and its salts
29332994;1-hydroxyethyl-2-undecanoylimidazoline
29332995;1-hydroxyethyl-2-(8-heptadecanoyl)imidazoline
29332999;Other heterocyclic compounds 1 cycle imidazole n/conden
29333110;Pyridine
29333120;Salts of pyridine
29333200;Piperidine and its salts
29333311;Alfentanil
29333312;Anileridine
29333319;Salts of alfentanil or anileridine
29333321;Bezitramide
29333322;Bromazepam
29201030;Dimethyl phosphorothioate chloride
29201031;Dimethyl phosphorothioate chloride, concentr.>98% weight
29201039;Other dimethyl phosphorothioate chloride
29201040;Ethylparathion
29201090;Other thiophosphoric esters, its salts, deriv. halog.etc
29201110;Ethylparathion
29201120;Methyl paration
29201910;Fenitrothion
29201920;Dimethyl phosphorothioate chloride
29201990;Other thiophosphoric esters, salts and derivatives
29209011;Dimethyl phosphite
29209012;Trimethyl phosphite
29209013;Alkyl phosphite (c3 to c13) or alkylaryl
29209014;Diphenyl phosphite
29201020;Methylparathion
29209015;Aryl phosphite
29209016;Fosetyl al
27101994;Mixt.satur.hydroc.frac.forpetroc.>=90%, 210<=pt<360ºc
15060000;Other fats, oils, animals, incl.refined but n/chemic.modif
15071000;Crude soya-bean oil, whether or not degummed
15079010;Soya-bean oil, refined
15079011;Soya-bean oil, refined, in containers with capacity<= 5l
15079019;Soya-bean oil, refined, in containers with capacity>5l
15079090;Other soya-bean oils
15081000;Ground-nut oil, in crude
15089000;Other ground-nut oil
15091000;Olive oil, virgin
30022029;Other vaccines for human medicine, in doses
30023010;Veterinary vaccines, against rabies
30023020;Veterinary vaccines, agaisnt coccidiosis
30023030;Veterinary vaccines, against keratoconjunctivitis
30023040;Veterinary vaccines, against distemper
30023050;Veterinary vaccines, against leptospirosis
30023060;Veterinary vaccines, against foot-and-mouth
30023070;Veterinary vaccines, against diseases newcastle, gum.etc
30023080;Combin.veter.vaccines, against diseas.newcastle, gum.etc
30023090;Other vaccines for veterinary medicine
30029010;Diagnostic reagents of microbial origin
30029020;Anti-toxins of microbial origin
30029030;Tuberculins
29362812;D- or dl-a-tocopherol acetate, unmixed
29362819;Other d- or dl-alpha-tocopherol derivatives, unmixed
29362890;Other vitamin and its derivatives, unmixed
29362911;Vitamin b9 (folic acid) and its salts, unmixed
29362919;Other derivatives of vitamin b9, unmixed
29362921;Vitamin d3 (colecalciferol), unmixed
29362929;Other vitamins d and their derivatives, unmixed
29362931;Vitamin h (biotin), unmixed
29331190;Other phenazone (antipyrin) and its derivatives
29331911;Phenylbutazone calcium
29331919;Other phenylbutazone, its salts
29331990;Oth.heterocyclic compounds with 1 cycle pyrazole, n/cond
29332110;Iprodione
29332121;Phenytoin and its sodium salt
29332129;Other phenytoin salts
29332190;Other hydantoin and its derivatives
29332911;2-metil-5-nitroimidazol
29332912;Metronidazole and its salts
29332913;Tinidazole
29332919;Other heterocyclic compounds with 1 nitroimidazole
29349054;Tioconazole
29349055;Clotiazepam
29349059;Oth.heter.comp.with 3 sulphur and nitrogen hetero-atom
29349061;Tizanidine hydrochloride
29349062;Brotizolam
29349069;Oth.heter.comp.with hetero-atom sulphur incl.nitrogen
29349071;Phenmetrazine and its salts
29349072;Mesocarb(3(alpha-methylphenethyl)-n-(phenylcarbamoil)et
29349073;Estavudine
29349091;Timolol
29349092;Timolol acid maleate
29349093;Lamivudine
29349099;Other heterocyclic compounds
29349111;Aminorex and its salts
30039095;Medicament c/propofol, busulfan, mitotane, exc.in doses
30039096;Iron dextran complex
30039099;Oth.medicament con.mixed products, fortherapeutic use etc
30041011;Medicament cont.ampicillin or its salts, in doses
30041012;Medicament cont.amoxicillin or its salts, in doses
30041013;Medicament cont.penicillin g benzathine, in doses
30041014;Medicament cont.penicillin g potassium, in doses
29310041;Triphenyltin acetate
29310042;Tetraoctyltin
29310043;Cyhexatin
29310044;Triphenyltin hydroxide
29310045;Fenbutatin oxide
29310046;Dimethyltin salt, etc.carboxylic/thioglycolic acids
29310049;Other organo-tin metalic compounds
29310051;Methylarsinic acid and its salts
29310052;2-chlorovinyldichloroarsine
29310053;Bis(2-chlorovinyl)chloroarsine
29310054;Tris(2-chlorovinyl)arsine
29310059;Other organo-arseniais compounds
29310061;Ethyl aluminium trichloride
29310062;Diethyl aluminium chloride
29310069;Other organo-aluminium compounds
29091100;Diethyl ether (diethyl oxide)
29091910;Methyl tert-butyl ether (mtbe)
29091990;Oth.acyc.ethers and their halogenated derivatives, etc.
29092000;Cyclanic, cyclenic or cycloterpenic ethers and derivat.
29093011;Anethole
29093012;Diphenyl ether (phenyl ether)
29093013;Dibenzyl ether (benzyl ether)
29093014;Phenylethyl isoamyl ether
29093019;Other aromatic ethers
29093021;Oxyfluorfen
6029029;Other cuttings and slips of ornamental plants
6029081;Sugar cane cuttings and slips
6029082;Grape vines cuttings and slips
6029083;Coffee cuttings and slips of shrubs or trees
6029089;Other cuttings and slips of plants
6029090;Other live plants
6031000;Fresh cut flowers and buds forbouquets, etc.
20098911;Peach juice with Brix value not less than 60, with added sugar and other sweeteners or not
20098912;Acerola juice (Malpighia spp.), with added sugar and other sweeteners or not
20098913;Passion fruit juice (Passiflora edulis) with added sugar and other sweeteners or not
20098919;Juice of other fruit or vegetables, with added sugar and other sweeteners or not
20098990;Other fruit juice, unfermented, without added sugar
20099000;Mixtures of juices, unfermented
21011110;Soluble coffee, including decaffeinated
21011190;Other extracts, essences and concentrates, of coffee
21011200;Preparations with a basis of these extracts, ess./conc.of coffee
21012010;Extracts, essences and concentrates, of tea
21012020;Extracts, essences and concentrates, of mate
21013000;Roasted chicory and other roasted coffee substitute, etc
21021000;Active yeasts
21021010;"Leveduras vivas ""saccharomyces boulardii"""
21021090;Outras leveduras vivas
21022000;"Inactive yeasts;other single-cell micro-organisms, dead"
21023000;Prepared baking powders
21031010;Soya sauce, prepared, immediate packings, weighing<=1kg
24011010;Unman.tobac.n/stem./stripped, leaves, wit.drying, unfer
24011020;Unman.wrapper tobacco n/stemmed, n/stripped, leaves, etc
24011030;Unman.tobacco n/stem.n/stripped, leaves, etc.virgin.type
24011040;Unman.tobacco n/stem.n/stripped, leaves, etc.turkish type
24011090;Other unman.tobacco, not stemmed, not stripped
24012010;Unman.tobac.part./whol.stem./strip., leav.wit.dryin.unf
24012020;Unman.wrap.tobac.part./whol.stem./strip., leav.dryin.fer
7123300;Dried jelly fungi, cut, sliced, etc.
7123900;Other dried mushrooms/truffles, cut, liced, etc.
7129010;Powdered garlic but not further prepared
7129090;Oth.dried vegetables/mixtures veget.incl.piec, slic., etc
7131010;Dried peas (pisum sativum) in grain, for sowing
7131090;Other dried peas (pisum sativum) in grain, for sowing
7132010;Dried chickpeas(garbanzos), for sowing
7132090;Other dried chickpeas
11031900;Groats and meal of other cereals
11032000;Pellets of cereals
11032100;Wheat pellets
11032900;Other cereals pellets
11041100;Barley grains, rolled or flaked
4014010;Milk with content, by weight, of fat 6<fat<= 10%
4014021;Milk cream uht, fat > 6º, but <= 10% of weight
4014029;Other milk cream, fat > 6º, but < 10% of weight
4015010;Milk with content, by weight, of fat > 10%
4015021;Milk cream uht, fat material >10% of its weight
4015029;Other milk cream, fat > 10% of its weight
4021010;Milk in powder, fat content<=1, 5%arsenic<5ppm, con/ad sug
4021090;Other milk, cream, in powder, fat content<=1, 5% con/ad sug
4022110;Integral milk, in powder, fat cont.>1, 5%, concen.n/sugar
4022120;Semi-ski.milk, powder, fat content>1, 5%, concent.n/sugar
4022130;Cream of milk, powder, fat cont>1, 5%, concent.n/sugar
4022910;Integral milk, powder, etc.fat cont>1, 5%, conc.added sugar
4022920;Semi-skim.milk, powder, etc.fat cont>1, 5%, con.added sug
4022930;Cream of milk, powder, etc.fat cont>1, 5% con.added sugar
29209041;Alky (c6 to c22) sulphide
29209042;Sulphide of monoalkyldiethylene glycols(di or tri)
29209049;Other esters sulphide of inorganic acids
29209051;Ethyl silicate
29209059;Other esters silicates of inorganic acids
29209061;Dimethyl phosphite
29209062;Trimethyl phosphite
29209063;Diethyl phosphite
29209064;Triethyl phosphite
20087090;Peaches, otherwise prepared or preserved
20088000;Strawberries, prepared or preserved
29339072;Estazolam
29339073;Fludiazepam
29339074;Flunitrazepam
29339075;Flurazepam and its salts
29339076;Halazepam
29339077;Ethyle loflazepate
29339078;Lorazepam
29339079;Lormetazepam
29339081;Medazepam and its salts
29339082;Nimetazepam
29339083;Nitrazepam
29339084;Nordazepam (n-desmetildiazepam)
29339085;Pinazepam
29339086;Prazepam
29339087;Temazepam
29339088;Tetrazepam
29339089;Oth.heterocyclic comp., with 1 diazepine ring, its salts
29339091;Azinfos-ethyl
29391192;Thebaine and its salts
29391900;Other opium alkaloids, its derivatives and its salts
29392000;Cinchona alcaloids, their derivatives and salts
29392100;Quinine and its salts
29392900;Other alkaloids of quine, its derivatives and its salts
29393010;Caffeine
29393020;Salts of caffeine
29394100;Ephedrine and its salts
29394200;Pseudoephedrine (inn) and its salts
29394300;Cathine (inn) and its salts
29394400;Norephedrine and its salts
29394900;Other derivatives of ephedrine and its salts
29394910;Cathine (inn) and its salts
29221320;Triethanolamine salts
29221400;Dextropropoxyphene (inn) and its salts
29221911;Monoisopropanolamine
29221912;Triisopropanolamine 2, 4-dichlorophenoxyacetate
29221913;Dimethylpropanolamine 2, 4-dichlorophenoxyacetate
29221919;Propanolamine, its other salts and derivatives
29221921;Orphenadrine citrate
29221929;Orphenadrine and its others salts
29221931;Hydrochloride ambroxol
29221939;Ambroxol and its salts
29221941;Hydrochloride clobutinol
29221949;Clobutinol and its salts
29395010;Theophylline
29395020;Aminophylline
29395030;Fenetylline and its salts
29395090;Derivatives and salts of theophylline and aminophylline
29395100;Fenetylline (inn) and its salts
29395910;Theophylline
29395920;Aminophylline
29395990;Oth.derivat.and salts of theophylline or aminophylline
29396100;Ergometrine (inn) and its salts
29396200;Ergotamine (inn) and its salts
29396300;Lysergic acid and its salts
30039066;Medicament cont.spironolactone, exc.in doses
30039067;Medicament cont.carbocisteine or sulfiram, exc.in doses
30039068;Medicament cont.etoposide, exc.in doses
28492000;Silicon carbide
28499010;Boron carbide
28499020;Tantalum carbide
28499030;Tungsten carbide (wolframates)
28499090;Other carbides whether or not chemically defined
28500010;Boron nitride
28500020;Calcium silicides
28500090;Hydrides, azides, borides and oth.nitrides and silicides
28510010;Cyanamide and its metal derivatives
28510020;Phosphorus sulphide chlorides
28510031;Cyanogen chloride
28510039;Cyanogen and its other halides
28510090;Other inorganic compounds, liquid air, compressed air, etc
28520011;Mercuric oxide
28520012;"Mercuric chloride i; mercurci chloride ii"
28520013;Mercuric chloride ii, for photographic use, for retail sales
28520014;Mercuric chloride ii, presented in other form
28520019;Other organic and inorganic compounds, except amalgams
28520021;Mercury acetate
28520022;Thimerosal
29310077;N, n-dialkyl(c1 to c3)phosphoroamidocyan.of o-alkyle, etc
29310079;Other organo-phosphorus compounds
29310081;Phenylmercury acetate of phenylmercury amonium, etc
29334920;Oxamniquine
29334930;Broxyquinoline
29334940;Esters of levorphanol
29334990;Other compounds cont.quinoleine ring, etc
29335100;Malonylurea (barbituric acid), its derivatives and salts
29335111;Amobarbital and its salts
29335112;Barbital and its salts
29335113;Butethal and its salts
29335114;Cyclobarbital and its salts
29335115;Mephobarbital and its salts
29335116;Pentobarbital and its salts
29335117;Phenobarbital and its salts
29335118;Secbutabarbital (5-ethyl-5-sec-butilbarbituric acid)
29335119;Oth.malonylurea, with 1 or 2 ethyle in carbon 5
29371020;Hgc (chorionic gonadotrophin)
29371030;Pmsg (serum gonadotrophin)
29371040;Menotrophins
29333330;Ketobemidone and its salts
29333341;Diphenoxylate
29333342;Diphenoxylate hydrochloride
29333349;Other diphenoxylate salts
29333351;Diphenoxin
29349170;Sufentanil and its salts
29349911;Morpholine and its salts
29349912;Pirenoxine sodium salt (catalin sodium)
29349913;Nimorazol
29349914;Isatoic anhydride (2h-3, 1-benzoxazine-2, 4-(1h)-dione)
29349915;4, 4'-dithiodimorpholine
29349919;Other heterocyclic compounds
29349922;Zidovudine (azt)
29349923;Thymidine
29349924;Furazolidone
29349925;Cytarabine
29349926;Oxadiazon
25301010;Perlite unexpanded
25301090;Vermiculite and chlorites, unexpanded
25302000;Kieserite, epsomite (natural magnesium sulphates)
25304000;Oxides of iron natural micaceus
25309010;Spodumene
25309020;Microniz.zircon.sand suitable foruse manufac.ceram.enam.
25309030;Minerals of metals of the rare lands
25309040;Coloring lands
25309090;Other mineral substances
26011100;Iron ores not agglomerated, and concentrates
29110090;Oth.acetals, semi-acetals and its halogen.deriv.etc.
29121100;Methanal (formaldehyde)
29121200;Ethanal (acetaldehyde)
29121300;Butanal (butyraldehyde, normal isomer)
29121911;Glyoxal
29121912;Glutaraldehyde
29121919;Other dialdehyde
29121921;Citral
29121922;Citronellal (3, 7-dimethyl-6-octenal)
29121923;Bergamal (3, 7-dimethyl-2-methylene-6-octenal)
29121929;Other unsaturared monoaldehydes
29121991;Heptanal
29211992;N, n-dialkyl(c1 to c3)-2-chloroethylamines, etc
29211993;Isometheptene mucate
29211999;Other acyclic amine and its salts and derivatives
29212100;Ethylenediamine and its salts
29212200;Hexamethylenediamine and its salts
29212910;Diethylenetriamine and its salts
29212920;Triethyltetramine and its salts
29212990;Other polyamines acyclics, its derivatives and its salts
29213011;Cyclohexylamine and its salts
29213012;Dicyclohexylamine
29213019;Other cyclohexylamine and its salts
29213020;Propylhexedrine
29213090;Other amines/polyamines cyclanic, cyclenic, etc.
29214100;Aniline and its salts
29141910;Phorone
29141921;Acetylacetone
29214319;Other o-toluidines and their salts
29214321;3-nitro-4-toluidine and its salts
29214322;Trifluralin
29214323;4-chloro-2-toluidine
29214329;Other toluidines and their derivatives and salts
29214410;Diphenylamine and its salts
29214421;N-octyldiphenylamine
29214422;N-nonyldiphenylamine
28255090;Other copper oxides and hydroxides
29214429;Oth.diphenylamine and its derivatives salts thereof
29214500;1-naphthylamine(alpha)2-naphthylamine(beta)deriv./salts
29214610;Amfetamine and its salts
29214620;Benzfetamine and its salts
29214630;Dexamfetamine and its salts
29214640;Etilamfetamine and its salts
29214650;Fencamfetamine and its salts
29214660;Phentermine and its salts
29214670;Lefetamine and its salts
29214680;Levamfetamine and its salts
29214690;Mefenorex and its salts
29214910;Fenfluramine hydrochloride
29214921;2, 4-xylidine and its salts
29214922;Pendimethalin
29214929;Other xylidine, its derivatives and its salts
29214931;Tranylcypromine sulphate
29214939;Other tranylcypromine and its salts
26011200;Iron ores agglomerated and concentrates
26011210;Iron ore agglomerate by pelletizing process
26011290;Other agglomerated iron ores
29242991;Aspartam
29242992;Diflubenzuron
29242993;Metalaxyl
29242994;Triflumuron
29242995;Buclosamide
29242996;Denatonium benzoate
29242999;Other cyclic amide, its derivatives and its salts
29251100;Saccharin and its salts
29251200;Glutethimide (inn)
29251910;Thalidomide
29251920;Glutetimide
29251990;Other imide, its derivatives and its salts
29252011;L-arginine aspartate
29252019;L-arginine and its salts
29252021;Guanidine
29252022;N, n'-diphenylguanidine
29252023;Chlorhexidine and its salts
29252029;Other derivatives of guanidine and its salts
29319076;Out.comp.c/ 1 atomo fosforo  ligado a grup.alquila
29319077;N,n-dialquil(de c1 a c3)fosforoamidocian. de o-alquila
29319079;Other organophosphored compounds
29319090;Other organo-inorganic compounds
29321100;Tetrahydrofuran
29321200;2-furaldehyde (furfuraldehyde)
29342031;3-(tert-butylaminothio)benzothiaz.(n-tert-butylbenz.etc
29342032;2-(cyclohexylaminothio)benzothiaz.(n-cyclohexylbenz.etc
29342033;2-(dicyclohexylaminothio)benzothiaz.(n, n-dicyclohex.etc
29342034;2-(4-morpholinylthio)benzothiaz.(n-oxydiethyleneben.etc
29342039;Other sulphenamide benzothiazole
29342040;2-(thiocyanomethylthio) benzothiazole (tcmtb)
29342090;Oth.heterocyclic compounds with benzothiazole ring
29343010;Methotrimeprazine maleate (levomepromazine maleate)
29343020;Fluphenazine enanthate
29343030;Promethazine
29343090;Oth.heterocyclic comp.with struct.phenotiazine ring
29349011;Morpholine and its salts
29391022;Oxymorphone and its salts
29391023;Pholcodine and its salts
30039029;Medicament cont.enzymes n/cont.vitamins, e, exc.in doses
30039031;Medicament containing permethrin, etc.exc.in doses
30039032;Medicament contain.dehydrocholic acid, etc.exc.in doses
30039033;Medicament c/gluconic acid/salts/esters, exc.in doses
30039034;Medicament c/o-acetylsalicylic acid/etc, exc.in doses
30039035;Medic.c/tiratricol(triac)/calcium lactophosp.exc.doses
30039036;Medicament cont.lactic acid/salts/etc, exc.in doses
30039037;Medicament cont.fumaric acid/salts/etc, exc.in doses
30039038;Medicament cont.etretinate/miltefosine, etc, exc.in doses
30039039;Medicament cont.oth.carboxylic acid, etc, exc.in doses
30039041;Medicament c/tranylcypromine sulphate, etc, exc.in doses
30039042;Medicament c/sulfanilic acid, salts, etc, exc.in doses
30039043;Medicament c/clenbuterol/its hydrochloride, exc.in doses
30039044;Medicament c/tamoxifen/its citrate, exc.in doses
30039045;Medicine with levodopa/alfa-metildopa, except in doses
15152910;Maize (corn) oil, refined, in container with capacity<=5l
15152990;Other maize (corn) oil
15153000;Castor oil
15154010;Tung oil, crude
15154020;Tung oil, refined
15154090;Other tung oil
15155000;Sesame oil
15156000;Jojoba oil
15159000;Other fixed vegetable fats and oils, refined or not
15159010;Jojoba oil and their fractions
15159021;Tung oil, in crude, not chemically modified
15159022;Tung oil, refined, not chemically modified
15159090;Other fixed vegetable fats and oils, refined or not
15161000;Animal fats and oils, hydrogenated, inter-esterified, etc.
15162000;Vegetable fats and oils, hydrog., inter-esterified, etc.
15171000;Margarine (excluding liquid margarine)
15179000;Edible mixtures preparations of fats, oils, animals, etc.
29333997;Piritramide
29333998;Propiram and its salts
29333999;Other heterocyclic compounds 1 cycle piridine n/conden.
29334011;2, 3-quinolinedicarboxylic acid
29334012;Rosoxacin
29334013;Imazaquin
29334019;Other derivatives of quinolinocarboxylic acid
29333924;Cloperamide hydrochloride
29349952;Tetramisole
29349953;Levamisole and its salts
29349954;Tioconazole
29349959;Oth.heterocyclic comp.with 3 sulfur hetero-atom
29349961;Tizanidine hydrochloride
29349969;Oth.heterocyclic compounds with sulfur hetero-atom
29349991;Timolol
29349992;Timolol acid maleate
29349993;Lamivudine
29349999;Other heterocyclic compounds
29350011;Sulfadiazine and its sodium salt
29350012;Chlorthalidone
29350013;Sulpiride
29350014;Veralipride
29350015;Sulfamethazine(4, 6-dimethyl-2-sulphanilamidopyram.)etc
29350019;Oth.sulphonamides with heter.with nitrogen hetero-atom
29350021;Furosemide
29350022;Phthalylsulfathiazole
29350023;Piroxicam
29350024;Tenoxicam
29350025;Sulfamethoxazole
29350029;Other sulphonamides with other heterocyclics
29350091;Chloramine-b and chloramine-t
29350092;Gliburide
29350093;Toluenesulphonamides
29350094;Nimesulide
29350095;Bumetanide
29350096;Sulfaguanidine
29350097;Sulfluramid
20095000;Tomato juices, unfermented
20096000;Grape juice, unfermented
20096100;Grape juice of a brix value <= 30
20096900;Other grape juices
20097000;Apple juices, unfermented
5021090;Bristles of boar and waste thereof
29371990;Other hormones polypeptide, proteins, etc
29372110;Cortisone
29372120;Hydrocortisone
29372130;Prednisone (dehydrocortisone)
29372140;Prednisone (dehydrohydrocortisone)
29372210;Dexamethasone and its acetates
28520023;Mercury stearate
28520024;Mercurt lactate
29094411;Ethers of ethylene glycol
29094412;Ether of ethylene glycol isobutyl
29094413;Ether of ethylene glycol  hexyl
29094419;Other monoalkylethers of ethylene glycol
29094421;Ethylene ether of diethylene glycol
29094429;Other monoalkylethers ethers of diethylene glycol
29094910;Guiafenesin
29094921;Triethylene glycol
29094922;Tetraethylene glycol
29094923;Pentaethylene glycol and its ethers
29094924;Ethylene glycol phenyl ether
29094929;Other ethylene glycols and its ethers
29094931;Dipropylene glycol
29094932;Ethers of mono-,  di- and tripropylene glycol
29094939;Other propylene glycols and its ethers
29094941;Butylene glycol ethyl ether
29094949;Other butylene glycol and other ether
29094950;Phenoxybenzyl alcohols
29094990;Oth.ethers-alcohols and their deriv.halogenated, etc
29321300;Furfuryl alcohol and tetrahydrofurfuryl alcohol
29321310;Furfuryl alcohol
29321320;Tetrahydrofurfuryl alcohol
29321910;Ranitidine and its salts
29321920;Nafronyl
29321930;Nitrovin
29321940;Bioresmethrin
29321950;5-nitrofurfurylidene diacetate (nfda)
29321990;Heterocyclic compounds with 1 furane cyclice, n/conden.
29322000;Lactones
29322110;Coumarin
29322190;Methylcoumarins and ethylcoumarins
29322910;Coumaphos
29322920;Phenolphthalein
29322930;Espironolactona
29322931;Ivermectin
29322932;Abamectin
29322933;Moxidectin
29322990;Other lactones
29329100;Isosafrole
29329200;1-(1, 3-benzodioxol-5-yl)propan-2-one
29329300;Piperonal
29329400;Safrole
29329500;Tetrahydrocannabinols (all isomers)
29329911;Eucalyptol
29329912;Quercetin
29329913;Sosorbide dinitrate
29329914;Carbofuran
29329921;Ivermectin
29329922;Abamectin
29329923;Moxidectin
29349022;Zidovudine (azt)
29349023;Thymidine
29309097;Oth.comp.with 1 atom phosphorus linked one alkyle group
29309098;Dithiocarbonates (xanthates)
29309099;Other organic thiocompounds
29310010;Organo-mercury compounds
29310011;Timerosal
29310019;Other organo-mercury compounds
29310021;Bis (trimethylsilyl) urea
29310029;Other organo-silicon compounds
29310031;Ethephon, (4, 4?-bis[(dimethoxyphosphonyl)methyl]diphenyl
29310032;Glyphosate and its mono(isopropylamine) salt
29310033;Etidronate disodium
29310034;Trichlorfon
29310035;Glufosinate-ammonium
29349028;Oxazolam
29349029;Oth.heteroc.comp.nitrogen and oxygen with 3 hetero-atom
29349031;Ketoconazole
29349032;Prazosin hydrochloride
29349033;Talniflumate
29349034;Nucleic acids and their salts
29349035;Aminorex and its salts
29349036;Pemoline and its salts
29349039;Oth.heteroc.comp.nitrogen and oxygen with hetero-atom
29349041;Thiophene
29349042;6-aminopennicillanic acid
29349043;7-aminocephalsporanic acid
29339956;Fembendazole
29339959;Oth.heterocyclic compounds cont.imidazole ring
29339961;Triadimenol
29339962;Triadimefon
29339963;Triazofos(o, o-diethyl o-(1-pheny, etc.)phosphorothioate
29339969;Oth.heterocyclic compounds cont.triazol ring
29339991;Azinfos-ethyl
29339992;Nalidixic acid
29339993;Clofazimine
29339995;Amezinium methyl sulphate
29339996;Maleic hydrazide and its salts
29339999;Oth.heterocyclic compounds with nitrogen hetero-atom
29341010;Fentiazac
29341020;Thiazolidine hydrochloride
29341030;Thiabendizole
29341090;Ot.heterocyclic comp.with 1 thiazole ring n/ condensed
29339939;Oth.heterocyclic compounds cont.azepine ring
29339941;Clemastine, its derivatives and its salts
29339942;Amisulpride
29339943;Sultopride
29339944;Alizapride
29339945;Buflomedil its derivatives and its salts
29399051;Levometanfetamine(1-n, alpha-dimethylfenetil.)and salts
29399052;Metanfetamine(d-n, alpha-dimethylfenetil.)and salts
29399053;Metamfetamine racemate(d-n, alpha-dimethylfenet.etc
29399059;Oth.dimethylfenetilamines, its derivatives ans its salts
29399090;Other vegetable alkaloids, its salts ethers, esters, etc.
29399111;Cocaine and its salts
29399112;Ecgonine and its salts
29399119;Esters and derivatives of cocaine or ecgonine
29399120;Levamfetamine, its salts, esters and other
30032093;Medicament c/ bleomycins or their salts, exc.in doses
30032094;Medicament containing imipenem, exc.in doses
30032095;Medicament with amphotericin b in liposome
30032099;Medicament containing other antibiotics, exc.in doses
30033100;Medicament cont.insulin, n/cont.antibiot.exc.in doses
30033911;Medicament cont.hormone growth(somatropin), exc.doses
29252919;Other l-arginine and its salts
29252921;Guanidine
29252922;N, n'-diphenylguanidine
29252923;Chlorhexidine and its salts
29252929;Other guanidine and its salts
29252930;Amitraz
29252940;Pentamidine isethionate
29252950;Methyl n-(3, 7-dimethyl-7-hydroxyoctylidene)anthranilate
29252990;Other imines, their derivatives and their salts
29261000;Acrylonitrile
29262000;1-cyanoguanidine (dicyandiamide)
29263011;Fenproporex
29263012;Salts of fenproporex
29209069;Other phosphite of methyl and ethyl
29209090;Other esters of inorg.acid, salts, deriv.halog.etc
29211111;Methylamine
29211112;Salts of methylamine
29211121;Dimethylamine
29211122;Dimethylamine 2, 4-dichlorophenoxyacetate
29242946;P-acetamidobenzenesulphonic acid chloride
29242947;Ioxitalamic acid
29242949;Other acetamide and its derivatives
29242951;Bromopride
29242952;Metoclopramide and its hydrochloride
29242959;Other metoxybenzamides its derivatives and its salts
29242961;Propanil
29242962;Flutamide
29333925;(2-methyl-3-chloroaniline)nicotinic acid/lysine salts
29333929;Other heterocyclic compounds with chlor.n/fluor.n/brom.
29333931;Terfenadine
29333932;Biperiden and its salts
29333933;Isonicotinic acid
29333934;5-ethyl-2, 3-dicarboxypyridine (5-epdc)
29333935;Mazetapir (rs)-5-ethyl-2-(4-isopropyl-4-methyl-5-etc.
29333936;Quinuclidine-3-ol
29333937;Diphenoxine and its salts
29333938;Pentazocine  and its salts
29333939;Pentazocine and its salts
29333941;Diphenoxylate hydrochloride
29333942;Hydrochloride meperidine (pethidine hydrochloride)
29333943;Nifedipine
29333944;Nitrendipine
29333945;Pirilamine maleate
29333946;Omeprazole
29333947;3-quinuclidinyl benzylate
29333948;Nimodipine
29339935;Hexamethyleneimine
29309061;Acephate
29309062;Methamidophos
29309069;Other phosphorodamidethioate, its derivatives and salts
29309071;Thiapride
29309072;Bicalutamide
29309079;Other sulphones
29309081;2-chloroethyl and chloromethyl sulphide
29309082;Bis(2-chloroethyl) sulphide
29309083;Bis(2-chloroethylthio)methane
29309084;1, 2-bis(2-chloroethylthio)ethane
29309085;1, 3-bis(2-chloroethylthio)-n-propane
29309086;1, 4-bis(2-chloroethylthio)-n-butane
29309087;1, 5-bis(2-chloroethylthio)-n-pentane
29309088;Bis (2-chloroethylthiomethyl) oxide
29309089;Bis (2-chloroethylthiomethyl) oxide
29309091;Captan
29309092;Captafol
29339055;Flubendazole
29339056;Fenbendazole
29339057;Mazindole
29339058;Midazolam and its salts
29339059;Other heterocyclic compounds, with imidazole ring
29339061;Triadimenol
29339062;Triadimefon
29339063;Triazofos(o, o-diethyl o-(1-phenyl-1h--1, 2, 4-triazol3-yl
29339069;Oth.heterocyclic compounds with triazol ring
29339071;Deloraz.(7-chloro-5-(2-chlorophenyl)-1, 3-diidro-2h-etc
29399130;Metamfetamine, its salts, esters and other derivatives
29399140;Metamfetamine racemate, its salts, esters
29396931;Dihydroergocornine mesylate
29396939;Ergocornine and other derivatives and salts
29396941;Alpha-dihydroergocryptine mesylate
29396942;Beta-dihydroergocryptine mesylate
29396949;Ergocriptine and other derivatives and salts
29396951;Ergocristine
29396952;Dihydroergocristine methanesulphonate
29396959;Other derivatives of ergocristine and its salts
29396990;Other alkaloids of rye ergot, its derivatives
29397000;Nicotine and salts
29399011;N-butylscopolammonium bromide
29399019;Escopolamine, other derivatives and salts
29399020;Theobromine and its derivatives and salts thereof
29399031;Pilocarpine its nitrate or hydrochloride
29399039;Other pilocarpine salts
29399040;Cacaine and its salts
29399041;Cacaine and its salts
29399042;Ecgonine and its salts
29224990;Other amino acid, its esters and its salts
29225011;Phenylephrine hydrochloride
29221959;Oth.n, n-dialkyl 2-aminoethanol and its protonated salts
29221961;Methyldiethanolamine and its protonated salts
29221962;Ethyldiethanolamine and its protonated salts
29221969;Other n-alkyl-diethanolamine and its protonated salts
29221991;1-p-nitrophenyl-2-amino-1, 3-propanodiol
29221992;Bencyclanefumarate
29221993;Clenbuterol and its hydrochloride
29221994;Myrtecaine
29221995;Tamoxifen and its citrate
29221996;Dextropropoxyphene and its protonated salts
29221999;Other aminoalcohol, its ethers, esters and salts
29222100;Aminonaphtholsulphonic acids and their salts
29222210;Dianisidines and their salts
29222290;Anisidines, phenetidines and their salts
29222911;P-aminophenol
29222919;O-aminophenol, m-aminophenol and their salts
29222920;Nitroanisidines and their salts
29222990;Other aminonaftol, aminophenol their ethers, esters, salts
29223010;Aminoantraquinones and its salts
29223021;Ketamine chloridrate
29319049;Other organometallic compounds of tin
29319051;Methylarsinic acid and its salts
29319052;2-clorovinil-dicloroarsina
29319053;Bis(2-clorovinil)cloroarsina
29319054;Tris (2-chlorevynil) arsine
29319059;Other organo-arsenic compounds
29319061;Tricloreto de etialuminio(sesquicloreto de etialuminio)
29319062;Chloride of diethylaluminium
29319069;Other organic-aluminic compounds
29319071;Alquil(de c1 a c3)fosfonofluoridatos de o-alquila
29349122;Cloxazolam
29349123;Dextromoramide
29349129;Salts of clotiazepam, cloxazolam, dextromoramide
29349131;Phendimetrazine and its salts
29349132;Phendimetrazine and its salts
29349133;Haloxazolam and its salts
29349141;Ketazolam
29349142;Mesocarb
29349149;Salts of ketazolam and mesocarb
29349150;Oxazolam and its salts
29349160;Pemoline and its salts
30019020;Parts of pericardia, of bovine animals or of swine
30019031;Dried livers, whether in powder or not
30019039;Otras glands and organs, whether in powder or not
30019090;Other human/animal subst.fortherap.prophyl.uses
30021011;Antiophidic serums and other sorums anti-poisonous
30021012;Antitetanic serum
30021013;Anticatarrh serum
30021014;Antipyogens serum
30021015;Antidiphtheria serum
30021016;Antiserum polyvalent
29310038;Clodronic acid and its disodium salt, fotemustine
29310039;Other organo-phosphorus compounds
29339092;Nalidixic acid
29339093;Clofazimine
29339094;Methenamine (hexamethylenetetramine) its salts
29339095;Amezinium methyl sulphate
29339096;Maleic hydrazide and its salts
29339099;Oth.heterocyclic compounds with nitrogen hetero-atom
29339111;Alprazolam
29339112;Camazepam
29339113;Clonazepam
29339114;Clorazepate
29339115;Chlordiazapoxide
29339119;Salts of alprazolam, camazepam, chlordiazepoxide, etc
29339121;Delorazepam
29339122;Diazepam
29339123;Estazolam
29339129;Salts of delorazepam, diazepam or estazolam
29339131;Fludiazepam
29339132;Flunitrazepam
29339133;Flurazepam
29339134;Halazepam
29339139;Salts of fludiazepam, flunitrazepam, etc.
29339141;Ethyl loflazepate
29339142;Lorazepam
29339143;Lormetazepam
29339149;Salts of ethyl loflazepate, lorazepam, etc.
29339151;Mazindol
29339152;Medazepam
29339153;Midazolam
28092011;Phosphoric acid with tenor of iron<750 ppm
28092019;Other phosphoric acid
28092020;Metaphosphoric acid
28092030;Pyrophosphoric acid
28092090;Other polyphosphoric acids
28100010;Orthoboric acid
28100090;Oxides of boron and other boric acids
28520025;Mercury salicylate
28520029;Other mercury organic compounds
28521011;Oxides of mercury, inorganic
28521012;Chloride mercury i (mercurous chloride)
28521013;Chloride mercury ii (cloruro de mercurio),f/photo
28521014;Chloride mercury ii (cloruro de mercurio),another form
28521019;Other inorganic mercury compounds
28521021;Acetate of mercury
28521022;Thimerosal
28521023;Stereate of mercury
28521024;Lactate of mercury
28521025;Salicylate of mercury
28521029;Other organic mercury compounds
28529000;Other compounds of mercury
28530010;Cyanamide and its metal derivatives
28530020;Phosphorus sulphide chlorides
28530031;Cyanogen chloride
28530039;Other cyanogen and their halides
85411022;Diodes mounted,f/surf.moun.dev.of current intensity<=3a
85411029;"Other diodes mounted f/surface mounted device(""smd"")"
85411091;Other zener diodes
85411092;Other diodes of current intensity<=3a
85411099;Oth.diodes,oth.than photo-diodes/ light-emitting diodes
87041000;Dumpers f/the transp.of goods,for off-highway use
87041010;Dumpers f/the transp.of goods>=85t,f/off-highway use
87041090;Oth.dumpers f/the transp.of goods,f/off-highway use
87042110;Chassis fitted with dies.engine/cab,of gross weight<=5t
87042120;Motor vehicles with diesel engine/tipping body weig<=5t
87042130;Motor vehicles refriger.etc.with diesel engineweig<=5t
87042190;Other motor vehicles with diesel engine,weigh<=5t
87042210;Chassis fitted with dies.engine and cab,5t<weig<=20t
87042220;Motor vehic.with diesel engine/tipp.body 5t<weig<=20t
87042230;Motor vehic.refrig.etc.with diesel engine,5t<wei<=20t
87042290;Oth.motor vehicles with diesel engine,5t<wei<=20t
87042310;Chassis fitted with dies.engine and cab,wei>20t
87042320;Motor vehicles with diesel engine/tipp.body wei>20t
87042330;Motor vehic.refriger.etc.with diesel engine,wei>20t
87042390;Oth.motor vehicles with diesel engine,wei>20t
85272100;Combined w / sound recording or playback sound
85272110;Recep.appar.radio casset.players, f/motor vehicles
85272190;Ot.recep.appar.radio-br.with sound appar.f/motor vehic.
85272900;Oth.recep.appar.radio-broadcasting f/motor vehicles, etc
85273110;Oth.recep.appar.radio-br.with casset.players/recorded
85273120;Oth.recep.appar.radio-br.with cass.players/cass./recor.
85273190;Oth.recep.appar.radio-br.with recor.appar./sound reprod
85273200;Recep.appar.of radio with clock, by electricity
85273910;Tuning amplifiers (receiver)
85273990;Oth.reception apparatus for radio-broadcasting, etc.
85279011;Reception appar.personal of radium-mes.in screen(ecran)
85279019;Other reception appar.personal of radium-message
85279090;Ot.recep.app.radio-telep./radio-telegr./radio-broad.etc
85279100;Apar.recep.f/broadcasting w/apar. of rec/play sound
85279110;Other radio-broad.recep.appar/equip. comb. with cass.play. and rec.
85422128;Other mounted memories,f/surface mounted device
85422129;Other digital monolithic integrated circuits,mounted
85422191;Other static memories with an access time<=25ns
85422192;Other microprocessors
85422193;Other microcontrollers
85422194;Other co-processors
85422195;"Other digital monolithic integrated circuits ""chipset"""
85422198;Other memories
85422199;Other digital monolithic integrated circuits
85422910;Other monolithic integrated circuits,not mounted
85422921;Other digital analogical integrated circuits
85422929;Other monolithic integrated circuits,mounted
85423010;Other monolithic integrated circuits,no mounted
85423021;Oth.digital-analog.monolithic integr.circuits,mounted
85423029;Other monolithic integr.circuits,mounted
85423110;Digit.monolithic integrated circuits,no mounted
27101999;Oils of petroleum or of betuminous minerals
27102000;Petroleum oil or bituminous oils (exc.crude oil)
29109010;Styrene oxide
29109020;Dieldrin
29109030;Endrin
29109090;Oth.epoxides, epoxyalcohols, etc.with 3-membered ring
29110010;2-nitrobenzaldehyde dimethylacetal
29349012;Pirenoxine sodium salt (catalin sodium salt)
29349013;Nimorazol
29349014;Isatoic anhydride (2h-3, 1-benzoxazine-2, 4-(1h)-dione)
29349015;4, 4'-dithiodimorpholine
29349016;Ketazolam
29349017;Dextromoramide (d-moramide) and its salts
29349018;Phendimetrazine and its salts
29349019;Oth.heterocyclic compounds with 1 oxazine ring, etc.
29349021;Cloxazolam and its salts
29414011;Chloramphenicol, its palmitate, succinate or hemisuccin.
29414019;Other esters of chloramphenicol
29414020;Thiamphenicol and its esters
29414090;Other derivatives and salts of chloramphenicol
29415010;Clarithromycin
28249010;Red lead and orange lead
28249090;Other lead oxides
28251010;Hydrazine and their inorganic salts
28251020;Hydroxylamine and their inorganic salts
28252010;Lithium oxide
28252020;Lithium hydroxide
28253010;Divanadium pentoxide
28253090;Other vanadium oxides and hydroxides
28254010;Nickel oxides
28254090;Other nickel oxides and hydroxides
28255010;Copper oxides, containing>=98% of cuo,  by weight
85287300;Other monocr./black & white/ tv rec. appar./equip.
85291011;Aerials with parabolic reflectors, exc.f/phone cellular
85291019;Other aerials, except for phone cellular
85291020;Aerials for cellular phone portable, exc.telescopic
85291090;Other aerials and aerial reflectors, its parts
85299011;Cabinets and framework f/transmis./receivers apparatus
85299012;Cabinets and framework f/transmis./receivers apparatus
85299019;Other parts f/transmission/receivers apparatus
85299020;Other parts receivers apparatus radio-broad.televis.etc
85299030;Oth.parts f/radar apparatus
85299040;Other parts for radio navigational apparatus
85299090;Oth.parts f/radio remote control appar/tv cameras/video
85416010;Mount.piezo-electr.crystals,of quartzo,1<=freq<=100mhz
85416090;Other mounted piezo-electric crystals
85419010;Support-connector in strips,diodes,etc.semiconductor
85419020;Coverings for making capsules
85419090;Oth.parts of diodes,transistors,etc.semiconduct.
87060020;Chassis with engines f/dumpers and tractors exc.road
87060090;Oth.chassis with engines f/automobiles of passeng/goods
87071000;Bodies (including cabs),for automobiles of passengers
87079010;Bodies (incl.cabs) f/dumpers/tractors exc.road
87079090;Bodies f/motor vehic.transp>=10persons or f/load
87081000;Bumpers and parts thereof f/motor vehicles
87082100;Seatbelts for motor vehicles
87082911;Mudguards f/dumpers and tractors exc.road
87082912;Radiator cowlings for dumpers/tractors exc.road
87082913;Doors for dumpers and tractors except road
87082914;Dashboards for dumpers/tractors except road
87082919;Other parts/acess.of bodies f/dumpers and tractors
87082991;Mudguards for motor vehicles
87082992;Radiator cowlings for motor vehicles
87082993;Doors for motor vehicles
87082994;Dashboards for motor vehicles
87082995;Gas gener.to inflate airbags/activ.safety belt ratract.
87082996;Inflatable bags for automobiles airbags
90181400;Scintigraphic apparatus
90181410;Positron emission tomography scanner
90181420;Gamma chambers
90181490;Other scintigraphic apparatus
90181910;Endoscopy
90181920;Audiometers
90181930;Gamma chambers
90181980;Other electro-diagnostic apparatus
90181990;Parts of electro-diagnostic apparatus
90182000;Ultraviolet or infrared ray apparatus
90182010;Surgery apparatus,laser type
90182020;Other apparatus f/oral treatment,laser type
90182090;Other ultraviolet or infrared ray apparatus
90183111;Syringes of plastic,with or without needles,cap<=2cm3
90183119;Other syringes of plastic,with or without needles
29093029;Other halogenated derivatives, etc.of aromatic ethers
29094100;2, 2'-oxydiethanol (diethylene glycol,  digol)
29094200;Monomethyl ethers of ethylene glycol/diethylene glycol
29094310;Monobutyl ethers of ethylene glycol
29094320;Monobutyl ethers of diethylene glycol
29209017;Tris(2, 4-di-tert-butylphenyl) phosphite
29209019;Other phosphite, except those of methyl and ethyl
29209021;Endosulfan
29209022;Propargite
29209029;Other sulphide of esters of inorganic acid
29209031;Propatyl nitrate
29209032;Nitroglycerol
29209033;Pentaerythritol tetranitrate (petn,  penthrite, etc)
29209039;Other nitrates of esters of inorganic acid
29362939;Others drivatives of vitamin h, unmixed
29362940;Vitamins k and their derivatives, unmixed
29362951;Nicotinic acid, unmixed
29362952;Nicotinic unmixed
29362953;Sodium nicotinate, unmixed
29362959;Sodium nicotinate, unmixed
29362990;Other vitamins and their derivatives, unmixed
29369000;Provitamins and vitamins, unmixed
29371010;Acth (corticotrophin)
30032059;Medicament c/cefaclor/cephalexin/etc., exc.in doses
30032061;Medicament containing gentamycin sulphate, exc.in doses
30032062;Medicament containing daunorubicin, exc.in doses
30032063;Medicament containing pirarubicin, exc.in doses
30032069;Medicam.cont.aminoglycosides/oth.derivat., exc.in doses
30032071;Medicament containing vancomycin, exc.in doses
30032072;Medicament containing actinomycins, exc.in doses
30032073;Medicament containing cyclosporin a, exc.in doses
30032079;Medicament cont.polypeptides /oth.derivat., exc.in doses
30032091;Medicament containing mitomycins, exc.in doses
30032092;Medicament containing tiamulin fumarate, exc.in doses
29349112;Brotizolam and its salts
29349121;Clotiazepam
30029091;Other toxic, cultures of microorganisms, for animal medic
30029092;Other toxic, cultures of microorganisms, for human medic
30029093;Saxitoxin
30029094;Ricin
30029099;Other toxic, cultures of microorganisms, similar products
30031011;Medicament cont.ampicillin or its salts, exc.in doses
29242190;Other ureines, its derivatives and salts
29242200;2-acetamidobenzoic acid
29242300;2-acetamidobenz.acid(n-acetylanthranilic acid)and salts
29242400;Ethinamate (inn)
29242911;Acetanilide
29242912;4-aminoacetanilide
29242913;Acetaminophen (paracetamol)
29242914;Lidocaine and its hydrochloride
29242915;2, 5-dimethoxyacetanilide
29242919;Other derivatives of acetanilide and its salts
29242920;Anilides of hydroxynaphthoic acids and its deriv./salts
29242931;Carbaryl
29242932;Propoxur
29242933;"Ethinamate (""ethinamate"")"
29242939;Other carbamates
29242941;Teclozan
29242942;Alachlor
29242943;Atenolol, metolachlor
29242944;Oxaglic acid
29242945;Iodamide
29310071;Alkyl(c1 to c3) phosphonofluoridates of o-alky, etc.
29310072;O-isopropyl methylphosphonochloridate
29310073;O-pinacolyl methylphosphonochloridate
29310074;Alkyl group(c1 to c3)phosphonyl difluorides
29310075;Alkyl hidrogen (c1 to c3) phosphonits of, etc.
29310076;Oth.comp.with 1 atom phosph.linked 1 alkyle group, etc
29339162;Nitrazepam
29339163;Nordazepam
29339164;Oxazepam
29339169;Salts of nimetazepam, nitrazepam, nordazepam, oxazepam
29339171;Pinazepam
29339172;Pyrovalerone
29339173;Prazepam
29339179;Salts of pinazepam, pirovalerona or prazepam
29339181;Temazepam
29339182;Tetrazepam
29339183;Triazolam
29339189;Salts of temazepam, tetrazepam and triazolam
29339911;Pyrazinamide
29339912;Amiloride hydrochloride
29339913;Pindolol
29339919;Oth.heterocyclic compounds containing pyrazina ring
29339920;Oth.heterocyclic compounds cont.diazepine ring (hygrog.
29339931;Iminostilbene
29339932;Carbamazepine
29339933;Clomipramine hydrochloride
29339934;Molinate (s-ethyl hexahydroazepin-1-carbothioate)
85252023;Fixed appar.of cellul.teleph.without inter.power source
85252024;Portable apparatus of cellular teleph., f/motor vehicles
85252029;Oth.transmis.appar.recep.of cellulartelefhonic
29339159;Salts of mazindol, medazepam or midazolam
29211990;Other acyclic amine and its salts and derivatives
29211991;Chlormethine (inn) (di(chloroethyl)methylamine)
28051900;Other alkali metals
28051910;Strontium
28051920;Barium
28051990;Other alkali or alkaline-earth metals
29400093;Maltitol
29400094;Calcium lactogluconate
29400099;Other ethers and esters of sugars and its salts
29411010;Ampicillin and its salts
29411020;Amoxicillin and its salts
29411031;Penicillin v potassium
29411039;Other penicillin v potassium, derivatives and salts
29411041;Penicillin g potassium
29411042;Penicillin g benzathine
29411043;Penicillin g procaine
29411049;Other penicillin g, derivatives and salts
29411090;Oth.penicillins, deriv.w/penicillanic acid struct.salts
29412010;Streptomycins sulphates
29412090;Streptomycins, other derivatives and its salts
29413010;Tetracycline hydrochloride
29413020;Oxytetracycline
29413031;Minocycline
29413032;Salts of minocycline
29413090;Tetracyclines, other derivatives and salts
29221951;N, n-dimethyl-2-aminoethanol and its protonated salts
29221952;N, n-diethyl-2-aminoethanol and its protonated salts
29241911;2-chloro-n-methylacetoacetamide
29241919;Acetoacetamide other derivatives product salts
29241921;N-methylformamide
29241922;N, n-dimethyllformamide
29241923;Fluoroacetamide
29241929;Other formamide and acetamide
29241931;Acrylamide
29241932;Methacrylamides
29241939;Other derivatives of acrylamide
29241941;Monocrotofos
29241942;Dicrotofos
29241949;Crotonamide and its other derivatives
29241991;N, n'-dimethylurea
29241992;Carisoprodol
29241993;N, n'-(distearoyl)ethylenediamine (n, n'-ethylenebis)
29241994;Diethanolamines acid of c12 to c18 fatty acids
29241230;Monocrotophos
29241999;Other acyclic amides, its derivatives and its salts
29242111;Hexanitrocarbanilides
29242119;Carbanilides, its derivatives and salts
29242120;Diuron
29333352;Dipipanone
29333359;Salts of difenoxin or dipipanona
29333361;Phencyclidine
29333362;Phenoperidine
29333363;Fentanyl
29333369;Salts of phencyclidine, phenoperidine or fentanyl
29333371;Methylphenidate
29333372;Pentazocine
29333379;Salts of methylphenidate or pentazocine
84119100;Parts of turbo-jets or of turbo-propellers
84119900;Parts of other gas turbines
84121000;Reaction engines, except turbo-jets
84122110;Hydraulic cylinders
84122190;Ot.hydr.power eng.motors, with linear acting cylinders
84122900;Other hydraulic power motors
84123110;Hydraulic cylinders
84123190;Ot.pneumatic power motors, with linear acting cylinders
84123900;Other pneumatic power motors
84128000;Other engines and motors
84129010;Parts of reaction propellers
84129020;Parts of vapour machines, with linear acting cylinders
84289090;Other elevators machinery of loading or unloading, etc
84291110;Bulldozers and angledozers, of a flywheel power>=520hp
84291190;Other bulldozers and angledozers, of a flywheel
84291910;Other bulldozers, of a flywheel power>=315hp
84291990;Other bulldozers and angledozers
84292010;Articul.levellers with engin.of a flywheel power>=275hp
84292090;Other graders and levellers
84293000;Scrapers, self-propelled
84294000;Tamping machines/road rollers, self-propelled
84295111;Loaders-carriers,  of a kind used in mines
91101110;Complete watch, unassembled,w ristwatches,pocket,etc
91101190;Complete watch unassembled,f/oth.watch movements
91101200;Incomplete movements assemb.f/watch movements appar.
91101900;Rough movements,f/watch movements apparatus
91109000;Complete watch unassembled f/watch movements appar.
91111000;Cases f/wristwatches/pocket,of precious metal,etc.
91112010;Cases f/wristwatches/pocket,alloy copp.and zinc,sketch
91112090;Cases f/wristwatches/pocket,of other base metal
91118000;Cases f/wristwatches/pocket,of other material
36030010;Safety fuses
36030020;Detonating twine
29371090;Oth.horm.of the wolf before of the hypophysis, etc deriv
29371100;Somatropin, its derivatives and structural analogues
29371200;Insulin and its salts
29371910;Acth (corticotrophin)
29371920;Hgc (chorionic gonadotrophin)
29371930;Pmsg (serum gonadotrophin)
29371940;Menotrophins
29371950;Oxytocin
29394990;Other derivatives of ephedrine and its salts
29223029;Ketamine and other salts
29223030;Amfepramone
29223031;Amfepramone
29223032;Methadone
29223033;Normethadone
29223039;Amfepramone, methadone or normethadone salts
29223090;Oth.amino-aldehydes, amino-ketones, amino-quinones, salts
29223111;Amfepramone
29223112;Amfepramone salts
29223120;Methadone and its salts
29223130;Normethadone and its salts
29223910;Aminoanthraquinones and their salts
29223921;Ketamine hydrochloride
29223929;Ketamine and other salts thereof
29223990;Other amino-aldehydes, amino-ketones, etc.
29224110;Lysine
29224190;Lysine, its esters and salts
29224210;Glutamic acid
29224220;Salts of glutamic acid
29224300;Anthranilic acid and its salts
29224410;Tilidine
29224420;Salts of tilidine
29224910;Glycine and its salts
29224920;Ethylenediamine tetraacetic acid (edta) and its salts
29224931;Iminodiacetic acid
29224932;Salts of iminodiacetic acid
29224940;Diethylenetriamine pentacetic acid and its salts
30039069;Medicament c/oth.organic tiocompounds, exc.in doses
30039071;Medicament c/terfenadine/talniflumate, etc.exc.in doses
30039072;Medicament c/nimodipine/nitrendipine, etc.exc.in doses
30039073;Medicament c/oxfendazole/albendazole, etc.exc.in doses
30039074;Medicament c/triazolam/alprazolam, etc.exc.in doses
30039075;Medicament c/phenytoin/its sodium salt, etc.exc.in doses
30039076;Med.c/2-(2-methyl-3-chloroanilino)nicot.acid exc.doses
30039077;Medicament c/nicarbazine/norfloxacin, etc.exc.in doses
30039078;Medicament c/cyclosporin, fluspirilene, etc.exc.in doses
30039079;Medicament c/oth.hetero-atom, heterocyc.comp.exc.doses
30039081;Medicament c/levamisole/its salts, etc.exc.in doses
30039082;Medicament c/sulfadiazine/its sodium salt, etc.exc.doses
30039083;Medicament c/ketazolam/sulpiride, etc.exc.doses
29309093;Methylenebis(thiocyanate)
29309094;Dimethylthiophosphoramide
29309095;O-ethyl s-phenyl ethylphosphonothiolothionate (fonofos)
29309096;Alkyl hydrogen (c1 to c3) phosphonothiolothionate of
29310090;Other organo-inorganic compounds
29311000;Chumbo tetrametila e chumbo tetraetileno
29312000;Compostos de tributilestanho
29319021;Bis (trimethylsilyl) urea
29319029;Outros compostos organossilicicos
29319031;"Ethephon; difenylphosphonate (4,4-bis)"
29319032;Glyphosate and its salt of monoisopropilamine
29319033;Etidronate disodium
29319034;Trichlorfon
29319035;Glufosinate ammonium
29319036;Hidrogenophosphonate bis (2-ethylhexyl)
29319037;"Acido fosfonometiliminodiacetico;acid trimetilfosfonico"
29319038;"Clodronic acid and its disodium salt; fotemustine"
29319041;Acetato de trifenilestanho
29319042;Tetraoctilestanho
29319043;Ciexatin
29319044;Hidroxido de trifenilestanho
29319045;Oxido de fembutatin (oxido de fenbutatin)
29319046;Sais de dimetil-estanho,etc.do acido carboxil/tioglicol
29339946;Enalapril maleate
29339947;Ketorolac tromethamine salt
29339949;Other heterocyclic compounds cont.pyrrole ring
29339951;Benomyl
29339952;Oxfendazole
29339953;Albendazole and albendazole sulphoxide
29339954;Mebendazole
29339955;Flubendazole
90011020;Optical fibre bundles and cables
90012000;Sheets and plates of polarising material
90013000;Contact lenses
90014000;Spectacle lenses of glasses
90015000;Spectacle lenses of other materials
90019010;Other lenses, not mounted
90019090;Prisms,mirrors and other optical elements, not mounted
90021110;Mounted object.lenses,f/photog.cameras or f/project.etc
85191000;Coin- or token-operated record-players
85192000;Coin- or token-operated record-players
85192100;Record-players without loudspeaker
85423120;Microcontrollers,mounted,f/surface mounted device (smd)
85423190;Other integrated circuits
87089491;Steering wheels for motorized vehicles
87089492;Steering columns for motor vehicles
87089493;Steering boxes for motor vehicles
87089510;"Inflatable bags of safety with system of inflating (""airbags"")"
87089521;"Inflatable bags for ""airbags"""
94051099;Chand.and elect.lamps ligh.fittin.oth.mat.f/ceil/wall
94052000;Bedside or office electric lamps,etc
94053000;Lighting sets for christmas trees
94054010;Oth.electric lamps and lighting fittings,of base metal
94054090;Oth.electric lamps and light.fittings,of oth.materials
94055000;Non-electrical lamps and lighting fittings
94056000;Illuminated signs,illuminated name-plates,etc.
90281019;Other compressed natural gas meters, electronic
90281090;Other gas meters
90282010;Liquid meters, weight <= 50kg
90282020;Liquid meters, weight > 50kg
90283011;Monophase meters,p/alter.elec.current,digital
90283019;Other monophase meters,p/alter.elec.current
90283021;Electricity two-phase meters,digital
90283029;Other electricity two-phase meters
90283031;Electricity triphases meters,digital
90283039;Other electricity triphases meters
90283090;Other electricity meters
85331000;Electrical resistors, fixed, carbon, agglom./layers
85332110;Electrical resistors, fixed, f/pot<=20w, of thread
85332120;Electric.resistors, fixed, f/pot<=20w, f/surf.moun.device
85332190;Other electric.resistors, fixed, f/pot<=20w
85332900;Other electric.resistors, fixed
85333110;Potentiometers for potencyu <= 20w
85333190;Oth.wirewound variable resistors(electrical)/pot<=20w
85333910;Other potentiometers
85333990;Other wirewound variable resistors (electrical)
85334011;Thermistors
85334012;Varistors for a voltage not exceeding 1000 V
85438950;Aerial simulators for transmitters, pot>=25kw
85438990;Oth.electric.mach.apparatus,having individual functions
85438991;Text terminals,oper.with baudot´s code transm.,etc
85438999;Oth.electric.mach.apparatus,having individual functions
85439010;Parts of video radio-freq.amplifier mach.appar.etc.
85439090;Parts of oth.electr.mach.apparatus,having indiv.funct.
85441100;Insulated coppe wire f/winding,f/elect.use
85441910;Insulated alluminium wire f/winding,f/elect.use
85441990;Other insulated wires f/winding,f/elect.use
85442000;Co-axial cables and oth.co-axial electr.conductors
85443000;Ignition wiring sets and other wiring sets used in veh.
85444100;Oth.electr.conductors with connection fitting,tens<=80v
87162000;Trailers/self-unload.semi-trailers,etc.f/agricul.purp.
87163100;Tanker trailers for the transport of goods
87163900;Oth.tanker trailers semi-trailers f/the transp.of goods
87164000;Other tanker trailers semi-trailers
87168000;Other vehicles no no self-propellers
87169010;Chassis for trailers and semi-trailers
87169090;Oth.parts of trailers/semi-trailers/vehicl.n/self-prop.
88010000;Gliders and hang gliders
88011000;Gliders and hang gliders
85176253;Text terminals that oper.with baudot´s code transm.
85176254;Hubs
85176255;Modems for telecom. (dig.port)
85176259;Other equip. of term. or repeat.
85176261;Transm./recep. appar/equip.of trunk system
85176262;Transm./recep. appar/equip.of cellular telephony
85176263;Transm./recep. appar/equip.of telec.by satellite
85176264;Transm./recep. appar/equip.for  sat . dig. oper. band c, ku
85176265;Other transm./recep. appar./equip.for satellite
85176271;Portable.term.of amateur radio (ham) system, transm.<=112kbits/s
85176272;Radio/teleph. appar/equip.dig. freq<15ghz, rate<=34mbits/s
85176277;Transm/.recep.appar./equip.dig.p/radiotel.freq<15ghz
85176278;Rad. appar./equip., dig.freq. <=23ghz, rate <=8mbits/s
29252030;Amitraz
29252040;Pentamidine isethionate
29252050;Methyl n-(3, 7-dimethyl-7-hydroxyoctylidene)anthranilate
29252060;Chlordimeform
29252090;Other imines, their derivatives and their salts
29252100;Chlordimeform
29252911;L-arginine aspartate
29214211;Sulphanilic acid and its salts
29214219;Other aminebenzenesulphonics acid, and their salts
29214221;3, 4-dichloroaniline and its salts
29214229;Other chloroaniline and its salts
29214231;4-nitroaniline
29214239;Other nitroaniline and their salts
29214241;5-chloro-2-nitroaniline
29214249;Other chloronitroaniline and its salts
29214290;Other aniline derivatives and their salts
29214311;O-toluidine
28111100;Hydrogen fluoride (hydrofluoric acid)
28111910;Aminosulphonic acid (sulphamic acid)
28111920;Phosphonic acid (phosphorous acid)
28111930;Perchloric acid
28111940;Fluoroacids and other compounds of fluorine
28111950;Hydrogen cyanide
28111990;Other inorganic acids
28112100;Carbon dioxide
28112210;Silicon dioxide obtained by chemical precipitation
28112220;Silica aerogel (silicon dioxide)
28112230;Silica gel (silicon dioxide)
28112290;Other silicon dioxide
28112300;Sulphur dioxide
28112900;Other inorganic oxygen compounds of non-metals
29319072;Metilfosfonocloridato de o-isopropila
29319073;Metilfosfonocloridato de o-pinacolila
28121023;Carbon chloride oxide (carbonyl chloride, phosgene
28121029;Other chloride oxides of non-metals
28129000;Other halogen and halogen oxide compounds of non-metals
28131000;Carbon disulphide
28139010;Diphosphorus pentasulphide
28139090;Oth.sulphides of non-metals com.phosphorus trisulphide
28141000;Anhydrous ammonia
28142000;Ammonia in aqueous solution (ammonia)
28151100;Sodium hydroxide (caustic soda) solid
28151200;Sodium hydroxide in aqueous solut.(soda lye)
28152000;Potassium hydroxide (caustic potash)
28153000;Peroxides of sodium or potassium
28161010;Hydroxide of magnesium
28161020;Peroxide of magnesium
28162000;Oxide, hydroxide and peroxide, of strontium
28163010;Hydroxide of barium
28163090;Oxide and peroxide of barium
28164010;Hydroxide of barium
28164090;Oxides, hydroxides and peroxides of strontium,  etc
28170010;Zinc oxide
28170020;Zinc peroxide
28181010;Artif.corundum, white, through sieve with apert.of<=63 m
29031990;Other derivatives chlorinated saturated of cyclic hydrocarbons
29333957;Nimodipine
29333959;Other heterocyclic compounds alcohol func.carb.acid etc
29333981;Benzetamide hydrochloride
29333982;Mepivacaine hydrochloride
29333983;Bupivacaine hydrochloride
29333984;Paraquat dichloride
29333985;4-cyano-1-methyl-4-phenazopyridine and its salts
29333986;Phencyclidine and its salts
29333987;Phentanyl and its salts
29333989;Oth.heterocyclic comp.with piridine, n/rad.alkyle, etc
29333991;Phenazopyridine hydrochloride
29333992;Isoniazid
29333993;3-cyanopyridine
29333994;4, 4'-bipiridine
29333995;Bezitramide
29333996;Dipipanone and its salts
29181690;Gluconic acid, its other salts and esters
29181700;Phenyl glicolic acid(mandelic ac.), its salts and esters
29181800;Chlorobenzilate
29181910;Bromopropylate
29181921;Ursodiol (ursodeoxycholic acid)
29181922;Chenodeoxycholic acid
29181929;Biliar acid, its other salts, esters and derivatives
29181930;12-hydroxystearic acid
29181941;Benzylic acid (2, 2-diphenil-2-hidroxyacetic acid)
29181942;Salts of benzylic acid
29181943;Esters of benzylic acid
76141090;Plaited bands, etc.alumin., with steel core, n/elec.insul.
76149010;Plaited bands, etc.alumin., with steel core, n/elec.insul.
76149090;Other cables, plaited bands, etc.n/electrically insulated
76151000;Household articles and parts thereof, of aluminum
76151100;Sponges, scrubbers, etc.of aluminium, f/cleaning/polishing
76151900;Oth.articles of aluminium, use domestic and their parts
76152000;Articles of aluminium, sanitary ware and parts thereof
30022028;Vaccines anticatarrh and antipyogen, in doses
29225019;Phenylephrine and its others salts
29225021;Propaphenone chloride
29225029;Propaphenone and its others salts
29225031;Levodopa
29225032;Metildopa
29225039;Other derivatives and salts of tyrosine
29225041;Metoprolol tartrate
29225049;Metoprolol tartrate and its other salts
29225050;Propanolol and its salts
29225091;Sodium n-[1-(methox.)propen-2-yl]-a-am.-p-hydr.(napoh)
29225099;Oth.amino-alcohol-phen., amino-acid-phen., etc.oxig.func
29231000;Choline and its salts
29329924;Merbromin
29329991;Amiodarone hydrochloride
29329992;1, 3, 4, 6, 7, 8-hexahydro-4, 6, 6, 7, 8, 8-hexamethylcyclop.etc
29329993;Dibenzylidene-sorbitol
29329994;Carbosulfan(dibutylaminothio)methylcarbamate of 2, etc.
29329995;Tetrahydrocannabinol and its isomers
29329999;Oth.heterocyclic compounds with oxygen hetero-atoms
29331111;Dipyrone
29331112;Magnopyrol
29331119;Other acid 1-phenil-2, 3-dimethyl-5-pyrazolone-4-...
29331120;Methylenebis(4-methylamino-1-phenyl-2, 3-dimethyl)pyraz.
30039046;Medicament c/phenylephrine hydrochloride, etc, exc.doses
29305010;Captafol
29305020;Methamidophos
29309011;Thioglycolic acid and its salts
29309012;Cysteina
29349927;Stavudine
29349929;Oth.heterocyclic compounds with 3 nitrogen hetero-atom
29349931;Ketoconazole
29349932;Prazosin hydrochloride
29349933;Talniflumate
29349934;Nucleic acids and their salts
29349935;Propiconazole
29349939;Oth.heterocyclic compounds with nitrogen hetero-atom
29349941;Thiophene
29349942;6-aminopennicillanic acid
29349943;7-aminocephalsporanic acid
29349944;7-aminodesacetoxycephalosporanic acid
29349945;Chlormezanone
29349946;9-(n-methyl-4-piperidinylidene)thioxanthene
29349949;Oth.heterocyclic compounds with sulfur hetero-atom
29349951;Tebuthiuron
30021036;Interferon beta
30021037;Human serum albumin
30021038;Human antibody with specificity trans-membrane antigen
30021039;Oth.blood fractions, modified immunol.products medicine
30022011;Vaccines against flu, except in doses
30039094;Medicament cont.silymarin group, exc.in doses
29334020;Oxaminiquine
29334030;Broxyquinoline
29334041;Levorphanol
29362710;Vitamin c (l- or dl-ascorbic acid), unmixed
29362720;Sodium ascorbate, unmixed
29362790;Other derivatives of vitamin c, unmixed
29362811;L- or dl-a-tocopherol, unmixed
29339013;Pindolol
29339019;Oth.heteroc.compounds 1 triazine ring n/condensed, etc.
28469020;Other rare-earth metal chlorides
28469030;Dimeglumine gadopentate
28469090;Other compounds rare-earth metal, of yttrium, etc
28470000;Hydrogen peroxide
28480010;Aluminium phosphide
28480020;Magnesium phosphide
28480030;Copper phosphide, weighing >15% phosphorus
28480090;Other phosphides, whether or not chemically defined
29089911;4, 6-dinitro-o-cresol and its salts
29089912;P-nitrophenol and its salts
29089913;Picric acid
29089919;Other nitrate derivatives and their salts
29089921;Diisophenol
29089929;Other nitrohalogenated derivatives
29089930;Sulphontes derivatives of phenols, their salts and esters
29089990;Other der.hal.sulf.nitrat.-alcohols
95066100;Balls for tennis, except for table-tennis
95066200;Inflatable balls
95066900;Other balls
95067000;Ice skates and roller skates,incl.skates attached
95069100;Articles and equip.f/general physical exercise,gymn.etc
95069900;Articles and equip.f/other sports and swimming pools
95071000;Fishing rods
95072000;Fish-hooks, whether or not snelled
95073000;Fishing reels
95079000;Other itens for fishing with line, nets, etc
95080000;Roundabouts,swings/oth.fairground amusemen.circuses,etc
95081000;Circuses and travelling menageries
95089000;Roundabouts, swings and other amusements
95089010;Roller coaster with a course of 300 m or more
95089020;Carrousels, with a diameter of 16 m or more
95089030;Wagons of the type used in roller coasters c>=6passeng.
90183190;Syringes of other material,with or without needles
90183211;Tubular metal needles, gums
90183212;Tubul.needles,of steel chrome-niquel/three-sided bisel
90183219;Other tubular metal needles
90183220;Needles for sutures
90183910;Other needles
87043110;Chassis fitted with motor explosion and cab,wei<=5t
90131010;Telescopic sights for fitting to arms
90131090;Periscopes,telescopes f/optical mach.appl.instruments
90132000;Lasers, other than laser diodes
90138010;Liquid crystal devices (lcd)
85199200;Pocket-size cassette-players
85199300;Other cassette-players
85199910;Sound reproduc.appar., with laser optical readin.system
85199990;Other apparatus for sound reproduction
85201000;Dictating mac.with disp.of sound recor.ext.source power
85202000;Telephone answering machines
85301010;Digital elec.appar.f/control of railways traffic
85301090;Oth.electrical signalling appar.etc.for railways
85308010;Digital elec.appar.f/control of self-driven traffic
85308090;Oth.electrical signalling appar.etc.f/terrest.roads, etc
85437012;Radio-freq. amplifier for microwave with low noise temp.<55k
85437013;Radio-freq. amplifier for distribution of signs for television
85437014;Other radio-freq amplifier for microwave sign recept.
85437015;Other radio-freq amplifier for microwave sign transm.
85437019;Other radio-freq. amplifiers
85437020;Apparatus to electrocute insects
85437031;Gener.of special effects with man.2 or 3 dimen. +d/10 inputs
90138090;Other devices,optical appliances and instruments
90139000;Parts and access.of telescopic sights,periscopes,etc.
90141000;Direction finding compasses
90142010;Height measure for aeronautical or space navigation
90142020;Automat.pilots f/aeronautical or space navigation
90142030;Inclinometers for aeronautical or space navigation
90142090;Oth.instrum.and applian.f/aeronautical/space navigation
90148010;Echo sounding or ultrasonic sounding f/navigation
90148090;Other instruments and appliances f/navigation
90149000;Parts and acess.f/instrum.and appliances f/navigation
90151000;Rangefinders
90152010;Theodolites and tachymeters,with prism,etc.prec=1sec
90152090;Other theodolites and tachymeters
90153000;Levels
90154000;Photogrammetrical,surveying instruments and appliances
90158010;Bucket-wheel current meters/hydrometric paddle wheels
85252013;Digit.trans.appar.f/voice/data, oper.c, ku, l or s band
85252019;Ot.transmission appar. inc.recep.of satellite telecom.
85252021;Transmis.appar./recep.of cellul.telefhon.f/base station
85252022;Portable apparatus of cellular telephonic
87089522;Airbag inflator for device of safety
87089529;Outras partes e acess.de carrocarias p/veic.automoveis
87089900;Other parts and access.f/tractors and motor vehicles
87089910;Device f/command,acceler.,brake,etc.f/motor vehicles
87089990;Other parts and access.f/tractors and motor vehicles
87091100;Elect.works trucks,n/fitted with lift.equip.in fact.etc
87091900;Oth.works trucks,n/fitted with lift.equipm.in fact.etc
87099000;Parts of works trucks,n/fitted with lift.equip.fact.etc
87100000;Vehicles and cars armored of combat and its parts
87111000;Motorcyc.etc.with recip.int.comb.pist.engine cyl<=50cm3
87112010;Motorcyc.with recip.int.comb.pist.eng.50cm3<cyl<=125cm3
87112020;Motorc.with recip.int.comb.pist.eng.125cm3<cyl<=250cm3
90200010;Gas masks
90200090;Other respiration apparatus
90211010;Articles and orthopaedic appliances
90211020;Articles and fracture appliances
90211091;Parts/access.of articles/orthopaedic appliances,articul
90211099;Other parts/access.of orthopaedic/fracture
85437032;Digital character generators
85437033;Frame synchroniz/curr. time base recorders
85437034;Controllers of edition for video
85437035;Real time digital mixers with 8 or more inputs
85437036;Routing switches for  more than 20 inputs  and more than 16 outputs
85437039;Other aux. machinery for video
29342010;2-mercaptobenzothiazole and its salts
29342020;2, 2'-dithiobis(benzothiazole)(benzothiazole disulphide)
29400021;Lactobionic acid
29400022;Calcium lactobionate
29400023;Calcium bromolactobionate
29400029;Other salts, derivat.sulf.halogenat.etc.lactobionic acid
29400091;Thiocolchicoside
29400092;Calcium or sodium fructose-1, 6-diphosphate
29310036;Bis(2-ethylhexyl) hydrogenphosphonate
29310037;Phosphonomethyliminodiacetic acid and trimethylph.acid
29095011;Triclosan
29095012;Eugenol
29095013;Isoeugenol
29095019;Other ether-phenols
29095090;Ether-alcohol-phenols and their halogenated deriv., etc
29096011;Alcohol peroxides of diisopropylbenzene
29211129;Other salts of dimethylamine
29211131;Trimethylamine
29211132;Trimethylamine hydrochloride
29211139;Other salts of trimethylamine
29211210;Diethylamine
29211220;"Ethamsylate (""ethamsylate"")"
29211290;Other salts of diethylamine
29211911;Monoethylamine and its salts
29211912;Triethylamine
29211913;Bis(2-chloroethyl)ethylamine)
29211914;Trichlormethine (inn) (tris(ß-chlororethyl)amine)
29211915;Salts of dimethylamine, except ethamsylate
29211919;Other ethylamine and its salts
29211921;Mono-n-propylamine and its salts
29211922;Di(n-propylamine) and its salts
29211923;Monoisopropylamine and its salts
29211924;Diisopropylamine and its salts
29211929;Other n-propylamine, isopropylamine and its salts
29211931;Diisobutylamine and its salts
29211939;Other butylamine and its salts
29211941;Methyldialkylamines
29211949;Monoakyl and other dialkilamines, alkyla(c10 to c18)
29349024;Furazolidone
29349025;Cytarabine
29349026;Oxadiazon
29349027;Haloxazolam
30022012;Vaccines against poliomyelitis, except in doses
30022013;Vaccines against hepatitis b, except in doses
30022014;Vaccines against measles, except in doses
30022015;Vaccines against meningitis, except in doses
30022016;Vaccines against rubella, measles, mumps, except in doses
30022017;Other triple vaccines, except in doses
30022018;Vaccines anticatarrh and antipyogen, except in doses
30022019;Other vaccines for human medicine, except in doses
30022021;Vaccines against flu, in doses
30022022;Vaccines against poliomyelitis, in doses
30022023;Vaccines against hepatitis b, in doses
30022024;Vaccines against measles, in doses
30022025;Vaccines against meningitis, in doses
30022026;Vaccines against rubella, measles, mumps, in doses
30022027;Other triple vaccines, in doses
29241094;Diethanolamines of c12 to c18 fatty acids
29241095;Meprobamate
29241099;Other acyclic amide, its derivatives
29241100;Meprobamate (inn)
29241210;Fluoroacetamide
29241220;Phosphamidon
29349044;7-aminodesacetoxycephalosporanic acid
29349045;Chlormezanone
29349046;9-(n-methyl-4-piperidinylidene)thioxanthene
29349047;Suphentanil and its salts
29349049;Oth.heteroc.comp.hetero-atom<=2 sulphur, incl.nitrogen
29349051;Tebuthiuron
29349052;Tetramisole
29349053;Levamisole and its salts
29419049;Other aminoglycosides and its salts
29419051;Spiramycin embonate (spiramycin pamoate)
29419059;Other macrolids and its salts
29419061;Nystatine and its salts
29419062;Amphotericin b and its salts
29419069;Polyenes and its salts
29419071;Monensin sodium
29419072;Narasin
29419073;Avilamycins
29419079;Other polyethers and its salts
29419081;Polymyxins and their salts
29419082;Colistin sulphate
29419083;Virginiamycins and their salts
29419089;Other polypeptides and its salts
29419091;Griseofulvin and its salts
29419092;Tiamulin fumarate
29419099;Other antibiotics
29420000;Other organic compounds
29420010;Mercuric acetylacetonate
29420090;Other organic compounds
91132000;Bracelets for watches, of base metal
91139000;Bracelets f/watches,of oth.material and parts thereof
91141000;Springs f/watch apparatus,incl.hair-springs
91142000;Jewels for watch apparatus
91143000;Dials for watch apparatus
91144000;Plates and bridges for watch apparatus
91149010;Crowns for watch apparatus
85252030;Transm.appar./recep.of type modems
85252041;Transm.appar./recep.of radio-broadcasting
85252042;Transm.appar./recep.of television, frequency>7ghz
85252049;Oth.transm.appar./recep.of television
85252051;Transm.appar./recep.of trunking syst.f/switchboard
85252052;Portable apparatus of trunking system
85252053;Fixed appar.trunking system, without inter.power source
85252054;Portable apparatus trunking system, f/motor vehicles
85252059;Other transm.appar./recep.of trunking system
85252061;Transm.appar./recep.of radio-teleph.anal.portable, etc.
85412110;Transistors with dissipation capacity<1w,not mounted
85412120;Transistors with dissip.cap.<1w,mounted,f/surf.mout.dev
85422125;"Monolithic integrated circuits,mounted,""chipset"""
87085090;Drive-axles with differential f/motor vehicles
90211110;Prostheses articulate,femoral
90211120;Prostheses articulate,myoelectric
90211190;Other prostheses articulate
90211910;Articles and orthopaedic appliances
90211920;Articles and fracture appliances
90211991;Parts and access.of articles and orthopaed.appl.artic.
90211999;Parts and access.of prostheses articulate/orthop.appl.
90212110;Acrylic artificial teeth
90212190;Other artificial teeth, except of acrylic
90212900;Other articles and dental fittings appliances
90213011;Mechanical heart valves
90213019;Heart valves exc.mechanical
90213020;Intra-ocular lenses
90213030;Prostheses of covered vascular arteries
90213040;Mammary prostheses n/implant
85279120;Other radio-broad.recep.appar/equip. comb. with disc./cass.play. and rec.
85279190;Other recep.appar.comb.with appar. sound. reprod./grab.
85279200;Other no commerc.recep.with rep./rec.apar/equip., comb. with clock
85279910;Tuning amplifiers (receiver)
85279990;Other radio-broad.recep.appar./equip. with radiotel./radioteleg.
88023021;Airplanes,turbopr.etc.multi-engine,2t<weight<=7t,empty
88023029;Oth.airplanes,turboprop,etc.2t<weight<=7t,empty
88023031;Airplanes,turbojet,etc.2000kg<weight<=7000kg,empty
88023039;Oth.airplan. turbojet,etc.7000kg<weight<=15000kg,empty
88023090;Oth.airplan./aircraft,2000kg<weight<=15000kg,empty
88024010;Airplanes,turboprop,etc,weight>15000kg,empty
88024090;Oth.airplanes/aircraft,weight>15000kg,empty
90183921;Probes, catheters and stems, of rubber
85253090;Other television cameras
85254000;Still image video cameras and oth.video camera
85254010;Video camera with 3 or more image recorders
85254020;Oth.video cameras f/capturing infrared spectrum
85254090;Other video cameras
85255011;Apparatus for broadcasting on am
85255012;Apparatus for broadcasting on fm
85255019;Other transm. appar./equip. for radio-broadcasting
85255021;Appar. of television, with freq.>7ghz
85255022;Appar. of telev., uhf band, 2.0 to 2.7 ghz, pot. 10 to 100w
85255023;Appar. of telev., uhf band, output pot.>10kw
87085091;Axles and parts except. drive/trac./dumpers
87085099;Other axels and its parts,f/motor vehicles
87086010;Oth.axels and its parts,f/dumpers/tractors exc.road
87086090;Other axels and its parts,f/motor vehicles
87087010;Wheels of propellers axels its parts,f/dumpers/tractors
87087090;Other wheels,its parts and acess.f/motor vehicles
87088000;Suspension shock-absorbers f/tractors and motor vehic.
87089100;Radiators f/tractors and motor vehicles
87089200;Silencers and exhaust pipes f/tractors and motor vehic.
87089300;Clutches and parts thereof f/tractors and motor vehic.
87089411;Steering wheel  f/dumpers/tractors exc.road
87089412;Steering columns f/dumpers/tractors exc.road
87089413;Steering boxes f/dumpers/tractors exc.road
87089481;Steering wheels for motorized vehicles
87089482;Steering columns for motor vehicles
87089483;Steering boxes for motor vehicles
85231110;Magnetic tape-type n/recorded w<=4mm, in cassettes
85231190;Other magnetic tape-type n/recorded w<=4mm
85231200;Magnetic tape-type n/recorded 4mm<w<=6.5mm
85281210;Integ.receiver-decoder of dig.signs codif.videos colour
29399911;N-butylscopolammonium bromide
29399919;Escopolamine and other  derivatives and its salts
29399920;"Theobromine and its derivatives; salts thereof"
29399931;Pilocarpine, its nitrate and its hydrochloride
29399939;Salts of pilocarpine
29399940;Thiocolchicoside
29399990;Other vegetable alkaloids, natural, etc.
29400011;Galactose
29400012;Arabinose
29400013;Ramnose
29400019;Other sugars, chemically pure
29215190;Other derivatives of diaminotoluenes and its salts
29215911;3, 3'-dichlorobenzidine
29215919;Benzidine, its other derivatives and salts
29215921;4, 4'-diaminophenylmethane
29215929;Other diaminophenylmethane
29215931;4, 4'-diaminodiphenylamine and its salts
29215932;4, 4'-diaminodiphenylamino-2-sulphonic acid and salts
29215939;Other diaminodiphenylamine, its derivatives/salts
29215990;Other aromatic polyamine, its derivatives and its salts
29221100;Monoethanolamine and its salts
29221200;Diethanolamine and its salts
29221310;Triethanolamine
29211123;Dimethylamine methylchlorophenoxyacetate
27141000;Bituminous or oil shale and tar sands
27149000;Bitumen and asphalt, natural, asphaltites, asphaltic rocks
27150000;Bituminous mixt.based on natural asphalt, of bitumen, etc
27160000;Electrical energy
28011000;Chlorine
28012010;Iodine sublimed
28012090;Other forms of iodine
28013000;Fluorine and bromine
28020000;Sulphur, sublimed or precipitated and  colloidal sulphur
28030011;Carbon blacks
28030019;Other carbon blacks
28030090;Other forms of carbon
28041000;Hydrogen
28042100;Argon (rare gases)
28042910;Liquid helium (rare gases)
28042990;Other gases rare
28043000;Nitrogen
28044000;Oxygen
28045000;Boron and tellurium
28046100;Silicon,  containing by weight>= 99.99% of silicon
28046900;Other silicons
28047010;White phosphorus
28047020;Red or amorphous phosphorus
28047030;Black phosphorus
28048000;Arsenic
28049000;Selenium
28051100;Sodium (alkali metals)
28051200;Calcium
28491000;Carbide of calcium
29333949;Other compounds cont.cycle piridine n/condensed
29333951;Pipradrol (pipradol) and its salts
29333952;Pethidine
29333953;Trimeperidine
29263020;Methadone intermediate
29269011;Verampil
29269012;Verampil hydrochloride
29269019;Other salts of verampil
29269021;Alpha-cyano-3-phenoxybenzyl alcohol
29269022;Cyfluthrin
29269023;Cypermethrin
29269024;Deltamethrin
29269025;Fenvalerate
29269026;"Cyhalothrin (""cyhalothrin"")"
29269029;Oth.esters derivativ.alpha-cyano-3-phenoxybenzyl alcohol
29269030;Salts of methadone intermediate
29269031;Fenproprorex
29269032;4-cyano-2-dimethylamine-4, 4-diphenylbutane(methad.int.)
29334049;Salts and esters of levorphanol
29334090;Oth.heterocyclic comp.with 1 quinoleine ring, etc
29334110;Levorphanol
29334120;Salts of levorphanol
29334911;2, 3-quinolinedicarboxylic acid
29334912;Rosoxacin
29334913;I-mazaquin
29334914;Methylmercuric quinolinolate
29334915;Phenylmercuric 8-hydroxyquinolinolate
29334919;Other derivatives of quinolinedicarboxylic acid
87043190;Oth.motor vehicles with motor explosion,wei<=5t
87043210;Chassis fitted with motor explosion and cab,wei>5t
87043220;Motor vehicles with motor explosion/tipp.body wei>5t
87043230;Motor vehic.refriger.etc.with motor explosion,wei>5t
87043290;Oth.motor vehicles with motor explosion,wei>5t
87049000;Other motor vehicles for the transport of goods
87051000;Crane lorries
87051010;Crane lorries max.capac.of elevat.>=60t,telescopic stem
87051090;Other crane lorries
87052000;Mobile drilling derricks
87053000;Fire-fighting-vehicles
87054000;Concrete-mixer lorries
87059000;Other motor vehicles for special use
87059010;Lorries for profiling petroleum wells
87059090;Other motor vehicles for special use
87060010;Chassis with engines f/motor vehicles trans.persons>=10
85192900;Other record-players
85193000;Turntables without devices to amplify sound
85193100;Turntables with automatic exchanging  of disks
85193900;Other turntables
85194000;Transcribing mach.without dispos.of sound recording
85195000;Telephone answering machines
85198110;Sound reproduc.appar./equip., with laser optical readin.system
85198120;Sound recorders for aircraft cabin
85198190;Other recorders with magnet.suppor., without device sound reprod
85198900;Other appar./equip. of sound record./reprod.
85421329;Other semiconductors,mos tech.,mounted,f/surf.moun.dev
85421391;Other rom,prom,etc.memories mos tech.,acess<=25ns
85421392;Oth.microprocessors,of metallic oxide,mos technol.
85421393;Oth.microcontrollers,of metallic oxide,mos technol.
85421394;Other co-processors,of metallic oxide,mos technol.
85421395;"Ot.semiconductors ""chip set"",of metallic oxide,mos tec."
85421398;Oth. metallic oxide memoirs,mos technology
87082999;Other parts/access.of bodies f/motor vehicles
87083011;Mounted brakes and servo-brakes for dumpers and tractors
85364100;Relays for tension <= 60volts
85364900;Other relays, 60volts<tension<=1000volts
85365010;Switching units converters f/satel.telec.system, t<=1kv
85365020;High-power amplifier switc.units f/satel.telecom.t<=1kv
85365030;Digital encoder-switches, f/mounting in printed circuit
85365090;Other switches, etc.of electrical circuit f/tens.<=1kv
85366100;Lamp-holders, for tension <= 1 kv
85366910;Sockets, polarized and armoured, for tension<=1kv
84143099;Other compressors for refrigerating equipment
84144010;Air compressors, of alternative displacement
84144020;Air compressor, of screw, moun.wheeled chassis f/towing
84144090;Oth.air compressors, mount.on a wheeled chassis f/towing
84145110;Table fan, with electric motor, of potency<=125w
84145120;Celling fan, with electric motor, of potency<=125w
84145190;Other fans with electric motor, of potency<=125w
84145910;Micro-fans with bodies of a surface area<90cm2
84145990;Other fans
84304920;Other rotary boring machinery
84304990;Other boring machinery/perforation
84305000;Other self-propelled earth-moving, etc.
84306100;Tamping or compacting machinery, etc.exc.self-propelled
84306200;Ot.scraping-transpor.of earth, etc.exc.self-propelled
84306911;Front equipments f/dig-loaders, etc.cap>4m3
84306919;Other front equipments, etc.exc.self-propelled
84306990;Oth.levelling machinery, etc.exc.self-propelled
84311010;Parts of pulley tackles, hoists, winches, etc
84295119;Loaders-carriers,  of a kind used in mines
84295121;Motive infrastructure, f/receiving loaders, w>=609hp
84295129;Motive infrastructure, for receiving other loaders
84295190;Oth.loaders/shovel loaders, of front-end shovel loaders
84295191;Loaders/shovel loaders, of a flywheel power>=399hp
84295192;Loaders/shovel loaders, of a flywheel power<=59hp
73071920;Moulded fittings f/pipes of steel
73071990;Oth.mould.fittings f/pipes of malleable cast iron, etc.
73072100;Flanges for pipes of stainless steel
76121000;Collapsible tubular containers, c<=300l, n/fitted mechan.
76129011;Tubular containers of aluminium, c<=700cm3, for aerosols
76129012;Tubular containers alum.isorth.cooled liq.nitrog.<=300l
76129019;Other tubular containers, of aluminium, c<=300l
76129090;Oth.casks, etc.of aluminium c<=300l, n/fitted mechan.
76130000;Aluminium containers for compressed or liquefied gas
76141010;Wires/cables, of aluminium, with steel core, n/elec.insul.
90213091;Parts of prostheses modul.subst.infer.super.members
90213099;Parts and access.of oth.articles and prostheses appar.
90213110;Prostheses articulate,femoral
90213120;Prostheses articulate,myoelectric
90213190;Other artificial parts of the body
90213911;Mechanical heart valves
90213919;Other heart valves
90213920;Intra-ocular lenses
76161000;Tacks, nails, staples, screw, bolts, etc.of aluminium
84091000;Parts for aircraft engines
84099111;Connecting rods for combustion engines
90289010;Parts and accessories electricity meters
90289090;Parts and accessories f/gas/liquid meters
90291010;Revolution counters or product.counters/hour meters
90291090;Taximeters,totalizers of traveled road,etc
90292010;Speed indicators and tachometers
90292020;Stroboscopes
90299010;Parts and access.f/speed indicators/tachometers
90299090;Parts and access.f/other counters/stroboscopes
90301010;Instruments and apparatus for measuring radioactivity
95021090;Other dolls repres.human beings,whether or not dressed
95029100;Garments and acces.therefor f/dolls repres.human beings
95029900;Other parts and access.f/dolls repres.human beings
95030010;Wheeled toys f/children and dolls' carriages
95030021;Dolls activated by mechanism of rope or electric
95030022;Other puppets, even dressed
95030029;Other parts and accessories for dolls
95030031;Filled toys repres.animals, no hum. criatu.
95030039;Other toys repres.animals, no hum. criatu.
99999951;Return before DI (definitive export)
85363010;Gas spark plug
85363090;Other apparatus f/protec.electr.circuits f/tension<=1kv
84485110;Sinkers
84485190;Needles, etc.used in forming stitches
90302010;Cathode-ray oscilloscopes,digital
90302021;Analogical cathode-ray oscilloscopes,frequency>=60mhz
90302022;Vectorscope (analogical cathode-ray oscilloscopes)
90302029;Other analogical cathode-ray oscilloscopes
90302030;Cathode-ray oscillographs
90303100;Multimeters without recording device
90303200;Multimeters with recording device
85421921;Oth.rom, prom,etc.memoirs,mounted,f/surf.moun.dev.
85421928;Oth.memories,mounted,f/surface mounted device
85421929;Oth.dig.monolithic integ.circuits,moun.,f/surf.moun.dev
85421991;Other rom,prom,etc.memories,mounted
85421998;Other mounted memories
85421999;Other digital monolithic integrated circuits,mounted
85422110;Digital monolithic integrated circuits,n/mounted
85422121;Static memories (sram) with time<=25ns,mounted
85422122;Microprocessors,mounted,f/surface mounted device
85422123;Microcontrollers,mounted,f/surface mounted device
85422124;Co-processors,mounted,f/surface mounted device
90328100;Automatic hydraulic/pneumatic instruments and appar.
90328911;Automatic electronic regulators,of voltage
90328919;Other automatic electronic regulators,of voltage
90328921;Autom.electronic controllers f/anti-lock braking syst.
90328922;Autom.electronic controllers f/suspension systems
90328923;Autom.electronic controllers f/transmission systems
90328924;Autom.electronic controllers f/ignition systems
82015000;Scissors of pruning,  manipul.with 1 hand, common metals
82016000;Hedge shears, etc.manipul.with 2 hands, of common metals
82019000;Ot.hand tools of a kind used in agric.etc.common metals
82021000;Hand saws, of common metals
82022000;Band saw blades, of common metals
82023100;Circ.saws blade, com.metals, with working part of steel
82023900;Other circular saws blade, of common metals, incl.parts
82024000;Chain saw blades, of common metals
82029100;Straig.saws blades, of base metals, for working metals
82029910;Straigh.saws blade, toothless, bas.met., f/saws stone
82029990;Other blades saws, of base metals
82031010;Files and rasps, of base metals
82031090;Other hand tools, of base metals, equal files
82032010;Pliers of base metals
82032090;Pincers, tweezers, similar hand tools, of common metals
95063200;Balls for golf
95063900;Other equipment for golf
95064000;Articles and equipment f/table-tennis
95065100;Tennis rackets,whether or not strung
95065900;Tennis,badminton or similar rackets
90301090;Oth.instr.and apparatus f/measuring ionising radiations
94059100;Parts f/lamps and lighting fittings,of glass
94059200;Parts f/lamps and lighting fittings,of plastic
94059900;Parts f/lamps and lighting fittings,of other materials
94060010;Prefabricated greenhouses
90309020;Parts and access.f/measuring appar.etc.electr.rec.dev.
90309030;Parts and access.f/measuring appar.etc.electr.rec.dev.
90309090;Parts and access.f/oscilloscopes,oscillographs,etc.
90311000;Machines for balancing mechanical parts
73218200;Other heaters, etc.of iron/steel, for liquid fuel
73218300;Other heaters, etc.of iron/steel, for solid fuels
73218900;Other appliances of solid fuel
81071010;Cadmium in brute
81071090;Cadmium powders, including waste and scrap
81072010;Unwrought cadmium
81072020;Cadmium in powders
81073000;Waste and scrap cadmium
81079000;Articles of cadium
81081000;Unwrought titanium, waste, scrap and powders of titanium
81082000;Unwrought titanium and in powders
81083000;Waste and scrap titanium
81089000;Articles of titanium
81091000;Unwrought zirconium, waste, scrap and powders of zircon.
81092000;Unwrought zirconium, and zirconium in powders
81093000;Waste and scrap of zirconium
81099000;Articles of zirconium
81100010;Antimony in brute
81100090;Antimony articles, including waste and scrap
81101010;Unwrought antimony
81101020;Antimony powders
81102000;Antimony waste and scrap
81109000;Articles and other products of antimony
81110010;Manganese in brute
95030098;Other toys of friction,mechanical or spring-operated
95030099;Other toys of any kind
95031000;Electr.trains of toy.incl.tracks/signals/acces.therefor
94021000;Dentists', barbers', or similar chairs and parts thereof
94029010;Tables for surgical operation
94029020;Hospital beds with mechanical fittings
94029090;Other furnitures for medicine,surgery,dentistry,etc.
94031000;Metal furniture for offices
94032000;Other metal furniture
94033000;Wooden furniture for offices
94034000;Wooden furniture for kitchen
94035000;Wooden furniture for bedroom
94036000;Other wooden furniture
94037000;Furniture of plastics
94038000;Furniture of oth.materials,incl.cane,osier,bamboo,etc.
85334013;Other varistors
90273031;Spectrographs of optical emission(atomic emission)
90273039;Other spectrographs
90274000;Exposure meters
90275010;Colorimeters
90275020;Photometers
90275030;Refractometers
90275040;Saccharimeters
90275050;Flow cytometers
90275090;Oth.instr.and appar.using optical radiations
90189031;Lithotriptors using shock waves
90189039;Lithotomes and other lithotriptors
90189040;Artificial kidney
90189050;Diathermy apparatus
90189091;Artificial incubators for babies
90189092;Apparatus for measuring arterial pressure
90189093;Microwave intra-urethral therapy equipment,computer.
90189094;Endoscope
90189095;Clips,applicators ,extractors f/appar.used medical,etc
90189096;Automatic external defibrillators
90189099;Oth.instrum.and appliances used in medical,surgery,etc
90191000;Mechano-therapy appl.of massage/of psych.aptitude-testi
90192010;Oxygen therapy apparatus
90192020;Aerosol therapy apparatus
90192030;Artificial respiration apparatus
90192040;"Appliances known as iron lungs"""""
90192090;Ozone therapy apparatus and oth.of therapeutic respir.
91121000;Cases and similar for watch apparatus,of metal
91122000;Cases and similar of watch apparatus
91128000;Cases and similar f/watch apparatus,of other material
91129000;Parts f/cases and similar f/watch apparatus
91131000;Bracelets f/watches,of prec.metal,veneer,etc
92099200;Parts and access for string musical instruments
92099300;Parts and access f/organs of tubes and of keyboards,etc
92099400;Parts and acces.f/musical instr.with sound ampl.elect.
92099900;Parts and access. for other musical instruments
93010000;Military weapons,exc.revolvers,pitols and the arms
93011000;Artillery weapons (eg guns, howitzers, mortars)
93011100;Artillery weapons, self-propelled
93011900;Other artillery weapons
93012000;Rocket launchers,flame-throwers,grenade launcher,etc
93019000;Other military weapons
91149020;Hands for watch apparatus
91149030;Stems for watch apparatus
91149040;Yokes for watch apparatus
91149050;Balance staffs and pinions f/watch apparatus
91149060;Wheels fpr watch apparatus
91149070;Rotors for watch apparatus
91149090;Other parts and access.f/watch apparatus
8109011;Carambolas (Averrhoa carambola)
8109013;Jacas (Artocarpus heterophyllus)
8109014;Lechias (Litchi chinensis)
8109015;Maracujás (Passiflora edulis)
8109017;Tamarindos (Tamarindus indica)
20079926;Purês de cupuaçu (Theobroma grandiflorum)
20079927;Purês de mamão (papaia) (Carica papaya L.)
20098921;Água de coco (Cocos nucifera) com valor Brix não superior a 7,4
20098922;Água de coco (Cocos nucifera) com valor Brix superior a 7,4
90248019;Other machines and appliances for testing textile
90248020;Machin.and appl.f/testing paper,paperb.linoleum,etc
90248021;Machines for testing tires
90248029;Other machin.and appl.f/testing paper,paperb.linoleum,etc
90248090;Oth.machin.and appl.f/testing hardness,etc.of materials
90249000;Parts and acces.of mach.and appl.f/testing hardness,etc
90251110;Clinical thermometers,of liquid,of direct reading
90251190;Oth.thermometers and pyrom.of liquid,of direct reading
90251910;Optical pyrometers
90251990;Other thermometers and pyrometers
90258000;Hydrometers,areometers and other floating instruments
90259010;Parts and accessories of thermometers
90259090;Parts and access.of hydrometers and oth.instruments
90261011;Electr.measuring transmitters,operat.by electrom.induct
90261019;Oth.instrum.and applian.f/measuring/checking the flow
90261020;Instruments and applian.f/measuring/checking the level
90261021;Instrum.and appl.f/measuring/checking the level,metals
93052100;Parts and acces.f/shotguns/carbines,smooth barrel
93052900;Parts and acces.f/other shotguns/carbines
90314920;Laser instr.and appar.f/measur.thickn.motor vehic.tyres
90314990;Other optical instruments and apparatus
90318011;Dynamometers
90318012;Surface-finish testing instruments
90318020;Machines for taking three-dimensional measurements
90318030;Standard metres
90318040;Digital appar.used in motor vehicles (onboard computer)
90318050;Appar.f/analyzes of textile,contr.autom.data proces.mac
90318060;Load cells
95089090;Other roundabouts,swings and oth.amusements
96011000;Worked ivory and articles of ivory
96019000;Oth.animal carving mater.,articles incl.art.obt.b/mould
96020010;Gelatin capsules,edible
96020020;Artificial honeycombs
96020090;Ot.worked vegetable/mineral carving,artic.of these mat
96031000;Brooms and brushes,of vegetable material bound together
96032100;Toothbrushes,including brushes for dentures
96032900;Brushes of beard,brushes f/hair,eyelashes,etc
96033000;Artists' brushes,f/cosmetics products,etc.
96034010;Rollers for paint
96034090;Paint,distemper,varnish or similar brushes,pain pads
94051010;Scyalitic lamps
94051091;Chand.and elect.lamps ligh.fittin.of stone,f/ceil/wall
94051092;Chand.and elect.lamps ligh.fittin.of glass,f/ceil/wall
94051093;Chand.and elect.lamps ligh.fittin.base met.f/ceil/wall
84295199;Oth.loaders/shovel loaders, of front-end shovel loaders
73141300;Oth.woven cloth, of iron/steel, endless bands f/machin.
73141400;Other woven cloth, of stainless steel
73141900;Other woven cloth, of iron or steel
73142000;Grill/netting, of iron/steel wire, weld.intersec.s>=100m2
73143100;Grill/netting, of iron/steel wire, weld.intersec.galvanis
73143900;Oth.grill/netting, of iron/steel wire, weld.intersection
73144100;Other woven cloth, etc.of iron/steel wire, galvanised
73144200;Other woven cloth, etc.of iron/steel wire, cover.plastics
73144900;Other woven cloth, etc.of iron/steel wire
73145000;Foils and strips, expand.metal of iron/steel
73151100;Roller chain, of cast iron, iron/steel
73151210;Transmission chain, of cast iron, iron or steel
73151290;Oth.articulate links chain, iron or steel
90158090;Oth.instrum.and applian.used in geodesy,topography,etc
90159010;Parts and acess.of photogrammetric.instrum.and applian.
90159090;Parts/acess.of instrum./applian.used geodesy,topog.etc.
90179010;Parts and acces.of autom.drafting tables and machines
90179090;Parts and acces.of oth.drawing intruments,measured,etc
90181100;Electrocardiographs
90181210;Echographs with doppler spectrum analysis
90181290;Other appar. of eletrodiag. by ultrasonic scanning
90181300;Magnetic resonance imaging apparatus
85252062;Fixed appar., analog.portabl.single-chan.f/radio-teleph.
85252063;Portab.appar., analog.f/radio-teleph.of motor vehicles
85252069;Oth.transmission appar.analog.recep.f/radio-teleph.etc
85252071;Transm.appar./recep.dig.radio-teleph.f<15ghz, t<=8mbit/s
85252072;Transm.appar./recep.dig.radio-telep.f<15ghz, t<=34mbit/s
85252073;Appar.bidirectional radiop.base stations.t<=112kbits/s
85252074;Portable appar.bidirec.radiopaging t<=112kbits/s
85252079;Oth.transm.appar./radio-telep/digit.radioteleg.f<15ghz
85252080;Oth.transm.appar.digit.recep.f/radiotelegraphy, etc.
85252081;Transm.appar./recep.dig.radiotelep.f<=23ghz, t<=8mbit/s
99997102;Cut stones/worked of the  capitulate 71 of ncm
99997103;Jewelry store of gold of the capitulate 71 of ncm
99997104;Other articles of the capitulate 71 of ncm
99999900;Any other merchandise without exchange covering
99999960;Reexport (see Estate CO_UF 97)
39219013;Other sheets of tetrafluoroethylene copolymers reinforced with polytetrafluoroethylene fiber fabric of the type used as semipermeable membranes in electrolysis cells
85369060;Electrical current connector for use in hermetic refrigerating compressors
2109911;Chicken meat
38159093;Other catalytic preparations, having as their active substance rare earth oxides
85322420;Oth. fixed capacitors for insertion PHP - Pin Through Hole
85322120;Oth.elec.capacit., fixed of tantalus, f/insertion
2109990;Meat of other animals, salted, dried, etc.
2109930;Meat of horses
2109920;Meat of sheep
39079993;Copolymer of dimethyl terephthalate, cyclohexanedimethanol and isophthalic acid
39079994;Copolymer of dimethyl terephthalate, cyclohexanedimethanol and tetramethyl cyclobutanediol
39079995;Copolymer of dimethyl terephthalate, cyclohexanedimethanol and ethylene glycol
93063000;Other cartridges and parts thereof
93069000;Bombs,grenades,oth.munitions of war and parts thereof
93070000;Swords,cutlasses,bayonets,oth.arms and parts thereof
94011010;Ejector seats, for aircraft
94011090;Other seats for aircraft, except ejector seats
94012000;Seats for motor vehicles
94013010;Swivel seats with variable height adjustment,of wood
94013090;Swivel seats with variab.height adjustm.of oth.material
94014010;Seats convertible into beds, of wood
94014090;Seats convertible into beds,of oth.materials
90261029;Oth.instruments and appl.f/measuring/checking the level
90262010;Manometers
90262090;Oth.instrum.and appl.f/measuring/checking the pressure
90268000;Oth.instrum.and appl.f/measuring/checking  liquid,etc
90269010;Parts of access.instr.and appl.f/measur./checking level
90269020;Parts and accessories for manometers
90269090;Parts of access.f/oth.instr.and appl.f/meas./checking
90271000;Gas or smoke analysis apparatus
90272011;Chromatographs of gaseous phase
90272012;Chromatographs of liquid phase
90272019;Other chromatographs
90160010;Balances of a sensitivity of weight<=0.2mg
90160090;Balances of sensit.of 0.2mg<w<=50mg,with/without weig.
90171010;Drafting tables and machines,automatic
90171090;Other drafting tables and machines
90172000;Oth.drawing marking-out or mathemat.calcul.intruments
90173010;Micrometers(instrument of manual distances measure)
90173020;Micrometers(instrument of manual distances measure)
95032000;Oth.reduced-size,of toy,f/assembly kits
95033000;Other kits and toys for construction
95034100;Filled toys representing animals or non-human creatures
95034900;Other toys representing animals or non-human creatures
95035000;Toy musical instruments and apparatus
36030030;Fulminants
36030040;Flashing Capsules
36030050;Fuses
36030060;Electric detonators
2109919;Other meat of chickens and hens
8109012;Anonyas and others fruits of genero Annona
8109090;Other fresh fruits
8109016;Pitaias (Hylocereus spp., Selenicereus undatus) 
32061110;Rutile pigments
90213080;Other articles and prostheses apparatus
95041091;Cartridges for video games
95041099;Other parts and access.f/video games
95042000;Articles and accessories for billiards
95043000;Oth.games,operated by coins/banknotes,exc.mark games
95044000;Playing cards
95045000;Consoles and video game machines (ex. 9504.30)
95049000;Other articles for funfair
95049010;Automatic bowling
95049090;Other articles for funfair
95051000;Articles for christmas festivities
84148038;Other compressors of gas,  centrifugal
84148039;Other compressors of gas
84148090;Other air pumps/extractor hoods f/extraction/recycling
84149010;Parts of air or vacuum pumps
84149020;Parts of fans or extractor hoods
84149031;Piston, of air compressors/other gas
84149032;Piston rings, for air compressors/other gas
84149033;Cylinder blocks/cylinder heads/sumps, f/compressors
84314310;Parts for rotary boring machinery
84314390;Parts of others boring machinery/perforation
84314900;Parts of other levelling machinery, etc
84314910;Parts of cranes, other machinery of load/discharge
95059000;Festive carnival or other entertainment articles
95061100;Skis for snow
95061200;Ski fastenings
95061900;Other articles and equipment f/skiing in the snow
95062100;Sailboards
95062900;Aquatic skis and oth.equipment f/aquatic sports
95063100;Complete clubs for golf
85407200;Tubes for microwaves, klystrons
85407900;Other tubes for microwaves
85408100;Receiver or amplifier tubes
85408910;Potency valves for transmissions
85408990;Other lamps,tubes,valves,electronic,etc
85409110;Deflection coils (yokes) for cathode-ray tubes
85409120;Ferrite cores for deflection coils
85409130;Electronic guns for cathode-ray tubes
85409140;Assem.cons.of glass panel in grid,etc.f/trichrom.tubes
85409190;Other parts for cathode-ray tubes
85409900;Parts of lamps,other tubes and valves,electron.etc.
85411011;Diodes not mounted, zener
85411012;Diodes not mounted, of current intensity<=3a
85411019;Other diodes not mounted
85411021;"Zener diodes mounted f/surface mounted device(""smd"")"
90272020;Electrophoresis instruments
90272021;Automatic dna sequencing by means of capil.electrop.
90272029;Other electrophoresis instruments
90273011;Spectrometers of optical emission (atomic emission )
90273019;Other spectrometers
90273020;Spectrophotometers
90273021;Spectrophotometers of uv radiations,visible and ir
90273022;Spectrophotometers of atomic absorption
90273023;Spectrophotometers of optical emission(atomic emission)
90273029;Other spectrophotometers
94015000;Seats of cane,osier,bamboo or similar materials
94015100;Seats of rattan, bamboo or similar materials
94015900;Other seats of rattan, bamboo or similar materials
94016100;Upholstered seats, with wooden frames
94016900;Other seats, with wooden frames
94017100;Upholstered seats, with metal frames
94017900;Other seats, with metal frames
94018000;Other seats
94019010;Parts for seats, of wood
94019090;Parts for seats, of other materials
91091900;Clock movements, assembled f/oth.watches,oper.elect.
91099000;Clock movements, assembled f/oth.watch apparatus
90308290;Oth.instrum.and appar.f/measuring/checking(wafers),etc
90308310;Appar.f/continuity testers f/printed circuits,rec.dev.
90308320;Appar.f/autom.testers of printed circuits,moun.rec.dev.
90308330;Appar.f/meas.charac.param.tv/video signal.etc.rec.dev
90308390;Oth.instr.and appar.f/measuring/checking elect.rec.dev.
90308410;Instr./appar. with autom. test. reg.dev. of print.circuit.
85176279;Other appar./equip. of digital radioteleph./radiotelegr.
85176291;Appar./equip. transm.radioteleph./radiotelegr.
85176292;Person.recept. of amateur radio with alfa-num presentation
85287200;Other rec. appar./equip.of telev., colour
29189012;2, 4-dichlorophenoxyacetic acid, its salts and esters
29189013;2, 4, 5-trichlorophenoxyacetic acid
29189019;Other deriv.phenoxyacetic acid, its salts and esters
29189021;Dichlorophenoxybutyric acid, its salts and esters
29189029;Others phenoxybutyric acids, its salts, esters, derivativ.
29189030;Acifluorfen sodium
29189040;Naproxen
29189050;3-(2-chloro-a, a, a-trifluoro-p-tolyloxy)benzoic acid
29189060;Diclofop-methyl
29189091;Fenofibrate
29189092;Methylchlorophenoxyacetic acid, their salts/esters
29189093;5-(2-chloro-4-trifluoromethylphenoxy)2-nitrob.etc(lac.)
29189094;4-(4-hydroxyphenoxy)-3, 5-diiodophenyl acetic acid
29189095;Triac and its sodic salt
29189099;Oth.carboxylic acids with supplemen.oxygen function, etc
29189100;2, 4, 5-trichlorophenoxyacetic acid
29189911;Phenoxyacetic acid, its salts and esters
29189912;2, 4-dichlorophenoxyacetic acid, its salts and esters
27100019;Other naphthas
27100021;Aviation gasoline
27100029;Other gasolines
27100031;Kerosenes of aviation
27100039;Other kerosenes
27100041;Diesel oil
27100042;Fuel-oil
27100049;Other fuel-oil
27100051;Diisobutylene
27100059;Other mixtures of alkylenes
27100061;Lubricating oils without addictive
27100062;Lubricating oils with addictive
27100091;Commercial hexane
27100092;Mineral turpentine
27100093;White mineral oils (oils of vaseline or paraffin)
27100094;Liquids for hydraulic transmissions
27100095;Oils for electric isolation
27100099;Oth.petroleum oils, bituminous minerals and preparations
27101110;Commercial hexane
27101121;Diisobutylene
27101129;Other mixtures of alkylenes
27101130;White spirit
27101141;Naphtha for the petro-chemical industry
27101149;Other naphtha
27101151;Gasoline of aviation
28380010;Sodium thiocyanates
44170020;Boot or shoe lasts and trees, of wood, forshoes
44170090;Tools, tool bodies, tool handles, broom bodies, etc
44181000;Windows, frenchwindows, frames, etc.of wood
48109910;Other paper, coated, kaolin, strip/roll<=15cm, sheets<=360mm
48109990;Oth.paper/paperboard, coated, kaolin, in rolls/sheets
48111000;Tarred, bituminised, etc.paper/paperboard, in rolls, sheets
48111010;Paper of cellulose tarred, etc.strip/roll w<=15cm, sheets
48111090;Other tarred cellulose paper, bitumised, etc.rolls/sheet
48112100;Paper/paperboard self-adhesive, in rolls or sheets
48112900;Other gummed paper/paperb./self-adhesive, in rolls/sheets
48113111;Paper/paperboard bleach.coat.silicon, w>150g/m2, rolls/sh
48113112;Paper bleach.coat.stratif.polyet.alum.w>150g/m2, printed
48113113;Paper bleach.coat.polyeth.w>150g/m2, forphot.base paper
48113119;Paper/paperb.bleach.coat.oth.plastic, w>150g/m2, rolls/sh
48113120;Paper/paperb.bleach.plastic impreg., w>150g/m2, rolls/sh
48113911;Oth.paper coated, polyeth.etc.forphot.base paper, rolls/sh
48113912;Oth.paper/paperb.coated of silicon, rolls/sheets
39251000;Reservoirs, tanks, vats, etc.of plastics, cap>300l
39252000;Doors, windows, their frame, thresholds, etc.of plastics
39253000;Shutters, blinds, similar articles and parts, of plastics
39259000;Other builders' ware of plastics
39259010;Other artifacts for equipping buildings, of expanded polystyrene
39259090;Other artifacts for equipping buildings
39261000;Articles of office or school supplies, of plastics
39262000;Articles of apparel/accessories, of plastics, incl.mitts
39263000;Fittings forfurniture, coachwork or the like, of plastics
39264000;Statuettes and other ornamental articles, of plastics
39269010;Washers of plastics
39269021;Transmission belts or belting, of plastics
39269022;Conveyor or elevator belts or belting, of plastics
85437040;Television standard transcoders or converter
85437050;Aerial simulators for transmitters,pot>=25kw
85437091;Text terminals,oper.with baudot´s code transm.,etc
85437092;Electric fence energisers
88019000;Balloons,dirigibles and other aircraft n/motorized
88021100;Helicopters of weight<=2000kg,empty
88021210;Helicopters 2000kg<weight<=3500kg,empty
88021290;Other helicopters of weight>3500kg,empty
88022010;Propeller-driven aeroplanes,etc.weight<=2000kg,empty
88022021;Airplanes,turboprop,etc.single-engine<=2000kg,empty
88022022;Airplanes,turboprop,etc,etc.multi-engine<=2000kg,empty
88022090;Other aeroplanes/aircraft,weight<=2000kg,empty
88023010;Propeller-driven aeropl.etc.2000kg<weight<=15000,empty
48202000;Exercise books
40082900;Rods/profiles of rubber vulcanis.n/alveolar, n/hardened
40091000;Tubes of vulcanised rubber n/hardened, without fittings
40091100;Tubes of vulc.rubber, n/hard.n/reinf.without fittin.
40091210;Tubes of vulc.rubber, n/hard.n/reinf.with fittin.rup>=17
40091290;Other tubes of vulc.rubber, n/hard.n/reinf.with fittin.
40092010;Tubes of vulc.rubber, n/hard.with met.with fit.p<17.3mpa
40092090;Oth.tubes of vulc.rubber, n/hard.with met.with fittings
40092110;Tubes of vulc.rubber n/hard.rein.met.without fitt.r>=17
40092190;Ot.tubes of vul.rub.n/hard.reinfor.met.without fittings
40092210;Tubes of vul.rub.n/hard.reinfor.met.without fit.rup>=17
40092290;Ot.tubes of vulc.rub.n/hard.reinfor.met.without fittin.
40093000;Tubes vulc.rubb.n/hard.reinfor.text.mat.without fit.
40093100;Rubber tube vulc.n/hard.reinfor.text.mat.without fitt.
42029100;Other articles of natural leathers/compos./varnishings
42029200;Other articles of plastic sheeting/of textile materials
42029900;Other articles of other materials
42031000;Apparel of natural leather or composition
42032100;Gloves, mittens, etc.forsports, of natural leather/composit
41053000;Dehaired skins of sheep, dry state, crust
41061100;Dehaired skins, of goats, with vegetable pre-tanned
41061210;Dehaired skins, of goats, chromo tanned, wet, wet blue
41061290;Dehaired skins, of goats, pre-tanned of other way
41061900;Other dehaired skins, of goats, tanned or retanned
41062010;Dehaired skins, of goats, chromo tanned, finishing
41062090;Oth.dehaired skins, of goats, +++++tanned prepar.
41062110;Leathers/skins goats vegetable pre-tanned
41062121;"Leathers/skins goats in the wet state ""wet blue"""
41062129;Other leathers/skins goats in the wet state pre-tanned
41062190;Other leathers/skins goats, tanned
41062200;"Leathers/skins goats, in the dry state ""crust"""
41063110;"Leathers/skins of swine, tanned, wet state""wet blue"""
41063190;Other leathers/skins, of swine, tanned, wet state
41063200;Leathers/skins, of swine, tanned, dry state(crust)
44182000;Doors and their frames and thresholds, of wood
44183000;Wood panels, for parquet
44184000;Wood shuttering, for concrete
44185000;Shingles and shakes of wood, for roofs
44186000;Beams and posts made of wood
44187100;Panels for mosaic floors
44187200;Other panels for floors, with multiple layers
44187900;Other mounted panels to floors
44189000;Other works of joinery or carpentry, forconstruction
44190000;Tableware and kitchenware, of wood
44201000;Statuettes and other objects, of wood, for ornaments
44209000;Inlaid wood, incrusted, safes, etc.of wood
44211000;Wood hangers, for clothing
44219000;Other articles of wood
45011000;Natural cork, raw or simply prepared
45019000;Wastes of cork, triturated cork, granulated, etc
45020000;Natural cork, debacked/roughly squared/in rectang.etc
45031000;Stoppers of natural corks
45039000;Other articles of natural corks
85281211;Integr.receiv.-decod.without exit radio-freq.audio exit
85281219;Oth.integ.receiver-decod.of dig.signs cod.videos colour
85444200;Other electric conductors f/tension<=100v, with pieces of connection
85444900;Other electric conductors f/tension<=80v
85445100;Oth.elect.conductors with connect.fittngs,80<t<=1000v
85445900;Other electric conductors 80v<tension<=1.000v
89039200;Motor-boats, other than outboard motor-boats
89039900;Other vessels for pleasure or sports,incl.canoes
89040000;Tugs and pusher craft
89051000;Dredgers
89052000;Floating/submersible drilling or product.platforms,etc.
89059000;Light-vessels/floating cranes/docks/flotation dikes,etc
89060000;Other vessels
89061000;Warships
89069000;Other vessels, including lifeboats
89071000;Inflatable rafts
89079000;Other floating structures
89080000;Vessels and other floating structures f/breaking up
90011011;Optical fibres,nucleus diam.<11micron
90011019;Other optical fibres
85255024;Appar. of telev., uhf band, output pot.>=20kw
85255029;Other television transmitter apparatus
85256010;Transm./recept.appar. of radio-broadcasting
85256020;Transm./recept.appar. of television, freq.>7ghz
85256090;Other transm.appar.with recept. of telev.
85258011;Tv cameras with 3 or more image pickups (captivators)
85258012;Tv cameras with ccd imag. sensor, etc. light.< 0, 20 lux
85421000;Cards incorporating an electronic integrated circuit
85421200;Cards incorporating 1 electronic integrated circuit
85421310;Metallic oxide  semiconductors,mos tech.,n/mounted
85421321;Rom, prom,etc.memoirs mos tech.,mounted,f/surf.moun.dev
85421322;Microprocessors,mos tech.,mounted,f/surf.moun.dev.
85421323;Microcontrollers mos tech.,mounted,f/surf.moun.dev.
85421324;Co-processors,mos tech,mounted,f/surf.moun.dev.
85421325;"Semiconduc.""chip-set"",mos tech.,mounted,f/surf.moun.dev"
85421328;Other memories,mos tech.,mounted,f/surf.moun.dev
85231310;Magnetic tape-type n/record.6.5<w<=50.8mm, on reels/cas.
85231320;Magnetic tape-type w>6.5mm, on cassettes, f/video record.
85231390;Oth.magnetic tape-type n/recorded w>6.5mm
85232010;Magnetic discs n/recording f/units of hard disks
85232090;Other magnetic discs not recorded
85232110;Cards incorporating a magnetic stripe, not recorded
85232120;Cards incorporating a magnetic stripe, recorded
85232911;Magnetic discs n/recording f/units of hard disks
85232919;Other magnetic discs no recorded
85232921;Magnetic tape-type n/recorded w<=4mm, in cassettes
85232922;Magnetic tape-type n/recorded 4mm<w<=6.5mm
85353029;Ot.isol.swit./make-and-break sw.t>1kv, current>1600a
85354010;Lightning arres.f/protec.elec.transm.lines, t>1kv
85354090;Voltage limiters/surge suppressors electr.t>1kv
85359000;Oth.appar.f/interruption, etc.of electric circuits t>1kv
85361000;Fuses and cut-cicuits of fuses, f/tension<=1kv
85362000;Automatic circuit breakers f/tension<=1kv
85363000;Other apparatus f/protec.electr.circuits f/tension<=1kv
42021210;Trunks, suit-cases, folders, of plastics
42021220;Trunks, suit-cases, folders, of textile materials
42021900;Trunks, suit-cases, folders, of other materials
42022100;Purses of natural leather, rebuilt or varnishings
42022210;Purses of plastic sheeting
42022220;Purses of textile materials
42022900;Purses of other materials
42023100;Pockets articles/purses of natural leathers/reconst.etc
42023200;Pockets articles/purses of plastic sheeting/text.mater.
42023900;Pockets articles/purses of other materials
47073000;Paper/paperboard, made of bleac.mechan.pulp, of recycl.
47079000;Oth.paper/paperboard, of recycling, incl.n/selected
48010010;Newsprint, rolls/sheets w<=57g/m2, mechan.fibre>=65%
48010090;Other newsprint, in rolls or sheets
90308420;Instr./appar.with parameters measur. reg. dev. of tv/video sign
90308490;Other instruments, with recording device
90308910;Logic analysers for digital circuit
90308920;Frequency spectrum analyser
90308930;Frequency meters
90308940;Phase meters
90308990;Oth.instrumen.and appar.f/measuring/checking elect.etc.
90309010;Parts and acces.f/measur.appar.etc.ionising radiations
95038090;Other toys and models,incorporating a motor
95039000;Other toys, etc. for entertainment
95039010;Other toys of friction,mechanical or spring-operated
95039090;Other toys
95041010;Video games used with a television receiver
29081090;Ot.deriv.phenols halog./alcoh.phenols and their salts
29189919;Other deriv.phenoxyacetic acid, its salts and esters
29189921;Dichlorophenoxybutyric acid, its salts and esters
29189929;Other dichlorophenoxybutyric acids, its salts and esters
29189930;Acifluorfen sodium
29189940;Naproxen
29189950;Ác.3-(2'-cl.-alfa,alfa,alfa-trifl.-toliloxi)benz.
29189960;Diclofop-methyl
29189991;Fenofibrate
28112910;Sulphur dioxide
28112990;Other inorganic oxygen compounds of non-metals
28121011;Phosphorus trichloride
28121012;Phosphorous pentachloride
28121013;Sulphur chloride
28121014;Sulphur dichloride
28121015;Arsenic trichloride
28121019;Derived of the chloride
40013000;Balata, gutta-percha, guayule, chicle, similar natur.gums
40021110;Rubber of latex of styrene-butadiene (sbr)
40021120;Rubber of latex of carboxylated styrene-butadiene
40021911;Styrene-butadiene rubber, in foils, sheets, strip
40021912;Styrene-butadiene rubber, food grade, primary form
40021919;Styrene-butadiene rubber, in other primary forms
29183010;Ketoprofen
29183020;Methylbutryl acetate
29183031;Dehydrocholic acid
29183032;Sodium dehydrocholate
29183033;Magnesium dehydrocholate
29183039;Others salts of dehydrocholic acid
29183040;2-nitromethylbenzylidene acetyl acetate
27040090;Semi-coke of coal,  of lignite or of peat, retort carbon
27050000;Coal gas, water, etc.exc.petroleum/gaseous hydrocarbons
27060000;Tar distilled from coal,  from lignite or from peat, etc
27071000;Benzol (products of the distillation of coal tar)
27072000;Toluol (products of the distillation of coal tar)
27073000;Xylol (products of the distillation of coal tar)
27074000;Naphthalene (products of the distillation of coal tar)
27075000;Oth.aromatic hydrocarb.mix.which>= 65%distils at 250gc
27076010;Cresols
27076090;Other phenols
27079100;Creosote oils
29189992;Methylchlorophenoxyacetic acid, their salts/esters
29189993;5-(2-chloro-4-trifluoromethylphenoxy)2-nitrob.etc(lac.)
29189994;4-(4-hydroxyphenoxy)-3, 5-diiodophenyl acetic acid
29041030;Toluenesulphonic acids, xylenesulphonic and salts
29041040;Ethane sulphonic acid ethylenesulphonic acid
29041051;Sodium naphthalenesulphonates
29041052;Beta-naphthalenesulphonic acid
29041053;Alkyl and dialkylnaphthalenesulphonic acids, their salts
29041059;Oth.naphthalenesulphonic acid, salts and ethyl esters
29041060;Benzenesulphonic acid and its salts
29041090;Other derivatives sulphonated hydrocarbons, salts, etc
29042010;Mononitrotoluenes (mnt)
29042020;Nitropropanes
29042030;Dinitrotoluenes
29042041;2, 4, 6-trinitrotoluene (tnt)
29042049;Other nitrotoluenes
29042051;Nitrobenzene
29042052;1, 3, 5-trinitrobenzene
29042059;Other nitrated derivative of benzene
29042060;Nitrated derivatives of xylene
29042070;Nitroethane and nitromethanes
29042090;Oth.nitrated or nitrosated derivatives of hydrocarbons
29049011;1-chloro-4-nitrobenzene
29049012;1-chloro-2.4-dinitrobenzene
29163990;Other aromatic monocarboxylic acids,  etc.
29171110;Oxalic acid and its salts
29171120;Oxalic acid and its esters
29171210;Adipic acid
29171220;Adipic acid, its salts and esters
29173600;Terephthalic acid and its salts
29173700;Dimethyl terephthalate
29173911;M-phthalic acid esters
90213930;Coated artificial vascular arteries
90213940;Non-implantable artificial breasts
90213980;Other artificial parts of the body appliances
90213991;Parts for the upper or lower artificial limbs
90213999;Other parts/access.of artif.parts of the body apliances
90214000;Hearing aids,excluding parts and accessories
90215000;Pacemakers f/stimulating heart muscles,excl.parts/acces
90219011;Automatic cardiac defibrillators
90219019;Oth.appar.implant.organism f/compens.defect/incapacity
90219080;Oth.apparatus f/compensating deficiencies/illnesses
90219081;Stainless steel stents,for dilating arteries
91119010;Bottoms f/wristwatches/pocket,of base metal
91119090;Other parts f/wristwatches/pocket cases
84314920;Parts of other levelling machinery, etc
84314921;Booths for levelling machinery/appliance, etc
84314922;Lagartas de maquinas/aparelhos das posic. 8429 ou 8430
84314923;Fuel tanks and other reservoirs
84314929;Other parts of levelling machinery, etc
84321000;Ploughs
84322100;Disc harrows, used agricultural, etc.f/soil preparation
84322900;Oth.harrows, scarifiers, cultivators, weeders, hoes, etc.
84323010;Seeders-fertilizantes
84323090;Other seeders, planters and transplanters
85271390;Oth.recep.appar.radio-broad.comb.sound appar., pile/elec
85271910;Recep.appar.of radio with clock, by pile/electricity
85271990;Oth.recep.appar.radio-broadcasting  by pile/electr.etc.
85421399;Oth.semiconductors,of metallic oxide,mos techn.
85421410;Circuit obtain.bipolar technology,not mounted
85421420;Circuit obtain.bipolar techn.mounted,f/surf.moun.dev
85421490;Oth.circuit digital obtain.bipolartechnology
85421910;Oth.digital monolithic integrated circuits,n/mounted
84311090;Parts of oth.pulley tackles, hoists, winches, , etc
84312011;Parts of self-propelled fork-lift trucks
84312019;Parts of other fork-lift trucks
84312090;Parts of oth.vehic.f/mov.load, with lifts dispostive
84313110;Parts of lifts
84313190;Parts of skip hoists/escalators
84313900;Parts of machnery of elevation of load, etc
84314100;Buckets, shovels, grabs, etc.f/levelling machinery
84314200;Bulldozer or angledozer blades blades
73182900;Other non-threaded articles, of cast iron/iron/steel
73191000;Sewing, darning or embroidery needles, of iron or steel
73192000;Safety pins, of iron or steel
73193000;Oth.pins for use in the hand, of iron or steel
73194000;Safety pins and other pins
73199000;Ot.needles/similar articl.f/use in the hand, iron/steel
73201000;Leaf-springs and leaves therefor, of iron or steel
82012000;Forks of common metals
82013000;Mattocks, picks, hoes, etc.of common metals
82014000;Axes, bill hooks and other hewing tools, of common metals
48025510;Paper fibre mech.<=10%, 40g/m2<=w<=150g/m2, roll w<=15cm
48025591;Drawing paper, fibre mech<=10%, 40g/m2<=w<=150g/m2
48203000;Binders, of paper/paperboard
48204000;"Manifold business (""manifold""), even with carbon paper"
48205000;Albums for samples or for collections, of paper/paperb.
48209000;Oth.articles of paper/paperb., foroffice/stationery, etc
48211000;Labels paper or paperboard, printed
48219000;Other labels of paper or paperboard
48221000;Bobbins, rolls, etc.of paper/paperb., fortextile yarn
48229000;Bobbins, rolls, etc.of paper/paperb., forother uses
28342990;Other nitrates
28351011;Phosphinate (hypophosphites) of sodium
28351019;Other phosphinates (hypophosphites)
28351021;Phosphinates (phosphites) dibasic of lead
28351029;Other phosphonates (phosphites)
28352200;Phosphates of mono or disodium
28352300;Phosphates of trisodium
29049013;2-chloro-1, 3-dinitrobenzene
29049014;4-chloro-alpa, alpha, alpha-trifluoro-3, 5-dinitrotoluene
26206000;Ash and residues containing arsenic, mercury, etc.
26209010;Ash and residues containing mainly titanium
26209090;Ash and residues containing other metals or compounds
28256010;Germanium oxides
94060091;Other prefabricated buildings, of wood
94060092;Other prefabricated buildings, of iron or steel
94060099;Other prefabricated buildings, of other materials
95010000;Wheeled toys for children and dolls' carriages
95021010;Dolls represent.human beings,with mechan./electric
73202010;Cylindrical helical springs, of iron or steel
73202090;Other helical springs, of iron or steel
73209000;Other springs of iron or steel
73211100;Cooking/warmers appliances, of iron, etc.gaseous fuel
73211200;Cooking/warmers appliances, of iron, etc.liquid fuel
73211300;Cooking/warmers appliances, of iron, etc.solid fuels
73211900;Other appliances for cooking and plate warmers, for solid fuels
73218100;Other heaters, etc.of iron/steel, gas/oth.fuels
90303311;Digital voltmeters
90303319;Any other voltmeters
90303321;Ammeters without recording device f/motor vehicles
90303329;Other ammeters without recording device
90303390;Other instruments and appliances without a recording device
90303910;Instr./appar. with test. reg.dev. of print.circuit.
90303911;Digital voltmeters without recording device
90303919;Other voltmeters without recording device
90303921;Ammeters without recording device f/motor vehicles
90303929;Other ammeters without recording device
90303990;Oth.appar.and instrum.f/measuring/checking tension,etc
90304010;Protocol analysers,for telecommunications
90304020;Selective level analysers,for telecommunications
95030040;Eletric trains of toy, includ. rail tracks, signs, accessories
95030050;Reduced-size, of toy, for assembly kits
95030060;Other kits and toys for construction
95030070;Puzzles
95030080;Other toys, put up in sets or outfits
95030091;Toy musical instruments and apparatus
95030097;Other toys with electric motor
90328925;Autom.electronic controllers f/injection systems
90328929;Other autom.electronic controllers f/motor vehicles
90328930;Automatic digital equipment f/checking railway vehicles
96063000;Button moulds and ot.parts of buttons and button blanks
96071100;Slide fasteners with staples of base metal
96071900;Other slide fasteners
96072000;Parts of slide fasteners
96081000;Ballpoint pens
96082000;Felt tipped/porous-tipped pens and markers
96083000;Fountain pens and other pens
96083100;Indian ink drawing pens
96083900;Other fountain pens
96084000;Propelling or sliding pencils
96085000;Assortments of pens with propelling or sliding pencils
96086000;Refills f/ball point pens,compr.ball point ink-reserv.
96089100;Pen nibs and nib points, for fountain pens
87089490;Other parts and access.f/tractors and motor vehicles
90185010;Binocular microsc.of a kind used in ophthalmic surgery
90185090;Other ophthalmic instruments and appliances
90189010;Instruments and appliances,f/blood transfusions,etc
90189021;Electric bistouries
90189029;Other bistouries
27101919;Other kerosene oils
27101921;Diesel oil
27101922;Fuel oil
27101929;Other fuel oils
27101931;Lubricating oils without addictive
27101932;Lubricating oils with addictive
27101991;White mineral oils (of vaseline/paraffin)
27101992;Liquids for hydraulic transmissions
27101993;Oils for electric isolation
28415019;Other chromates and dichromate
28415020;Peroxochromates
28416100;Potassium permanganates
28416910;Manganites
28416920;Manganates
28416930;Other permanganates
28417010;Ammonium molybdate
28417020;Sodium molybdate
28417090;Other molybdates
28418010;Tungstate (wolframates) of ammonium
28418020;Tungstate (wolframates) of lead
28418090;Other tungstates (wolframates)
28419011;Lead titanate
28419012;Titanate of barium or of bismuth
28419013;Titanate of calcium or of stroncium
28419014;Magnesium titanate
28419015;Titanate of lanthanum or of neodymium
28419019;Other titanate
46019300;Other materials for twisting, of rattan
93020000;Other revolvers and pistols
93031000;Muzzle-loading firearms
93032000;Sporting/hunting/target-shooting shotguns,smoot.barr>=1
93033000;Other sporting/hunting/target-shooting shotguns
93039000;Oth.firearms which oper.by firing of an expl.charge,etc
93040000;Oth.arms (shotguns/carbines/pistols /truncheons)
93051000;Parts and accessories for revolvers/pistols
93052000;Parts and accessories of shotguns or rifles (9303)
90248011;Mach.and appliances f/testing yarn,automatic
81110020;Plastes/strips/sheets/wires, etc.of manganese
81110090;Manganese articles, including waste and scrap
84146000;Hoods having a maximum horizontal side <= 120cm
84148011;Other air compressors, stationary, of piston
84148012;Other air compressors, of screw
84148013;"Other air compressors, of parallel lobes (""roots"")"
84148019;Other air compressors
84148021;Oth.superchargers, w<=50kg, f/motor explosion/diesel
84148022;Other superchargers, w>50kg, f/motor explosion/diesel
84148029;Other air tube compressors
84148031;Other compressors of gas, of piston
84148032;Other compressors of gas, of screw
84148033;Oth.compres.of gas, centrifugal, flow max<22000 m3/h
90312010;Test benches for engines and motors
90312090;Other test benches,except for engines and motors
90313000;Profile projectors
90314100;Optical instruments and apparat.f/checking(wafers),etc
90314900;Other optical instruments and apparatus
90314910;Laser instr.and appar.f/measur.dim.param.cellul.fibres
90278011;Calorimeters
90278012;Viscosimeters
90278013;Densitometers
90278014;Ph-meters apparatus
90278020;Mass spectrometers
90278030;Polarographs
90278090;Oth.instrum.and appl.f/analysis/testing/measuring,etc
90278091;Light meter
90278099;Other instrum.and appl.for analysis/testing/measuring,etc
90279010;Microtomes
90279091;Parts and access.f/spectrometers of optical emission
90279092;Parts and access.f/spectrographs of optical emission
90279093;Parts and accessories of polarographs
90279099;Parts and access.f/oth.instrum.and appl.f/analysis,etc
90281010;Compressed natural gas meters, electronic
90281011;Compressed natural gas meters,electronic,f/gas stations
94038100;Bamboo furniture
94038900;Furniture of oth.materials,incl.rattan,osier,bamboo,simil. mat.
94039010;Parts for wooden furniture
94039090;Parts for furniture, of other materials
94041000;Mattress supports
94042100;Rubber mattresses/alveolar plastics, including covered ones
94042900;Mattresses of other materials
94043000;Sleeping bags
94049000;Eiderdowns, cushions, pouffes, pillows and simil.articles
28269020;Other fluorosilicates, fluoroaluminates, complex fluorine salts
28269090;Ot.fluorosilicates, fluoroaluminates, comp.fluorine salts
28271000;Ammonium chloride
28272010;Calcium chlor.cont>=98%by wei.on the dry prod.of cacl2
28272090;Other calcium chloride
28273110;Magnesium chloride cont.<98%by wei.of mgcl2 and<=0.5%ca
28273190;Other magnesium chloride
28273200;Aluminium chloride
28273300;Iron chloride
28273400;Cobalt chloride
28273500;Nickel chloride
28273600;Zinc chloride
28273800;Barium chloride
28273910;Cuprous chloride (copper monochloride)
28273920;Titanium chloride
29214951;Fencamfamine and its salts
29214952;Lefetamine and its salts
29214953;Phentermine and its salts
29214990;Oth.aromatic monoamine, its derivatives and its salts
29215111;M-phenylenediamine and its salts
29215112;Diaminotoluenes
29215119;O-phenylenediamine, p-phenylenediamine and its salts
29215120;O-phenylenediamine, p-phenylenediamine and its salts
29215131;N, n'-di-sec-butyl-p-phenylenediamine
48115930;Other paper impregnated of plastics in rolls/sheets
48116010;Paper coated.wax, etc.strips/rolls w<=15cm, sheets<=360mm
48116090;Oth.paper cover.coat.impreg.wax, etc.in rolls/sheets
48113913;Oth.paper/paperb.coated polyeth.strat.alum.printed
48113919;Paper/paperb.coated of oth.plastic, in rolls/sheets
48113920;Oth.paper/paperboard impreg.of plastic, in rolls/sheets
48114000;Paper/paperb.coated/impreg.wax, paraf.etc.rolls/sheets
48114110;Paper/paperb.self-adhesive strip/roll w<=15cm, sh<=360mm
29037736;Dicloroexafluoropropanos
29037737;Cloroeptafluoropropanos
29037790;Outs.derivs.peralog.dos hidrocarb.acicl.c/fluor e cloro
29037800;Other perhalogenated derivatives
29037911;Clorofluoroetanos
29037912;Clorotetrafluoroetanos
29037919;Other perhalogenated derivatives
29037920;Derivados metano,etano ou propano,hal.com fluor e bromo
29037931;Halothane
29037939;Outros bromoclorotrifluoroetanos
29037990;Outs.deriva. hal.dos hidrocar..aciclicos,min.2 hal.dif.
29038110;Lindane
29038190;Outros 1,2,3,4,5,6-hexaclorocicloexano
29038210;Aldrin
29038220;Chlordane
29159090;Oth.acid peroxides satur.acycl.monocarboxylic acids, etc
29161110;Acrylic acid
29072100;Resorcinol and its salts
29072200;Hydroquinone (quinol) and its salts
29072300;4, 4'-isopropylidenediphenol and its salts
29072900;Other polyphenols
29073000;Phenol-alcohols
29081011;4-chloro-m-cresol and its salts
29081012;Dichorophenols and their salts
39207310;Plates, etc.cellulos.acet., t<=0.75mm, without sup.n/reinf
39207390;Ot.plates, etc.cellulose acetate, without support, n/reinf
39207900;Plates, etc.oth.cellulose derivat.without supp.n/reinf.
39207910;Other plates, cellulose sheets, vulcan. fibre thick.=<1mm
39207990;Other plates, sheets, ribbons of other cellulose derived
39209100;Plates, etc.poly(vinyl butyral), without supp.n/rein.etc
39209200;Plates, etc.of polyamides, without support, n/reinf.etc
39209300;Plates, etc.of amino-resins, without support, n/reinf.etc
39209400;Plates, etc.of phenolic resins, without supp.n/rein.etc
42010010;Saddlery and harness, of natural leather/reconstit.
42010090;Saddlery and harness, of other materials
42021100;Trunks, suit-cases, folder, natural leather varn./rebuilt
29161120;Acrylic acid salts
29161210;Esters of methyl of acrylic acid
29161220;Esters of ethyl of acrylic acid
29161230;Esters of butyl of acrylic acid
29161240;Esters of 2-ethylhexyl of acrylic acid
29161290;Other esters of acrylic acid
29161310;Methacrylic acid
29161320;Methacrylic acid and its salts
29161410;Esters of methyl of methacrylic acid
29161420;Esters of ethyl of methacrylic acid
29161430;Esters of n-butyl of methacrylic acid
29161490;Other esters of methacrylic acid
29161511;Mannitol oleate
29161519;Oleic acid, oth.salts/esters(acycl.monocarboxylic acids)
29161520;Linoleic acid, linolenic acid, their salts and esters
29161600;Binapacryl (iso)
29161911;Potassium sorbate
29161919;Sorbic acid, their salts and esters
29161921;Undecylenic acid
29161922;Methyl undecylinate
29161923;Zinc undecylenate
29161929;Other salts and esters of undecylenic acid
25289000;Other natural borates, natural boric acid, h3bo3<=85%
25291000;Felspar
25292100;Fluorspar containing weight<=97% of fluoride of calcium
29049015;O-nitrochlorobenzene and m-nitrochlorobenzene
29049016;1, 2-dichloro-4-nitrobenzene
29049017;Trichloronitromethane (chloropicrin)
29049019;Other nitrohalogenated  derivatives of hydrocarbons
29049021;Dinitrostylbenedisulphonic acids
29049029;Other nitrosulphonated derivatives of hydrocarbons
29049030;P-toluenesulphonyl chloride (tosyl chloride)
29049040;O-toluenesulphonyl chloride
29049090;Ot.sulphonated, nitrated, etc.derivatives of hydrocarbons
29051100;Methanol (methyl alcohol)
29051210;Propyl alcohol (propan-1-ol)
29051220;Isopropyl alcohol (propan-2-ol)
29051300;Butan-1-ol (n-butyl alcohol)
29051410;Isobutyl alcohol
29051420;Sec-butyl alcohol
29051430;Tert-butyl alcohol
29051500;Pentanol (amyl alcohol) and their isomers
29051600;Octanol (octyl alcohol) and their isomers
29051710;Lauryl alcohol
27040011;Coques com granulometria igual ou superior a 80 mm
27040012;Coques com granulometria inferior a 80 mm
28439020;Tricloreto de rutênio em solução aquosa com uma concentração igual ou superior a 17 %, mas inferior ou igual a 27 %, em peso
85434000;Electric fence energisers
85437011;Radio-freq. amplifier for microwave pot>2.7kw v.twt
87149320;Free-wheel sprocket-wheels p/bicyc.and oth.cycles
87149410;Coaster braking hubs p/bicycles and other cycles
87149490;Oth.brakes and parts thereof f/bicycles and oth.cycles
87149500;Saddles of bicycles and other cycles
87149600;Pedals,crank-gear and parts thereof,f/bicycles,etc.
87149900;Oth.parts and access.f/bicycles and other cycles
87149910;Speed changers f/bicycles and other cycles
87149990;Other parts and access.f/bicycles and other cycles
87150000;Baby carriages,similar vehicles and parts thereof
87161000;Trailers/semi-trailers f/housing or camping
90173090;Callipers and similar(instrum.of manual distan.measure)
90178010;Meters(instrument of manual distances measure)
90178090;Other instrument of manual distances measure
93059010;Parts and accessories for military weapons
93059090;Parts and accessories for other arms
93059100;Parts/accessorries of military weapons,etc
91059900;Oth.watchmak.apparatus exc.watch movements
91061000;Time-registers and time-recorders
91062000;Parking meters
91069000;Time of day recording appar.and appar.f/measuring,etc.
91070010;Time switches
91070090;Oth.apparatus f/working mechan.in certain time,etc
91081110;Watch movem.f/wristwatches,elect.operat.mech.display
91081190;Watch movem.f/oth.watch movements elect.oper.m.disp.
91081200;Watch movem.f/oth.wristw.electr.operat.opto-elect.disp.
91081900;Watch movem.f/ot.watch movements elect.oper.op.elec.dis
91082000;Watch movem.f/watch movements with autom.winding
91089000;Other watch movements for watches,assembled
99980201;Onboard consump.any other merchandise f/embarkations
99980202;Onboard consump.any other merchandise f/aircrafts
99997101;Stones in brute of the  capitulate 71 of ncm
96035000;Oth.brushes constituting parts of mach.applian/vehicles
96039000;Oth.brooms,brushes,dusters,rakes,etc
96040000;Hand sieves and hand riddles
96050000;Travel sets,f/personal toilet,f/sewing/clothes cleaning
96061000;Button,press-fast.snap-fast.press-studs and parts ther.
96062100;Buttons of plastics,n/covered with textile material
96062200;Buttons of base metal,n/covered with textile material
96062900;Other buttons
90318090;Oth.instruments,applian.and mach.of measured/checking
90318091;Instr.applian.and mach.f/checking pneum.tyres,load cond
90318099;Oth.instr.applian.and mach.of measuring/checking
90319010;Parts and accessories f/test benches
90319090;Parts and acces.f/oth.instr.appl.and mach.meas./check.
90321010;Automatic thermostats,expansion of fluids
90321090;Other automatic thermostats
90322000;Automatic manostats
93059900;Parts/accessories of other arms
93061000;Cartridges for riveting/captive-bolt humane killers
93062100;Cartridges shotguns/carbines of smooth barrel
93062900;Lead f/carbines of compressed air,parts f/cartridges
28301010;Sodium sulphides
28301020;Sodium hydrogen sulphide
28302000;Zinc sulphide
28303000;Cadmium sulphide
28309011;Molybdenum disulphide
28309012;Barium sulphides
28309013;Potassium sulphides
28309014;Lead sulphides
28309015;Strontium sulphides
29038230;Heptachlor
29038910;Mirex (dodecachlorine)
29038990;Out.der.hal.dos hid.ciclanicos,ciclenicos ou cicloterp.
29039110;Chlorobenzene
29039120;O-dichlorobenzene
29039130;P-dichlorobenzene
29039210;Hexachlorobenzene
29039220;DDT
29039911;Benzyl chloride
29039912;P-chlorotoluene
29039913;Neofila chloride
29039914;Trichlorobenzenes
29039915;Cloronaftalenos
29039916;Benzylidene chloride
29039917;Xilila chloride
48021000;Hand-made paper and paperboard (sheet at sheet)
48022000;Pap/paperb.forproduc.photo-sens.pap/paperb.etc.rolls, she
25292200;Fluorspar containing weight>97% of fluoride of calcium
25293000;Leucite, nepheline and nepheline syenite
48025799;Oth.paper/paperboard fibre mec<=10%, 40g/m2<=w<=150g/m2
48025810;Fibre pap.mec<=10%, w>150g/m2, belts/roll w<=150g/m2, etc
48025891;Drawing paper, fibre mec<=10%, w>150g/m2
42032900;Other gloves, mittens, etc.of natural leather/composit
42033000;Belts and bandoliers, etc.of natural leather/composit.
42034000;Oth.clothing accessories, of natural leather/composit.
42040010;Conveyor belts, of natural leather/composition
42040090;Oth.articles fortechnical uses, of natural leather/compos
42050000;Other articles of leather or of composition leather
42060000;Articles of gut, bladder or tendons
42061000;Catgut
42069000;"Other works of gut, ""baudruches"", bladder or of tendons"
43011000;Raw furskins, of mink, whole
43012000;Raw furskins, of rabbit or of hare, whole
29173940;Salts and esters of trimellitic acid (1, 2, 4-benzenetr.)
29173950;Trimellitic anhydride(1, 3-dihydro-1, 3-dioxo-5-isobenz.)
29173990;Other aromatic polycarboxylic acids, etc
29181100;Lactic acid, its salts and esters
29181200;Tartaric acid
29181310;Tartaric acid, its salts
29181320;Tartaric acid, its esters
29181400;Citric acid
29181500;Salts and esters of citric acid
29181610;Calcium gluconate
40141000;Contraceptives, of vulcanised rubber, no hardened
40149010;Ice-bags and hot-water, of vulcanised rubber, no hardened
40149090;Ot.hygienic articles, etc.of vulcan.rubber, n/hardened
40151100;Gloves forsurgery, of vulcanised rubber, n/hardened
40151900;Other gloves, of vulcanised rubber, n/hardened
40159000;Ot.apparel and accessories, of vulcan.rubber, n/hardened
28380090;Fulminates, cyanates and other thiocyanates
28391100;Sodium metasilicates
28391900;Other sodium silicates
28392000;Potassium silicate
28399010;Magnesium metasilicates
28399020;Aluminium silicates
28399030;Zirconium silicates
48022010;Paper forprod.photo-sen.paper rolls, w<=15cm, sh.w<=360mm
48022090;Oth.paper forproduc.photo-sen.paper, etc.in rolls/sheets
48023010;Paper forproduction of carbonising paper, w<19g/m2
48023090;Other paper for production of carbonising paper
48023091;Paper forprod.of carbonis.paper, of bleached pulp, etc
48023099;Ot.paper/paperb.forprod.of carbonis.paper, rolls/sheets
48024000;Paper for production of wallpaper
48024010;Paper for production of wallpaper, rolls w<=15cm
48024090;Other paper for production of wallpaper, rolls/sheets
48173000;Boxes, etc.of paper/paperb., c/assort.corresp.articles
48181000;Toilet paper
48182000;Handkerchiefs and hand towels, of paper
48183000;Tablecloths and serviettes, of paper
48184010;Diapers of paper
48184020;Hygienic tampons, of paper
48184090;Sanitary towels and other hygienic articles, of paper
44122300;Oth.plywood, ply of non-conferous wood, panel particle
44122900;Other plywood, with ply of tropical wood n/ coniferous
43013000;Raw furskins, of astrakhan lamb, etc.whole
43014000;Raw furskins, of beaver, whole
48025100;Paper/paperboard with fibre obt.mech.proc<=10%, w<40g/m2
48025210;Paper forbankn.paper, fibre mec.proc<=10%, 40<=w<=150g/m2
48025220;Drawing paper, fibre obt.mech.proc<=10%, 40<=w<=150g/m2
48025230;Kraft paper/paperb.fibre mech.proc<=10%, 40<=w<=150g/m2
48025290;Oth.paper/paperboard, fib.mech.proc<=10%, 40<=w<=150g/m2
48025310;Drawing paper, fibre mech.proc<=10%, w>150g/m2
48025320;Kraft paper/paperb.with fibre mech.proc<=10%, w>150g/m2
48025390;Oth.paper/paperb.with fibre mech.proc<=10%, w>150g/m2
48025410;Paper c/fibre mech<=10%, w<40g/m2, rol.w<=15cm, sheets, etc
95036000;Puzzles
95037000;Other toys, put up in sets or outfits
95038010;Other toys and models,incorporating a motor,electric
95038020;Toys of friction,mechan.orspring-operat.incorp.motor
2109940;Other edible offal
90304030;Selective level analysers,for telecommunications
90304090;Other instruments and apparatus,for telecommunications
90308210;Instruments and apparatus,f/testing integrated circuits
85252089;Oth.transm.appar./radio-telep/digit.radiotelegraphy
85252090;Oth.transmis.apparatus incorpor.reception apparatus
85253010;Television cameras with 3 or more image recorders
85253020;Television cameras with image cdd type, etc.ilum<0.20lux
85253030;Oth.television cameras f/capturing infrared spectrum
85414019;Oth.photosensitive semiconductor devices n/mounted
85414021;Light-emitting diodes (led) mounted,f/surf.mount.device
85414022;Oth.light-emitting diodes (led) n/mounted,exc.laser
85414023;Laser diodes with wavelength 1300mm or 1500mm
85414024;Other laser diodes
85414025;Photo-diodes/photo-transistors/photo-thyristors mounted
85414026;Photo-resistors mounted
85414027;Optic couplers,for surface mounted device (smd)
85414029;Oth.photosensitive semiconductor device mounted
85414031;Photo-diodes in modules or panels
85414032;Solar cells in modules or panels
85414039;Other photovoltaic cells in modules or panels
85415010;Other semiconductor devices not mounted
85415020;Other semiconductor devices mounted
91089100;Oth.watch movements meas.<=33.8mm,f/oth.watches
91089900;Oth.watch movements, assembled for other watches
91091000;Machinery of clocks and watches, electrically operated
91091100;Clock movements, assembled f/of alarm clocks,oper.elect.
80040000;Tin plates, sheets and strip, of a thickness>0.2mm
80050010;Tin sheets and strips, of a thicknes<=0.2mm
80050020;Tin waste and scrap,  of tin
80060000;Tin tubes and its accessories
80070000;Other articles of tin
80070010;Tin plates, sheets and strips
80070020;Tin waste and scrap,  of tin
84101200;Hydraulic turbines and water wheels, 1000kw<pot<=10000kw
84101300;Hydraulic turbines and water wheels, potency>10000kw
84109000;Parts of hydraulic turbines/water wheels, incl.regulat.
84111100;Turbo-jets of a thrust <= 25kn
84111200;Turbo-jets of a thrust > 25kn
84112100;Turbo-propellers of potency <= 1100kw
84112200;Turbo-propellers of potency > 1100kw
84118100;Other gas turbines, of potency <= 5000kw
84118200;Other gas turbines, of potency > 5000kw
47041900;Chemical non-coniferous wood pulp, sulphite, unbleached
47042100;Chemical coniferous wood pulp, sulphite, semi/bleached
47042900;Chemical wood pulp of n/coniferous, sulphite, semi/bleac
47050000;Wood semi-chemical pulp
47061000;Cotton linters pulp
47062000;Fibres pulps deriv.from recov.(waste/scrap)pap./paperbo
47063000;Other pulp of fibers obtained from bamboo
47069100;Mechanical pulps of other fibrous cellulosic material
47069200;Chemical pulps of other fibrous cellulosic material
47069300;Semi-chemical pulps of oth.fibrous cellulosic material
47071000;Unbleached kraft paper/paperb.corr.of recycling(wastes)
25240011;Crocidolite in fibers, not worked
25240019;Other asbestos in fibers, not worked
25240020;Asbestos in powder
25240021;Crocidolite in powder
25240029;Other asbestos in powder
25240090;Other forms of asbestos
25241000;Crocidolite (asbestos) even stained
25249000;Other forms of asbestos (asbestos)
25251000;Crude mica and mica rifted into sheets or splittings
25252000;Mica powder
28352500;Calcium hydrogenorthophosphate (dicalcium phosphate)
28352600;Other phosphates of calcium
28352910;Iron phosphate
28352920;Phosphate cobalt
28352930;Phosphaste copper
28352940;Phosphate chromium
28352950;Phosphate strontium
28352960;Manganese phosphates
28352970;Triammonium phosphate
28352980;Trisodium phosphate
28352990;Other phosphates
28256020;Zirconium dioxide
28257010;Molybdenum trioxide
28257090;Other molybdenum oxides and hydroxides
28258010;Antimony trioxide
28258090;Other antimony trioxide
28259010;Cadmium oxide
28259020;Tungsten trioxide (volframio)
28259030;Mercuric oxide
28259090;Oxide, hydroxides and peroxides of other metals, etc
28261110;Ammonium acid fluoride
29034919;Ot.deriv.methane, ethane, etc.hal.with fluorine/chlorine
29034920;Deriva.methane, ethane, propane hal.with fluorine/bromine
29034931;Halothane (bromochlorodifluoromethane)
29034939;Other derivatives of bromotrifluoromethane
29034990;Oth.deriv.halogenat.acycl.hydrocarb.with 2 halog.differ
29035110;Lindane (1, 2, 3, 4, 5, 6- hexachlorocyclohexane)
29035190;Other derivative of(1, 2, 3, 4, 5, 6- hexachlorocyclohexane)
29035210;Aldrin
40021920;Carboxylated styrene-butadiene rubber, in foils, etc.
41064000;"Leathers/skins, of reptiles, tanned or ""crust"""
41069100;Leathers/skins, of other animals, tanned in the wet state
41069200;"Leathers/skins, of other animals, dry state ""crust"""
41071010;Split skins, swine, chrome-tanned, wet blue
41071090;Other split skins, of swine, prepared
41071110;Whole leathers of bovines, full grains, prepared s<=2, 6m2
41071120;Oth.whole leathers/skins of bovines, full grain.prepar.
41071190;Leathers/skins, equine, whole, full grains, prepared
41071210;Whole leathers/skins of bovines, prepared s<=2, 6m2
41071220;Oth.whole leathers/skins of bovines, prepared, etc.
41071290;Oth.whole leathers/skins, equine, prepared
41071910;Whole leathers/skins of bovines, prepared s<=2, 6m2
41071920;Oth.whole leathers/skins of bovines, prepared
41071990;Leathers/skins, equine, whole, prepared after tanned
41072100;Reptiles skins, with vegetal pre-tanning
41072900;Other reptiles skins, prepared
41079000;Waxed skin, of other animals, prepared
29189999;Other ac.carb. with/func.oxig.supland s/anid., s/der.
29190010;Phosphoric ester of tributyl
29190020;Phosphoric ester of tricresyl
29190030;Phosphoric ester of triphenyl
29190040;Dichlorvos (ddvp)
29190050;Calcium lactophosphate
29190060;Chlorfenvinphos
29190070;Tris (2, 3-dibromopropyl) phospahte
29190090;Oth.phosphoric ester, its salt, halogen.derivative, etc
29191000;Tris (2, 3-dibromopropyl) phospahte
29199010;Phosphoric ester and salts of tributyl
27101159;Other gasoline
27101160;Mixt.satur.hydroc.frac.forpetroc>=90%, 70°<=pto<210ºc
27101190;Oth.light oils of petroleum/from bituminous minerals
27101210;Commercial hexane
27101221;Diisobutylene
27101229;Other mixtures of alquilidenes
27101230;Mineral spirits (white spirit)
27101241;Naphtha for petrochemical
27101249;Others naphthas, except for petrochemical
27101251;Gasoline for aviation
27101259;Other gasolines, except for aviation
27101260;Mixture of hydrocarbons, acyclic and cyclic
27101290;Other light oils and preparations
27101911;Kerosene oils for aviation
29171310;Azelaic acid, its salts and esters
29171321;Sebacic acid
29171322;Dibutyl sebacate
29171323;Dioctyl sebacate
29171329;Other sebacic acid, their salts and esters
29171400;Maleic anhydride
29171910;Sodium dioctylsulphosuccinate
29171921;Maleic acid
27079900;Oils and other prod.of the distillation of coal tar, etc
27079910;Cresols
27079990;Other oils and products of tar distillation
27081000;Pitch, obtained from mineral tar
27082000;Pitch coke,  obtained from mineral tar
27090010;Petroleum oils, crude
27090090;Oils obtained from bituminous minerals, crude
27100011;Naphthas for petro-chemistry
28366010;Barium carbonate, with a BaCO3 content equal or higher to 98%, by weight
28366090;Other barium carbonate
28367000;Lead carbonate
28369100;Lithium carbonates
28369200;Strontium carbonate
28369911;Magnesium carbonate with density<200 kg/m3
28369912;Zirconium carbonate
28369913;Ammonium carbonate, including commercial
28369919;Other carbonates
39269030;Plastic bags for medical use (colostomy, hemodialysis)
39269031;Plastic bags for colostomy, ileostomy, urostomy
39269032;Plastic bags for use in hemodialysis
39269039;Other plastic bags for medical use
41052090;Dehaired skins, of sheep, after-tanned parchment-dressed
47072000;Oth.paper/paperboard, made of bleac.chem.pulp, of recycl.
48119090;Oth.paper of cellulose covered impreg.etc.rolls/sheets
48120000;Filter blocks, slabs and plates, of paper pulp
48131000;Cigarette paper, in the form of booklets or tubes
48132000;Cigarette paper, in rolls of width<=5cm
48139000;Other papers for cigarettes
48141000;Ingrain paper
48142000;Wallpaper, cover.of grained, plast.etc.decoration
48143000;Wallpaper, covered with plaiting material
48149000;Oth.wallpaper/covered walls, windows transpar.of paper
48150000;Floor coverings on a base of paper or of paperboard
48161000;Carbon paper and similar even in boxes
48162000;Self-copy paper, whether or not in boxes
48163000;Duplicator stencils
48169000;Oth.paper for copy/duplication and foils  offset, of paper
48169010;Carbon paper and similar even in boxes
48169090;Oth.paper for copy/duplication and foils  offset
48171000;Envelopes of paper or paperboard
48172000;Letter cards, plain postcards n/illust.correspond.cards
40051010;Ethylene-propylene-diene rubber, etc.with silica, granul.
40051090;Oth.vulcan.rubber with carbon black/silica, in foils, etc
40052000;Mixtures rubber, unvulcanised, in solution, dispersions
40059110;Prep.with base of rubber, forprod.gums forchew.plates, etc
40059190;Ot.mixtures rubber, unvulcanised, in plastes, sheets, strip
40059910;Prep.with a base of rubber, forprod.gums forchew.prim.foms
40059990;Other mixtured rubbers, unvulcanised, in primary forms
40061000;Camel-back' for retreading, of rubber, unvulcanised
40069000;Other forms and articles, of rubber, unvulcanised
40070000;Thread and cord, of vulcanised rubber
40070011;Vulcanised rubber thread, covered with silicon
40070019;Other vulcanised rubber thread
40070020;Vulcanised rubber cord
40081100;Plates, sheets, etc.of rubber vulcanised, alveolar n/hard.
40081900;Rods/profiles of rubber vulcanised, alveolar n/hardened
40082100;Plastes, sheets, etc.of rubber n/vulcan., alveol.n/hard.
41141000;Leathers/skins chamois (incl.combination chamois)
41142010;Leathers/skins varnishings or covered
41142020;Leathers and skins metallised
41151000;Composition leather with a basis of leather, etc.
41152000;Parings and other waste of leather, etc.
25162000;Sandstine, cut in blocks, plates, squares, rectangular
25162100;Sandstine, in crude or roughly trimmed
25162200;Sandstine, cut or in blocks or slabs
25169000;Other monumental or building stone
28242000;Red lead and orange lead
28249000;Other lead oxides
48185000;Clothing and their accessories, of paper
48189000;Other articles of paper, for sanitary/domestic/hospital use
48189010;Absorbent pads of a kind used in packing foodstuffs
48189090;Oth.articles of paper, foruse sanitary/domestic/hospit
48191000;Boxes of paper/paperboard, corrugated
48192000;Folding cartons, boxes, of non-corrugated paper/paperb.
48193000;Sacks of paper/paperb., having a base of a width>=40cm
48194000;Other sacks, bags, cones, of paper/paperboard
48195000;Oth.packing contain.of paper/paperb.incl.record sleeves
48196000;Box files/silmilar articl.foroffices, stor.sim.establishm
48201000;Registers, account books, note books, etc
25151220;Travertine cut into blocks or slabs
25152000;Granite ecaussine and other calcareous monumental, etc.
25161100;Granite, in crude or roughly trimmed
25161200;Granite, cut or in blocks or slabs
28319090;Other dithionites and sulphoxylates
28321010;Disodium sulphites
28321090;Other disodium sulphites
28322000;Other sulphites
28323010;Ammonium thiosulphates
28323020;Sodium thiosulphates
28323090;Other thiosulphates
28331110;Anhydrous disodium sulphate
46019400;Other materials for twisting, of vegetable materials
28371100;Sodium cyanides and cyanide oxides
28371911;Potassium cyanide
28371912;Zinc cyanide
28371913;Cyanides of mercury
28371914;Cuprous cyanides
28371915;Cupric cyanide
28371919;Other cyanides
28371920;Other cyanides oxides
28372011;Sodium ferrocyanide
28372012;Ferrous ferrocyanide (ferrous ferrocyanide)
28372019;Other ferrocyanides
28372021;Potassium ferricyanide
28372022;Ferrous ferricyanide (ferrous ferricyanide)
28372023;Ferrous ferricyanide (ferrous ferricyanide)
28372029;Other ferricyanides
28372090;Other complex cyanides
29054200;Pentaerythritol
29054300;Mannitol
29054400;D-glucitol (sorbitol) (polialcohol)
29054500;Glycerol
29054900;Other unsaturated polyalcohols
29055010;Chloral hydrate
29055020;Ethchlorvynol
29055090;Oth.halogenated deriv.etc.of acyclic alcohols, unsatur.
29055100;Ethchlorvynol (inn)
29055910;Chloral hydrate
29055990;Oth.hydrogenated deriv.etc.of acyclic alcohols
29061100;Menthol
29153992;Bornyl esters
29153993;Dimethylbenzylcarbinyl esters
29153994;Bis(p-acetoxyphenyl)cyclohexylidenemethane(cyclophen.)
29153999;Other acetate acid esters
29154010;Monochloroacetic acid
29154020;Sodium monochloroacetate
29032900;Ot.derivatives chlor.n/satureted of cyclic hydrocarbons
29033011;1, 1, 1, 2-tetrafluoroethane
29033012;1, 1, 3, 3, 3-pentafluoro-2-(trifluoromethyl)prop-1-ene
29033019;Others fluorinated derivatives of acyclic hydrocarbons
29033021;Bromomethane
29033022;1, 2-dibromomethane
29033029;Others bromomethane derivatives of acyclic hydrocarbons
29033031;Iodoethane
29033032;Iodoform
29033039;Others iodoethane derivatives of acyclic hydrocarbons
29033100;Ethylene dibromomethane (iso) 1, 2-dibromomethane
29033911;1, 1, 1, 2-tetrafluoroethane
29033912;1, 1, 3, 3, 3-pentafluoro-2-(trifluoromethyl)prop-1-ene
29033919;Other fluorinated derivatives
29033921;Bromomethane
29033929;Other brominated derivatives
29033931;Iodoethane
29033932;Iodoform
29033939;Others iodoethane derivatives
29034100;Trichlorofluoromethane
25181000;"Dolomite, not calcined or sintered, ""raw"""
25182000;Calcined or sintered dolomite
25183000;Dolomite ramming mix
25191000;Natural magnesium carbonate (magnesite)
25199010;Fused magnesia
25199090;Fused magnesia and other oxides of magnesium
25201011;Gypsum in irregular pieces (stone)
25201019;Other forms of gypsum
25201020;Anhydrite
25202010;Milled plaster ground, for use in dentistry
25202090;Other forms of plasters
25210000;Limestone flux, calcar.stone formanufac.of lime or cement
25221000;Quicklime
25222000;Slaked lime
25223000;Hydraulic lime
25231000;Cement clinkers
25232100;Portland cement, white
28261190;Other fluoride of ammonium or of sodium
28261200;Fluoride of aluminium
28261910;Fluoride of aluminium
28261920;Ammonium acid fluoride
28261990;Other fluoride
28262000;Fluorosilicates of sodium or of potassium
28263000;Sodium hexafluoroaluminate (synthetic cryolite)
28269000;Other fluorosilicates, fluoroaluminates, complex fluorine salts
28269010;Fluoroaluminates of potassium
46019900;Plaits/etc.of other materials, strands or woven
46021000;Basketwork, of vegetable materials
46021100;Basketwork, of bamboo
46021200;Basketwork, of rattan
46021900;Other basketwork, of vegetable materials
46029000;Basketwork, of other materials for plait, etc.
47010000;Mechanical wood pulp
47020000;Chemical wood pulp, dissolving grades
47031100;Chemical wood pulp of coniferous, soda or sulphate, raw
48115129;Oth.paper/paperb.bleac.coat.etc.plast.w>150g/m2
48115130;Oth.paper/paperb.bleac.impregn.plastic, w>150g/m2
48115910;Oth.paper coated etc.plast.strips/rolls w<=150g/m2
48119000;Oth.paper/paperb./wadding/webs of cellulose fibres
48119010;Oth.paper of cellulose covered.etc.strips/rolls w<=15cm
40022010;Butadiene rubber oil (br)
40022090;Butadiene rubber (br), in foil, sheets, strip, etc.
40023100;Isobutene-isoprene (butyl) rubber, in foils, etc.
40023900;Isobutene-isoprene rubber halogenated, in foils, etc
40024100;Latex of rubber of chloroprene (chlorobutadiene)(cr)
40024900;Chloroprene(chlorobutadiene)rubber(cr), in foils, etc.
40025100;Latex of rubber of acrylonitrile-butadiene(nbr)
40025900;Acrylonitrile-butadiene rubber, in foils, sheets, etc.
40026000;Isoprene rubber (ir) in foils, sheets, strip, etc.
40027000;Ethylene-propylene-non-conjugat.diene rubber, in foils,
40028000;Mixtures of natural rubber with synthetic rubber, etc
40029100;Latex of other synthetic rubber or artificial
41044920;Other leathers/skins of bovines, dry state
41044990;Other leathers/skins equine, dry state
41051010;Waxed skins of sheep, wet, vegetable pre-tanned
41051021;"Waxed skins of sheep tanned chromo""wet blue"""
41051029;Other waxed skins of sheep, pre-tanned
41051090;Other waxed skins of sheep, tanned
41051100;Dehaired skins, of sheep, with vegetable pre-tanned
41051210;Dehaired skins, of sheep, chromo tanned, wet blue
41051290;Dehaired skins, of sheep, pre-tanned of other way
41051900;Other dehaired skins, of sheep, tanned or retanned
41052010;Dehaired skins, of sheep, chromo tanned, dry state, crust
44123200;Plywood with ply of non-conferous wood thickness <6mm
44123900;Other plywood, veneered panels, thickness <=6 mm
44129200;Other plywood, with layer of tropical wood
44129300;Other plywood, with particle board
29214942;Levamfetamine(di-alpha-methylphenetylamine)and its salts
29214943;"Dexamfetamine (""dexamphetamine"") and its salts"
29214944;"Etilamfetamine (""n-ethylamphetamine"") and its salts"
29214945;Benzfetamine and its salts
29214946;Mefenorex and its salts
29214949;Oth.methylphenetylamine, its derivatives and its salts
26012000;Roasted iron pyrites (gray pyrites)
26020010;Manganese ores, agglomerated and concentrates
28276029;Other iodides oxides
28281000;Calcium hypochlorite, incl.commercial
28289011;Sodium hypochlorite
28289019;Other hypochlorite
28289020;Sodium chlorite
28289090;Other hypobromites chlorite
28291100;Sodium chlorates
28291910;Calcium chlorates
28291920;Potassium chlorates
28291990;Others chlorates
28299011;Sodium bromates
28299012;Potassium bromates
28299019;Other bromates
28299021;Sodium perbromates
28299022;Potassium perbromates
28299029;Other perbromates
28299031;Potassium iodates
28299032;Calcium iodates
28299039;Others iodates
28299040;Periodates
28299050;Perchlorates
29215132;N-isopropyl-n'-phenyl- p-phenylenediamine
29215133;N-(1, 3-dimethylbutyl)-n'-phenyl-p-phenylenediamine
29215134;N-(1, 4-dimethylpentyl)-n'-phenyl-p-phenylenediamine
29215135;N-phenyl-p-phenylenediamine (4-aminodiphen.) and salts
29215139;Other derivatives of phenylenediamine and its salts
28181090;Oth.artific.corundum, whether or not chemically defined
28182010;Calcined alumina
28182090;Other aluminium oxide
28183000;Aluminium hydroxide
28191000;Chromium trioxide
28199010;Chromium oxides
28199020;Chromium hydroxides
28201000;Manganese dioxide
28209010;Manganese oxide
28209020;Dimanganese trioxide (manganese sesquioxide)
28209030;Manganomanganic oxide (manganese saline oxide)
28209040;Permanganic anhydride
28211011;Iron oxides containing 85% or more by weight of fe2o3
28211019;Other ferric oxides
28211020;Ferrosoferric oxide (magnetic iron oxide)
28211030;Iron hydroxides
28211090;Other iron oxides
28212000;Earth colours, contain.>=70%comb.iron, evaluat.as fe203
28220010;Tricobalt tetraoxide (cobalt saline oxide)
29039918;"Bifenilas policloradas(pcb);terfenilas policloradas(pct"
29039919;Other halogenated derivatives, solely with chlorine
29039921;Bromobenzene
29039922;Bromides xilila
29039923;Brominediphenylmethane
29039924;Bifenilas polibromadas (pbb)
29039929;Other halogenated derivatives, only with bromine
28220090;Oth.cobalt oxides and hydroxides, incl.commercial
28230010;Titanium oxides, anatase type
28230020;Titanium oxides, rutile type
28230090;Other titanium oxides
28241000;Lead monoxide (litharge, massicot)
29034200;Dichlorodifluoromethane
29034300;Trichlorotrifluoroethanes
29034400;Dichlorotetrafluoroethanes and chloropentafluoroethane
29034510;Chlorotrifluoromethane
29034520;Chlorotrifluoromethane
29034530;Tetrachlorodifluoroethanes
29034541;Heptachlorofluoropropanes
29034542;Hexachlorodifluoropropanes
29034543;Pentachlorotrifluoropropanes
29034544;Tetrachlorotetrafluoropropanes
29034545;Trichloropentafluoropropanes
29034546;Dichlorohexafluoropropanes
29034547;Chloroheptafluoropropanes
29162011;3-(2, 2-dibromovinyl)-2, 2-dimethylcyclopropanecarb. acid
29162012;3-(2, 2-dichlorovinyl)-2, 2-dimethylcyclop.ac.chlor.(dvd)
29162013;Allethrins
29162014;Permethrin
29162015;Bifenthrin
29162019;Other derivat.of cyclopropanecarboxylic acid
29162090;Oth.cyclanic, cyclenic, cycloterpenic monocarboxyl.ac.etc
29163110;Benzoic acid
29156019;Other esters of butanoic acids
29156021;Pivalic acid
29156029;Valeric acid and other salts and esters
29157010;Palmitic acid,  its salts and esters
29157011;Palmitic acid
29157019;Other salts and esters from palmitic acid
29157020;Stearic acid (acyclic saturated monocarboxylic acid )
29157031;Zinc salts of stearic acid
29157039;Other salts of stearic acid
29157040;Esters of stearic acid
29159010;Chloroacetyl chloride
29159021;2-ethylhexanoic acid
29159022;Tin 2-ethylhexanoate
29159023;Triethylene glycol di(2-ethylhexanoate)
29159024;Chloride 2-etilexanoila
29159029;Other salts and esters of 2-ethylhexanoic acid
29159031;Myristic acid
29159032;Caprilic acid
29159033;Isopropyl myristate
29159039;Other salts and esters of myristic/caprilic acid
29159041;Lauric acid
29159042;Salts and esters of lauric acid
29159050;Acid peroxides saturated acyclic monocarboxylic acids
29159060;Acid peroxides saturated acyclic monocarboxylic acids
25232910;Portland cement, common
25232990;Other kind of portland cement
41079290;Leathers/skins, equine, prepared, grain splits
41079910;Other leathers/skins, bovines, prepared
41079990;Other leathers/skins, equine, prepared
41080000;Leathers and skins, chamois, incl.combined chamois
41090010;Leathers and skins, varnishing or covered
41090020;Leathers and skins, metallic
41100000;Leathers and skins, chips and other wastes, prepar.etc.
41110000;Leather reconstituted in foils, leaves or strips
41120000;Leather further prepared after tanning, of sheep, etc.
41131010;Goats leathers, chrome-tanned, with finishing
41131090;Oth.goats leathers, prepared after tanning, etc
41132000;Swine leathers, prepared after tanning, etc
41133000;Reptiles leathers, prepared after tanning, etc
41139000;Leathers of other animals, prepared after tanning, etc
47031900;Chemical wood pulp of n/coniferous, soda or sulphate, raw
47032100;Chemical wood pulp of conif., soda/sulphate, semi/bleach
47032900;Chemical wood pulp of n/conif., soda/sulphate, semi/bleac
47041100;Chemical coniferous wood pulp, sulphite, unbleached
29039931;4-cloro-alfa, alfa, alfa-trifuortoluene
29039939;Other halogenated derivatives, only with fluorine/chlo.
29039990;Other halogenated derivatives
29041011;Methane sulphonic acid
29041012;Lead methanesulphonate
29161990;Other unsaturated acyclic monocarboxylic acids, etc.
26209100;Ash and residues containing antimony, beryllium, etc
26209910;Ash and residues containing mainly titanium
26209990;Ash and residues containing other metals
26210010;Ash of vegetable origin
28353100;Sodium triphosphate (sodium polyphosphates)
28353110;Sodium triphosphates, nutritious degree (fao-oms)
28353190;Other sodium triphosphate (sodium tripolyphosphate)
28353910;Sodium metaphosphate
28353920;Sodium pyrophosphate
28353930;Zinc pyrophosphate
28353990;Other phosphinates
28361000;Ammonium carbonate, including commercial
28362010;Anhydrous disodium carbonate
28362090;Other disodium carbonate
28363000;Sodium hydrogencarbonate (bicarbonate) of sodium
28364000;Potassium carbonates
28365000;Calcium carbonate
28366000;Barium carbonate
29051912;Isodecanol
29051919;Other decanols, saturated
29051921;Magnesium ethylate
29051922;Sodium methylate
26080090;Other zinc ores and concentrates
26090000;Tin ores and concentrates
26100010;Chromite (chromium ores)
26100090;Other chromium ores and concentrates
26110000;Tungsten ores and concentrates
26121000;Uranium ores and concentrates
26122000;Thorium ores and concentrates
26131010;Molybdenum roasted (molybdenum ores)
26131090;Other molybdenum ores, roasted and concentrates
26139010;Molybdenum n/roasted (molybdenum ores)
26139090;Other molybdenum ores, n/roasted and concentrates
28309016;Zinc sulphide
28309019;Other sulphides
28309020;Polysulphides
28311011;Dithionites(sulphides hydroxides)of sodium stabilized
28311019;Other dithionites(sulphides hydroxides)of sodium
28311021;Sodium sulphoxylates, stabilized with formaldehyde
28311029;Other sodium sulphoxylates
28319010;Zinc dithionites
29052210;Linalol
29052220;Geraniol
29052230;Dihydromyrcenol (2, 6-dimethyl-7-octen-2-ol)
29052290;Other unsaturated acyclic terpene alcohols
29052910;Allyl alcohol
29052990;Other unsaturated monoalcohols
29152200;Sodium acetate
29152300;Cobalt acetates
29152400;Acetic anhydride
29152900;Other salts acetic acid
29152910;Sodium acetate
29152920;Cobalt acetates
29152990;Other salts of acetic acid
29153100;Ethyl acetate
29153200;Vinyl acetate
29153300;N-butyl acetate
29153400;Isobutyl acetate
29153500;2-ethoxyethyl acetate
29153600;Dinoseb acetate
29153910;Linalyl acetate
29153921;Triacetin
29153929;Other glycerin acetate
25112000;Natural barium carbonate (witherite)
25120000;Siliceous fossil meals/other siliceous earths, d<=1
25131000;"Pumice stone; emery/other natural garnett"
25131100;Pumice stone, crude, in irregular pieces, includ.crushed
25131900;Other forms of pumice stone
25132000;Emery, natural corundum, natural garnet/ot.nat.abrasives
25140000;Slate, whether/n/roughly trimmed/merely cut, blocks slabs
25151100;Marble and travertine, crude or roughly trimmed
25151210;Merely cut into blocks or slabs
25253000;Mica waste
25261000;Natural steatite, not crushed, not powdered
25262000;Natural steatite, crushed or powdered
25270000;Natural criolite and natural quiolite
25280000;Natural borates and concen.thereof(calcined or not)
25281000;Natural sodium borates and concentrates thereof
28273930;Mercuric chloride (mercuric chloride)
28273931;Mercuric chloride (mercuric chloride)
28273932;Mercuric chloride (mercuric chloride)
28273940;Zirconium chloride
28273950;Antimony chloride
28273960;Lithium chloride
28273970;Bismuth chloride
28273991;Cadmium chloride
28273992;Caesium chloride
28273993;Chromium clhoride
28273994;Strontium chloride
28273995;Manganese chloride
28273996;Iron chloride
28273997;Cobalt chloride
28273998;Zinc chloride
28273999;Other chloride
28274110;Copper chloride oxides
28274120;Copper chloride hydroxides
28274911;Bismuth chloride oxides
28274912;Zirconium chloride oxides
28274919;Other chloride oxides
29051929;Other metallic alcoholates
29173919;M-phthalic acid, its salts
26140010;Ilmenite (titanium ores)
26140090;Other titanium ores and concentrates
26151010;Zirconium (zirconium ores)
26151020;Zircon (zirconium ores)
26151090;Other zirconium ores and concentrates
26159000;Niobiumtantalum or vanadium ores and concentrates
26161000;Silver ores and concentrates
26169000;Other precious metal ores and concentrates
26171000;Antimony ores and concentrates
26179000;Other ores and concentrates
26180000;Granulated slag from the manufacture of iron and steel
26190000;Other slag and waste from the manufac.of iron and steel
26201100;Hard zinc spelter(containing mainly zinc)
26201900;Other ash and residues containing zinc
26202000;Other ash and residues containing lead
26202100;Muds of gasoline containing lead, etc.
26202900;Other ash and residues containing mainly lead
26203000;Ash and residues containing mainly copper
26204000;Ash and residues containing mainly aluminium
26205000;Ash and residues containing mainly vanadium
28332920;Lithium sulphate
28332930;Strontium sulphate
28332940;Mercury sulphate
28332950;Lead neutral sulphate
28332960;Cromium sulphates
28332970;Zinc sulphates
28332990;Other sulphates
28333000;Alums
28334010;Peroxosulphates (persulphates) of sodium
28334020;Peroxosulphates (persulphates) of antimony
28334090;Other peroxosulphates (persulphates)
28341010;Sodium nitrite
28341090;Other nitrites
28342110;Potassium nitrite containing<=98% by weight of kno3
28342190;Other potassium nitrites
28342200;Bismuth nitrate
28342910;Calcium nitrite cont.<=16% by weight of nitrogen
28342920;Mercury nitrite
28342930;Aluminium nitrite
28342940;Lithium nitrite
29062920;Dicofol
29062990;Other aromatic cyclic alcohols and their derivatives
29071100;Phenol (hydroxybenzene) and its salts
29071200;Cresols and their salts
29183090;Others carboxylic acids aldehyde fuction,  ketone, etc
29189011;Phenoxyacetic acid, its salts and esters
52051200;Cotton yarn>=85%, simple, fibr.n/combed.232.56<=t<714.29d
52051310;Cotton yarn>=85%, raw, simple, fibr.n/com.192.3<=t<232.5d
52051390;Oth.cotton yarn>=85%, simple, fibr.n/comb.192.3<=t<232.5d
85043300;Electrical transformers 16kva<pot<=500kva
85043400;Electrical transformers potency > 500 kva
85044010;Accumulator chargers (electric converters)
85044021;Crystal rectifiers(semiconductor)(electric converters)
85044022;Electrolytic rectifiers(electric converters)
85044029;Other rectifiers(electric converters)
85044030;Electric converters of continuous current
85044040;Ups (uninterrupted power supplies) equipment
85044050;Elect.freq.converters f/varying speed of electr.motors
85044060;Electronic power supplies apparatus f/emerg.lighting
85015320;Elec.motor alter.cur.multi-phase 7.500kw<pot<=30.000kw
85015330;Elec.motor alter.cur.multi-phase 30.000kw<pot<=50.000kw
85015390;Ot.elect.motor alternative current poli-ph.pot>30.000kw
85016100;Generators of alternative current, pot<=75kva
85016200;Generators of alternative current, 75kva<pot<=375kva
85016300;Generators of alternative current, 375kva<pot<=750kva
85016400;Generators of alternative current, pot>750kva
85021110;Electric gener.sets f/diesel engine, p<=75kva, alt.curr.
85021190;Oth.electric generat.sets f/diesel engine, pot<=75kva
85021210;Electric gener.sets f/diesel eng.75<p<=375kva, alt.curr.
85021290;Ot.electric generat.sets f/diesel engine, 75kva<p<375kva
85021311;Elect.gener.sets f/diesel eng., 375<p<=430kva, alt.curr.
85021319;Oth.elect.gener.sets f/diesel engine, p>375kva, alt.curr.
84433222;Impact printer with braille characters
84433223;(dot) matrix impact printer
84433229;Other impact printers
28331190;Other disodium sulphate
28331900;Other sodium sulphate
28332100;Magnesium sulphate
28332200;Aluminiium sulphate
28332300;Chromium sulphate
28332400;Nickel sulphate
28332510;Cuprous sulphate
28332520;Cupric sulphate
28332600;Zinc sulphates
28332710;Barium sulphate containing>=97.5%, by weight of baso4
28332790;Other barium sulphates
28332910;Antimony sulphate
29041013;Tin methanesulphonate
29041019;Oth.derivatives of metasulphonates acid and their salts
29041020;Dodecylbenzenesulphonic acid and its salts
28274921;Aluminium chloride hydroxides
28274929;Other chloride oxides
28275100;Bromides of sodium or of potassium
28275900;Other bromides and bromide oxides
28276011;Iodides of sodium
28276012;Iodides  of potassium
28276019;Other iodides oxides
28276021;Potassium iodides oxides
29037712;Diclorodifluorometano
29037713;Clorotrifluorometano
29037721;Triclorotrifluoroetanos
29037722;Diclorotetrafluoroetanos e cloropentafluoroetano
29037723;Pentaclorofluoroetano
29037724;Tetraclorodifluoroetanos
29037731;Heptaclorofluoropropanos
29037732;Hexaclorodifluoropropanos
29037733;Pentaclorotrifluoropropanos
29037734;Tetraclorotetrafluoropropanos
29037735;Tricloropentafluoropropanos
29171922;Maleic acid, its salts and esters
29171930;Fumaric acid, its salts and esters
29171990;Other acyclic polycarboxylic acids, etc.
29172000;Cyclanic, cyclenic, etc.polycarboxylic acids, etc
29173100;Dibutyl orthophthalates
29173200;Dioctyl orthophthalates
29173300;Dinonyl or didecyl orthophthalates
29173400;Other esters of orthophthalic acid
29173500;Phthalic anhydride
27132000;Petroleum bitumen
27139000;Other residues of petroleum oils, bituminous minerals
28442000;Uranium enriched in u 235, plutonium, its compoundsm, etc
28443000;Uranium depleted in u 235, thorium, its compounds, etc
28444010;Molybdenum 99 abs.in alumina, forobtain.of tecnecio 99
28444020;Cobalt 60
28444030;Iodine 131
28444090;Oth.radioactive elements and isotopes and compounds, etc
28445000;Spent fuel elements of nuclear reactors
28451000;Heavy water (deuterium oxide)
28459000;Other isotopes and their compounds inorg.or organic
28461010;Ceric oxide
28461090;Other ceric compounds
28469010;Praseodymium oxide
29081013;P-chlorophenol
29081014;Trichlorophenols and their salts
29081015;Tetrachlorophenols and their salts
29081016;Pentachlorophenol and its salts
29081019;Ot.deriv.phenols halog./alcohols phenols salts, w/chloro
29081021;2, 4, 6-tribromophenol
29081029;Ot.deriv.phenols halog./alcohols phenols salts, w/bromin
52041131;Cotton sewin.thread>=85%, bleac/colours, t<=5000d, cable=2
52041132;Cotton sewin.thread>=85%, bleac/colours, t<=5000d, cable>=
52041140;Cotton sewing thread>=85%, bleach./colours, t>5000d
52041911;Other sewing thread, of raw cotton, tit<=5000dec.cable=2
49111010;Trade advert.material/commer.catalog(technical manuals)
49111090;Other trade advertising material/commer.catalogues, etc
52104990;Other fabrics of cotton, made from yarn of different colours, synthetic or ariticial fibres, weight<200g/m2
52105100;Fabric cotton<85%, printed/fibre synt/art.taf, w<=200g/m2
52105200;Fabric cotton<85%, printed/fib.synt/art.twill, w<=200g/m2
52105900;Ot.fabrics of cotton<85%, printed/fib.syn/art, w<=200g/m2
52105910;Fabrics of printed cotton, synthetic or ariticial fibres, point twill, diag. <200g/m2
84715020;Digital proces.unit med.cap.etc.us$12500<fob<=us$46000
84715030;Digital proces.unit big cap.etc.us$46000<fob<=us$100000
84863000;Machinery for produc. of devices to visualization of plane screen
29051720;Cetyl alcohol (hexadecan-1-ol)
29051730;Stearyl alcohol (octadecan-1-ol)
29051911;N-decanol
29173920;O-phthalic acid, its salts
29173931;Dioctyl esters of terephthalic acid
29173939;Other terephthalic acid esters
84669410;Parts and acces.mach.tools f/forging, etc.metals
84669420;Parts and acces.mach.tools f/rolling, etc.metals
84669430;Parts and acces.mach.tools f/extrusion of metals
84439110;Parts of offset printing machinery, sheets fed<=22x36cm
84439191;Auxiliar printing machine (bending)
84439192;Auxiliar printing machine (autom. numerator)
84439199;Other auxiliary machinery for printing
84439911;Other printing mechanism, even without print head
84439912;Other printing mechanism, with print head
84439913;Backstage, frames for telephone and telegraph equipments
84439919;Other mechanisms for impact print
84439921;Other printing mechanism, even without print head inc.
84439922;Other print head for inkjet mechanism
84439923;Other ink cartridges
84439924;Other print head, for printers
84439925;Thermal print heads without inkjet, for printer
84439926;Ribbon of characters to printers
84439927;Ink cartridges, for printers
84439929;Other parts/acess.for printers/plotters
84439931;Other printing mechanism, even without fotosen. cylinder incorp.
84439932;Other cylinder corvered by semic. photoeletric material
84609011;Ot.mach.tools f/polish.metals/cermets, with num.cont.rot
84609012;Grinding mach.tools , heads>=2, rotary work holder
84609019;Ot.mach.tools f/sharp.etc.metals/cermets, with num.cont.
84609090;Ot.mach.tools f/sharpening, etc.metals/cermets
84611000;Machine-tools for planing gears
84612010;Machine-tools for slotting gears
84612090;Machine-tools for shaping gears
84613010;Broaching machines for gears, with num.controlled
84613090;Other broaching machines for gears
84614010;Tooth-cutting machine, with num.control.
84614011;"Tooth-cutting machine, ""pfaut'er"" type, with num.control."
84614012;Machines f/rounding-off gear teeth, with num.contr.
84614019;Oth.gear-cutting, gear-finishing machines, with num.contr
84614091;Other machines for rounding-off gear teeth
84614099;Other gear-cutting, gear-finishing machines
84615010;Sawing or cutting-off machines for metals, bandsaws
84615020;Sawing or cutting-off machines for metals, circular saws
84729059;Other classifying autom.of doc.with reader/recording
84729090;Other machinery and apparatus of office, bank, etc.
84729091;Machines to print address, to print plates of address
84729099;Other machin./appl. of office, bank, etc.
84731010;Parts and accessories of texts treatment
84581990;Other horiz.lathes f/working metals, without num.control
84589100;Other horizont.lathes f/working metals, with num.control
84589900;Other lathes f/working metals, without num.controlled
84591000;Way-type unit head machines for drilling, boring, etc.met
84592110;Machinery f/drilling metals, radial numeric.controlled
84592191;Machinery f/drilling metals, hedst.num.contr>=1mono/mult
84592199;Other machinery f/drilling metals, with num.controlled
84592900;Other machine-tools for drilling metals
84593100;Oth.boring-milling machines of met., with num.controlled
84593900;Oth.boring-milling machines of met., without num.contr.
84594000;Other boring machines f/metals
84424020;Parts of ot.mach.appliances.etc.f/compos.phototype-setting
84424030;Parts of oth.mach.appl., etc.f/produc.of cliches, etc.
84424090;Parts of oth.mach/appl. for produc.of cliches, etc.
84425000;Typographic characters and other elements of impression
84431100;Offset printing machinery, reel fed
84431110;Machinery for multicol.newspapers printing, reel fed
74112290;Other tubes of copper-nickel alloys/copper-nickel-zinc
74112910;Tubes of other copper alloys, etc.not finned or grooved
74112990;Tubes of other copper alloys
48025490;Ot.paper/paperb.with fibre obtained<=10%, w<40%m/2
48025491;Manufactured paper of bleached pulp w<19g/m2, carbon paper
48025499;Other manufactured/obtained paper of bleached pulp, mechanic
28399040;Lead silicates
28399050;Potassium silicate
28399090;Other silicates
28401100;Anhydrous disodium tetraborate (refined borax)
28401900;Other disodium tetraborate (refined borax)
28402000;Other borates
28403000;Peroxoborates (perborates)
28411010;Sodium aluminate
28411020;Magnesium aluminate
28411030;Bismuth aluminate
28411090;Other aluminates
28412000;Chromates of zinc or of lead
28413000;Sodium dichromate
28414000;Potassium dichromate
28415011;Ammonium chromate and ammonium dichromate
28415012;Potassium chromate
28415013;Sodium chromate
28415014;Potassium dichromate
28415015;Zinc chromate
28415016;Lead chromate
29071300;Octylphenol, nonylphenol and their isomers and salts
29071400;Xylenols and their salts
29071510;Beta-naphthol and its salts
29071590;Other naphthols and its salts
29071910;2, 6-di-tert-butyl-p-cresol and its salts
29071920;O-phenylphenol and its salts
29071930;P-tert-butylphenol and its salts
29071940;Xylenols and their salts
29071990;Other monophenols
48025892;Kraft paper, fibre mec<=10%, w>150g/m2
48025899;Other paper/fibre paperboard mec<=10%, w>150g/m2
48026010;Kraft paper and paperboard, with fibre mech.process>10%
48026090;Other paper and paperboard, with fibre mech.process>10%
48026110;Paper with fibra mech.>10%, in rolls w<=15cm
48026191;Paper with fibra mech.>65%, w<=57g/m2, in rolls
48026192;Paper with fibra mech.>10%, kraft, in rolls
48026199;Oth.paper/paperboard fibre mech.process>10%, in rolls
39139040;Hardened proteins, in primary forms
39139050;Chitosan, its salts/derivatives, in primary forms
39139060;Chondroitin sulfate and its salts
39139090;Oth.natural polymers, incl.modified, in primary forms
39140011;Ion-exchangers based on copolymers styrene-divinylb.etc
39140019;Oth.ion-exchangers based on polystyrene/its copolymers
39140090;Ion-exchangers based on of oth.copolymers, primary form
84719013;Magnetizable type readers
85021390;Oth.electric generating sets f/diesel engine, p>375kva
85022011;Elect.gener.sets f/diesel engine, alt.current p<=210kva
85022019;Other electric generat.sets f/diesel engine, alt.current
85022090;Other electric generating sets for diesel engine
85023100;Other electric generating sets of wind-powered
85023900;Other electric generating sets
85024010;Electric rotary converters, of frequency
85024090;Other electric rotary converters
84735039;Oth.parts and acces.f/print.used in 2/more dif.machines
84735040;Magnetic heads, used in 2/more dif.machines
84735050;Plates of memory, surf<=50cm2, used 2/more dif.machines
84735090;Other parts and accessories, used in 2/more dif.machines
84741000;Machinery f/sorting, etc.substances solid mineral
85073011;Electric accumul.of nickel-cadmium, w<=2500kg, c<=15ah
85073019;Other elect.accumulators, of nickel-cadmium, w<=2500kg
84791090;Oth.machinery f/public works, building, etc.
84792000;Machinery f/extraction, etc.oil/fat vegetable/animal
85118020;Cut-outs comb.with regulators f/motor explos./dies.
85118030;Digital electronic ignition f/motor explosion/diesel
85118090;Oth.electrical ignition equipm.etc.f/motor explos./dies
85119000;Parts of electrical ignition, etc.f/motor explos./diesel
85121000;Lighting/visual signalling equipment, used on bicycles
85122011;Headlamps for automobiles and other cycles
85122019;Oth.electr.lighting equipment f/automobiles/oth.cycles
85122021;Fixed lights for automobiles and other cycles
85122022;Direction indication lights f/automobiles/oth.cycles
84433231;Inkjet printer with printing widht<=420mm
84433232;Thermal transfer printer (solid wax)
84433233;Laser printer, led or lcs monocrom, width<=280mm
84433234;Laser printer, led or lcs monocrom, width >280mm and <=420mm
84433235;Laser printer, led or lcs monocrom, print. speed <=20ppm
84433236;Laser printer, led or lcs monocrom, print. speed > 20ppm
84433237;Thermal, image printing medic diagnostic
84433238;Others, with printing width> 420mm
84433239;Other printers with  printing speed <30ppm
84433240;Other printers by sheet fed
84433251;Pen plotter
84433252;Other printers with printing widht >580mm
84433259;Other plotters
84433291;Postal bar code  printer,3in5,fluor.ink.,veloc.<=4,5m/s,step 1,4mm
84581190;Ot.horizontal lathes, f/work.metals, with numeric control
84581191;Horiz.lathes, f/work.metals, 6 or more work holder spind.
84581199;Ot.horizontal lathes, f/work.metals, with numeric control
84581910;Horizon.lathes, f/work.metals, with num.com.type  revolve
54026110;Yarn of aramids, multiple (folded) or cabled
54026190;Yarn of nylon/other polyamides, multiple(folded)/cabled
54026200;Yarn of polyesters, multiple(folded) or cabled
54026900;Yarn of other synt.filament multiple(folded)/cabled
54031000;High tenacity yarn of viscose rayon
54032010;Textured yarn, of cellulose acetate
54032090;Textured yarn, of other artificial filament
54033100;Yarn of viscose rayon, single, twist<=120turns/meter
54033200;Yarn of viscose rayon, single, twist>120turns/meter
54033300;Yarn of cellulose acetate, single
54033900;Yarn of other artificial filament, single
54034100;Yarn of viscose rayon, multiple(folded) or cabled
84691290;Other automatic typewriters
84692000;Automatic typewriters, electric
84693010;Stenotypes, non-electric w<=12kg
84693090;Other automatic typewriters, non-electric
84701000;Elect.calc.c/of oper.without ext.source  elec.power, etc
84702100;Calculating machines, elec.with disp.incorporate printer
84702900;Other calculating machines, electronic
84703000;Other calculating machines
84704000;Accounting machines
84705011;Cash registers, elec.comunic.with computer, etc.
84705019;Other cash registers electronic
84705090;Other cash registers
84709010;Postage-franking machines
84709090;Other franking machines, emit tickets and similar mach.
84711000;Machines f/data-processing, analogue/ hybrid
84713011;Portab.dig.autom.data-proc.batt./elect.w<350g, s<=140cm2
84713012;Portab.dig.aut.data-proc.mach.bat/elec.w<3.5kg, s<560cm2
84713019;Ot.port.dig.autom.data-proces.mach. bat/elec.w<=10kg
84798992;Machines of rudder for embarkations
84798999;Other machines and mechan.appl.with own foundry
84799010;Parts of windshield wipers, etc.for aircrafts
84735020;Cards of memory used in two/more different machines
84735031;Hammer of printer, etc.used in 2/more different machines
84735032;Oth.head of printer.used in 2/more differ.machines
84735033;Head of thermal printer, used in 2/more dif.machines
84735034;Belts of characters f/print.used in 2/more dif.machines
84735035;Cartrid.of paints f/print.used in 2/more dif.machines
51081000;Yarn of fine animal hair, carded
51082000;Yarn of fine animal hair, combed
51091000;Yarn of wool/fine an.hair(w>=85%wool/an.hair), ret.sale
51099000;Yarn of wool/fine an.hair(w<85%wool/an.hair), ret.sale
51100000;Yarn of coarse animal hair or of horsehair
51111110;Woven fabrics of carded(containing>=85%), weig.<=300g/m2
51111120;Fabrics of fine animal hair(com.>=85%), weight<=300g/m2
51111900;Oth.fabrics wool/fine animal hair, carded(contain.>=85%)
51112000;Fabric of wool/fine anim.hair, card.c/filam.synt/artif
28369920;Peroxocarbonates (percarbonates)
29035910;Aldrin (halogenated derivat.cyclanic hydrocarbons, etc.)
29035920;Heptachlor(halogen.derivat.cyclanic hydrocarb., etc.)
29035930;Chlordan(halogen.derivat.cyclanic hydrocarb., etc.)
29035940;Mirex (dechlorane) (halogen.deriv.cycl.hydrocarb.)
29035990;Other halogenated derivativ.cyclanic hydrocarbons, etc
29036110;Chlorobenzene
29036120;O-dichlorobenzene
29036130;P-dichlorobenzene
29036210;Hexachlorobenzene
29036220;Ddt (1, 1, 1-trichloro-2, 2-bis(p-chlorophenyl)ethane
29153931;N-propyl acetate
29153932;2-ethoxyethyl acetate
29153939;Other satured acyclic monoalcohol acetate atom of c<=8
29153941;Decyl acetate
29153942;Hexyl acetate
29153951;Benzoestrol acetate
29153952;Dienoestrol acetate
29153953;Hexoestrol acetate
29153954;Mestilbol acetate
29153955;Stilboestrol acetate
29153961;Trichloro-alfa-phenylethyl acetate
29035220;Chlordane
29035230;Heptachlor
29153962;Trichloromethylphenylcarbinol acetate
29153963;Ethylene glycol diacetate (ethylene diacetate)
29153991;2-tert-butylcyclohexyl esters
45041000;Agglomerated cork, in cubes, blocks, foils, sheets, etc.
45049000;Other articles of agglomerated cork
46011000;Plaits and similar products of plaiting materials
46012000;Mats, matting and screens, of vegetable materials
46012100;Mats, matting and screens, of bamboo
46012200;Mats, matting and screens, of rattan
46012900;Mats, matting and screens, of vegetable materials
46019100;Plaits/etc.of vegetable materials, strands/woven
46019200;Other materials for twisting, of bamboo
29154090;Di- or trichloroacetic acids, and their salts/esters
29155010;Propionic acid
29155020;Propionic acid salts
29155030;Esters of propionic acid
29156011;Butanoic acids and their salts
29156012;Ethyl butanoate
25171000;Pebbles, gravel, broken, crushed stone used forconcrete, etc
25172000;Macadam of slag, dross, other slags, etc
25173000;Tarred macadam
25174100;Granules, chippings and powder, of marble
25174900;Granules, chippings, powder, granite and oth.stone quarry
84522924;Machines for sewing fabrics, of straight seam, no automatics
84522925;Machines for sewing fabrics, ribbon (sash) border, no automatics
84522929;Other machines for sewing fabrics, no automatics
84522990;Other machines for sewing, no automatics
84523000;Sewing machine needles
74081900;Other refined copper wire
74082100;Wire of copper-zinc base alloys (brass)
74082200;Wire of copper-nickel base alloys or copper-nickel-zinc
74082911;Wire of copper-tin base alloys (bronze) phosphor
82071900;Ot.tools of perforat., etc.of base metals, incl.parts
82072000;Dies of base metals, of drawing/extruding f/metals
82073000;Tools for pressing/stamping/punc, of base metals
82074010;Tools for internal threading, of base metals
82074020;Tools for external threading, of base metals
82075011;Helicoidals drills, d<=52mm, base metals, diamond-coated
82075019;Other drills of base metals, incl.diamond-coated
82075090;Other tools for drilling, of base metals
82076000;Tools for boring or broaching, of base metals
85176192;Other appar/equip. of radio-teleph., radio-telegraph, digital
84439950;Other printing mechanism, its parts and accessories
84439960;Other printing circuits with assembl. eletron./eletric.components
84439970;Other trays and drawers, their parts and accessories
84439980;Other mechan. of feed./ selec. of papers, doc., parts and  accessories
85030010;Parts of motors/generators of potency<=75kva
85030090;Parts of oth.motors/generators/electric gener.sets, etc.
85041000;Reactors for lamps/tubes of discharges
85042100;Transformers of liquid dielectric, pot<=650kva
85042200;Transformers of liquid dielectric, 650<pot<=10000kva
85042300;Transformers of liquid dielectric, pot>10000kva
85043111;Electrical transform.pot<=1kva, f/freq<=60hz, of current
85043119;Other electrical transformers pot<=1kva, f/freq<=60hz
48115921;Oth.paper coat.etc.polyethylene/polypropylene, rolls/
48115922;Other paper coated etc.of silicone, in rolls/sheets
48115923;Oth.paper coat.etc.polyethylene, stratif.alum.rolls/
48115929;Oth.paper/paperb.covered/coat.oth.plastics, rolls/
29061200;Cyclohexanol, methylcyclohexanols and dimethylcyclohex.
29061300;Sterols and inositols
29061400;Terpineols
29061910;Menthol derivatives
29061920;Borneol and isoborneol
29061930;Terpin and terpin hydrate
29061940;Fenchyl alcohol (1, 3, 3-trimethyl-2-norbornanol)
29061950;Terpineols
29061990;Other cyclanic, cyclenic and cycloterpenic alcohols
29062100;Benzyl alcohol
29062910;2-phenylethanol
28419021;Barium ferrite
28419022;Strontium ferrite
28419029;Other ferrites ferrates
28419030;Vanadates
28419041;Barium stannate
28419042;Bismuth stannate
28419043;Calcium stannate
28419049;Other stannates
28419050;Plumbates
28419060;Antimonates
28419070;Zincates
28419081;Sodium aluminate
28419082;Magnesium aluminate
41044120;Leat.of bovines, dry state, grain sp.tanned, foruse as sole
41044130;Other leathers/skins of bovines, dry state, grain slipts
41044190;Leathers/skins equine, dry state, grain splits
41044910;Other leathers/skins, of bovines, dry state, s<=2, 6m2
29141922;Acetonylacetone
29141923;Diacetyl
29141929;Other diacetone
29141930;Methyl hexyl ketone
29141940;Pseudoionones
29141950;Methyl isopropyl ketone
29141990;Other cyclic ketones n/cont.oth.fuction oxygen
29142100;Camphor
29142210;Cyclohexanone
29142220;Methylcyclohexanones
29142310;Ionones
29142320;Methylionones
29142910;Carvone
29142920;1-menthone
29142990;Other cyclanic ketones n/ cont.oth.fuction oxygen
29143100;Phenylacetone (phenylpropan-2-one)
29143910;Acetophenone
29143990;Other aromatic ketones n/ cont.oth.fuction oxygen
29144010;4-hydroxy-4-methylpentan-2-one (diacetone alcohol)
29144091;Benzoin
29144099;Other ketone-alcohols and ketone-aldehydes
29145010;Nabumetone
29145020;1, 8-dihydroxy-3-methyl-9-anthrone and its enol form
29145090;Oth.ketone-phenols and ketones with other oxygen func.
29146100;Anthraquinone
29146910;Lapachol
29146920;Menadione
29146990;Other quinones
29147011;1-chloro-5-hexanone
29214941;Amfetamine (di-alpha-methylphenetylamine) and its salts
55102019;Other yarn of artificial staple fibers, mixed mainly or solely with wool or fine animal hair, made from cellulose fibers, made of other materials
55102090;Other yarn of artificial staple fibers, mixed mainly or solely with wool or fine animal hair, made from fibers other than cellulose
55103000;Yarn of artificial fibres with cotton
55103011;Other yarn of artificial staple fibers, mixed mainly or solely with cotton, made from cellulose fibers, of rayon viscose, except modal
55103012;Other yarn of artificial staple fibers, mixed mainly or solely with cotton, made from cellulose fibers, of modal
58013400;Woven pile, fabric, of weft fibr.synt/art.uncut
58013500;Woven pile, fabric, of weft fibre syn/art.cut
52053300;Cotton yarn>=85%, twisted fibr.n/comb.192.31d<=t<232.56d
52053400;Cotton yarn>=85%, twisted fibr.n/comb.125d<=tit<192.31d
54024190;Yarn of other polyamides, single, sprain<=50 turns/meter
54024200;Yarn of polyesters, single, partial.orient.sprain<=50 t/m
53109000;Oth.fabrics of jute or of other textile bast fibres
53110000;Fabrics of oth.vegetable textile fibres or of paper yar
54011011;Sewing thread, of polyester, except for retail sale
54011012;Sewing thread, of polyester, for retail sale
54011090;Sewing thread of other synthetic filaments
54012011;Sewing thread, rayon viscose, high tenac.exc.for retail
54012012;Sewing thread, rayon viscose, high tenacity, f/retail sale
54012090;Sewing thread, of other artificial filaments
40029910;Styrene-isoprene-styrene rubber in foils, sheets, etc.
29036911;Benzyl chloride
29036912;P-chlorotoluene
29036913;Neophyl chloride
29036914;Trichlorobenzenes
29036915;Chloronaphthalenes
29036916;Benzylidene chloride
29036917;Xylyl chlorides
29036918;Biphenyls(pcbs) terphenyls(pcts) polychlorinated
29036919;Oth.halogenat.derivat.of hydrocar.aromatic w/chlorine
29036921;Bromobenzene
29036922;Xylyl bromides
29036923;Bromodiphenylmethane
29036924;Polybrominated biphenyls (pbbs)
29036929;Oth.halogenat.derivat.of hydrocar.aromatic w/bromine
29036931;4-chloro-a, a, a-trifluorotoluene
29036939;Oth.halogenat.derivat.of hydrocar.aromat.w/fluorin., chl
29036990;Oth.halogenated derivatives of hydrocarborn aromatic
29037100;Clorodifluorometanos
29037200;Diclorotrifluoroetanos
29037300;Diclorofluoroetanos
29037400;Clorodifluoroetanos
29037500;Dicloropentafluoropropanos
29037600;Bromoclorodifluorometano, bromotrifluorometano, etc
29037711;Triclorofluorometano
44129400;Other
44129900;Other plywood, browsed or stratified
44130000;Densified wood, in blocks, plates, strips, profile
44140000;Wooden frames, forpaintings, photographs, mirrors, etc
44151000;Cases, boxes, crates, drums, etc.of wood
44152000;Pallets, box pallets, etc.of wood
44160010;Casks, barrels, vats, tubs, etc.of oak wood
44160090;Casks, barrels, vats, tubs, etc.of other wood
44170010;Tools made of wood
40029920;Ethylene-propylene-non-conjugated diene-prop.rubber, etc
40029930;Hydrogenated acrylonitrile-butadiene rubber
40029990;Other synthetic and artificial rubber, in foils, etc
40030000;Reclaimed rubber in primary forms or in plates, etc.
40040000;Waste,  parings, etc.of rubber n/hardened
41079110;Whole skins of bovines, prepar.full grains, unsplit
41079190;Leathers/skins, equine, prepared, not split
41079210;Leathers/skins, bovines, prepared, grain splits
84812010;Rotative valves, of boxes of hydraulic direction
84812011;Rotative valves, of boxes of hydraulic direction, with pinion
84812019;Rotative valves, of boxes of hydraulic direction - other
84812090;Other valves f/oleohydraulic or pneumatic transmissions
84813000;Check (non-return) valves
84814000;Safety or relief valves
85152900;Oth.machin.and appar.f/welding metals, of resistance
85153100;Mach.and appar.f/arc/plasma arc weld.of metals, autom.
85153110;Robots f/ weld.f/arc, metals, fully /part.aut.num.contr.
85153190;Oth.mach.and appar.f/arc/plasma arc weld.of metals, aut.
85153900;Oth.mach.and appar.f/arc/plasma arc welding of metals
85158010;Machines and apparatus for welding by laser
85158090;Oth.machin.and appar.f/soldering, eletr.f/other proces.
85159000;Parts and acces.machinery and appar.f/soldering, electr.
85161000;Electric water heaters, inc.of immersion, domestic
85162100;Radiators of accumulation, f/space-heating, domestic
85162900;Oth.electric apparatus, f/space-heating, domestic
55162400;Fabric of artif.fibres<85%with filam.synt/art.printed
55163100;Fabric of artif.fib<85%with wool/fine anim.hair, raw/ble
55163200;Fabric of artif.fib<85%with wool/fine anim.hair, dyed
55163300;Fabric of artif.fib<85%with wool/fine anim.hair, dif.col
55163400;Fabric of artif.fib<85%with wool/fine anim.hair, printed
55164100;Fabric of artif.fibres<85%with cotton, raw/bleached
55164200;Fabric of artif.fibres<85%with cotton, dyed
55164300;Fabric of artif.fibr<85%with cotton, yarn of dif.colours
55164400;Fabric of artif.fibres<85%with cotton, printed
55169100;Other fabrics of artificial fibres, raw/bleached
60041030;Tecidos de malha de fibra sintetica l>30cm
26210090;Other slag and ash, including seaweed ash (kelp)
26211000;Ash/residues from the incineration of municipal waste
26219010;Ash of vegetable origin
26219090;Other slag and ash
27011100;Anthracite coal, not agglomerated
27011200;Bituminous coal, not agglomerated
27011900;Other coal, in powder or not, but not agglomerated
27012000;Briquettes, ovoids in agglomerated, etc from coal
27021000;Lignite,  in powder or not, but n/agglomerated
27022000;Agglomerated lignite
27030000;Peat, (including peat litter)whether or not agglomerated
27040010;Coke of coal, of lignite or of peat
28352400;Phosphates of potassium
29163121;Benzoic acid, its salts
29163122;Salts of ammonium of benzoic acid
29163129;Other salts of benzoic acid
29163131;Esters of methyl of benzoic acid
29163132;Esters of benzyl of benzoic acid
29163139;Other esters of benzoic acid
29163210;Benzoyl peroxide
29163220;Benzoyl chloride
29163400;Phenylacetic acid and its salts
29163500;Esters of phenylacetic acid
29163600;Binapacril
29163910;4-chloro-alpha-(1-methylethyl)benzeneacetyl chloride
29163920;Ibuprofen
29163930;4-chloro-3-nitrobenzoic acid
29163940;Tert-butyl perbenzoate
26020090;Other manganese ores
26030010;Sulphides of copper ores
26030090;Other ores and concentrates
26040000;Nickel ores and concentrates
26050000;Cobalt ores and concentrates
26060011;Bauxite not calcined (aluminium ores)
26060012;Bauxite calcined (aluminium ores)
26060090;Other aluminium ores and concentrates
26070000;Lead ores and concentrates
26080010;Sulphides of zinc ores
25233000;Aluminous cement
25239000;Other hydraulic cements
25240010;Asbestos in fibers, not worked
29034590;Ot.deriv.perhalogenat.acycl.hydr.with fluorine/chlorine
29034600;Bromochlorodifluoromethane, bromotrifluoromethane,  etc.
29034700;Ot.deriv.perhalogenat.acycl.hydrocarb.with 2 halog.diff
29034911;Chlorodifluoromethane
29034912;Chlorodifluoromethane
29034913;Dichlorotrifluoroethanes
29034914;Chlorotetrafluoroethanes
29034915;Diclorofluoroethanes
29034916;Clorodifluoroethanes
29034917;Dicloropentafluoropropanes
29147019;Other deriv.halogenated of ketones and quinones
29147021;Menadione sodium bisulphite
29147022;5-sulphonated-2-hydroxy-4-methoxybenzenesulphonic acid
29147029;Other derivatives of ketones quinones sulphonated
29147090;Oth.ketones, containing or not, other oxygen fuctions
29151100;Formic acid
29151210;Sodium salts and formic acid
29151290;Other salts of formic acid
29151310;Geranyl esters, of formic acid
29151390;Other esters of formic acid
29152100;Acetic acid
84824000;Needle roller bearings
84825010;Cylindrical roller bearings, radial
84825090;Other cylindrical roller bearings
84828000;Oth.roller bearings,  incl.combined ball/roller bearings
84829111;Balls of gaged steel for ballpoint pens
84829119;Other balls of gaged steel for rollers bearings
84829120;Cylindrical rollers for rollers bearings
84829130;Conical rollers for rollers bearings
84829190;Other balls, needles and rollers, for rollers bearings
84829900;Other parts of rollers bearings
84829910;Other seals, covers and holder-spheres of steel
84829990;Other parts of rollers bearings
84831010;Crankshafts
84831011;Forged crankshafts, weight=>900 kg e lenght=>2000mm
84831019;Other crankshafts
84831020;Cam shafts for controlling valves
84831030;Flexible shafts of transmission
84831040;Cranks
84831050;Transmission shafts, with of toothed couplings, etc
84831090;Other transmission shafts
84832000;Bearing housings, incorporating ball or roller bearings
85171229;Other apparatus/equip. of transm./recep. of trunk system
84849000;Games/assortments of joints, in bags, envelopes, etc
84851000;Ships' or boats' propellers and blades therefor
84859000;Parts of other mach.n/contain.electrical connectors, etc
85122023;Boxes of combined lights f/automobiles/oth.cycles
85122029;Oth.electr.visual signalling equipm.f/automobiles, etc.
85171820;Public telephones
85171891;Other phone appar/equip. , n/combined with oth.appar./equip.
85171899;Other phone and video-phone appar/equip. incorp.
85171910;Interphones
85171920;Public telephones
83025000;Hat-racks, hat-pegs, brackets, etc.of base metals
84731090;Parts and accessories of writing machines
84732100;Parts and acces.electronic calculating of machines
84732910;Printed circuits mounted, for cash registers
84732920;Parts and acces.calculating of machines/accounting
84732990;Parts and acces. of machines emit tickets, etc
84733011;Cabinet with source supply, f/automatic data-proces.mac.
84733019;Other cabinet, f/automatic data-proces.machines
84733021;Mechanisms of matrix printers, etc.ink-jat, mounted
84733022;Mechanisms of printer by laser, led or lcs, mouted
84733023;Hammer of impression and banks of hammers, for printers
84733024;Printing heads, exc.thermal/ink-jet, for printer
84733025;Printing heads, thermal/ink-jet, for printer
85044090;Other static converters electric
85045000;Other inductors
85049010;Ferromagnetic powder cores
85049020;Parts of reactors for lamps/tubes of discharges
85049030;Parts of transformers of liquid dielectric or pot>16kva
85073090;Other elect.accumulators, of nickel-cadmium
85074000;Elect.accumulators of nickel-iron
85075000;Electric accumulator nickel-hydride metallic
85076000;Electric storage batteries lithium ion
85078000;Other electric accumulators
85079010;Separators for electric accumulators
85079020;Containers f/electric accumul.of plastic, covers, etc
85079090;Other parts of electric accumulators
85081000;Perforators with incorp.electric motor, of manual use
85081100;Electromechanical vacuum cleaners, household use
85081900;Other vacuum cleaners >1500w , vol. of the reservoir >200l
85082000;Saws with incorp.electric motor, for manual use
85086000;Other electric vacuum cleaners with electric. motor, household use
85087000;Parts of appl.electrom. with elect. motor, household use
85088010;Scissors with incorp.electric motor, of manual use
85088091;Fabric cutters with incorp.electric motor, of manual use
84453090;Other textile doubling or twisting machines
84454011;Reeling machines of weft of textile material, automatic
84454012;Reeling machines for elastomeric yarns, automatic
84454018;Ot.reeling machin.of textile material, with tyers autom.
85171991;Other phone apparatus, n/combined with oth.apparatus
85171999;Other phone and video-phone apparatus
85172110;Fax machines, with thermal printing system
85172120;Fax machines, with laser printing system
85172130;Fax machines, with ink-jet printing system
84515010;Inspection machines for fabrics
84515020;Automatic machines, f/stacking or cutting fabrics
84515090;Oth.machin., f/reeling, unreeling, folding, pinking fabrics
84518000;Oth.machinery f/work textile materials
84519010;Parts of machines of drying, cap<=10kg of dry clothes
84519090;Parts of oth.machinery f/work textile materials
84521000;Sewing machines of the household type
84522110;Machines for sewing leather or skins, automatics
84522120;Machines for sewing fabrics, automatics
84522190;Machines f/sewing other materials, automatics
84522910;Machines for sewing leather or skins, no automatics
84522921;Mach.f/sewing toget.parts of knitt.garments, n/autom.
84522922;Machines for button-hole sewing, no automatics
84522923;Zig-zag machines, f/inserting elastic, no automatics
85049040;Parts of static converters electric
85049090;Other parts of oth.transformers, converters, etc.
85051100;Perman.magnets of metal, artic.magnetis.for magnets
85051910;Perman.magnets of ferrite, artic.magnetis.for magnets
85051990;Oth.perman.magnets and artic.magnetis.for magnets
85052010;Elec.magnetic brakes, foucault current, f/vehicl.automob.
85052090;Electro-magnetic couplings, clutches, etc.
29051991;4-methylpentan-2-ol
29051992;Isononanol
29051993;Isotridecanol
29051994;Tetrahydrolinalol (3, 7-dimethyloctan-3-ol)
29051995;3, 3-dimethylbutan-2-ol (pinacol alcohol)
29051996;Petanol (amyl alcohol) and its isomers
29051999;Other monoalcohols saturated
27109100;Wastes of oils containing biphenyls, etc.
27109900;Other wastes of oils
27111100;Natural gas, liquefied
27111210;Propane in crude, liquefied
27111290;Other propane, liquefied
27111300;Butanes, liquefied
27111400;Ethylene, propylene, butylene and butadiene, liquefied
27111910;Liquefied petroleum gas (lpg)
27111990;Other liquefied gases of gaseous hydrocarbons
27112100;Natural gas in the state gaseous
29051923;Sodium ethylate
27112910;Butanes in the state gaseous
27112990;Oth.gaseous hydrocarbons/petr.gases, in state gaseous
27121000;Petroleum jelly
27122000;Paraffin wax containing by weight < 0,75 % of oil
27129000;Microcrystalline petroleum wax, minerals waxes, etc.
27131100;Petroleum coke not calcined
27131200;Petroleum coke calcined
29053100;Ethylene glycol (ethanediol)
29053200;Propylene glycol (propane-1, 2-diol)
29053910;2-methylpentanediol-2, 4-diol (hexylene glycol)
29053920;Trimethylene glycol (propane-1, 3-diol)
29053930;1, 3-butyleneglycol (buta-1, 3-diol)
29053990;Other unsaturated adiols alcohols
29054100;2-ethyl-2-(hydroxymethyl)propane-1, 3-diol (trimethyl.)
29181990;Other carboxylic acids alcohol function, anhydrides, etc
29182110;Salicylic acid
29182120;Salts of salicylic acid
29182211;O-acetylsalicylic acid
29182212;Aluminium o-acetylsalicylate
29182219;Other salts of o-acetylsalicylate acid
29182220;Other esters of o-acetylsalicylate acid
29182300;Other esters of salicylic acid and their salts
29182910;Hydroxynaphthoic acid
29182921;P-hydroxybenzoic acid
29182922;Methylparaben
29182923;Propylparaben
29182929;Other salts and esters of p-hydroxybenzoic acid
29182930;Gallic acid, its salts and esters
29182940;Pentaerythrityl tetrakis(3(3, 5-di-tert-butyl-4-hyd.)pr.
29182950;Octadecyl 3-(3, 5-di-tert-butyl-4-hydroxyphenyl)propion.
29182990;Others carboxylic acids, phenol function, anhydrides, etc
59019000;Screens f/tracing, transparent f/drawing, f/painting, etc.
59021010;Tyre cord fabric.high tenac.yarn of polyam.with rubber
59021090;Other tyre cord fabrics high tenac.yarn of polyamide
59022000;Tyre cord fabric high tenac.yarn of polyesters
59029000;Tyre cord fabric of high tenacity yarn, viscose rayon
59031000;Fabric impregnat./covered, etc.with poly(vinyl chloride)
59032000;Fabric impregnated/covered, etc.with polyurethane
59039000;Fabric impregnated/covered, etc.with other plastics
59041000;Linoleum, including cut
59049000;Coverings cons.of a applied on a covering text.backing
59049100;Floor coverings with support holed felt/false fabric
51071011;Yarn of combed woll(>=85%), twis.2 cables, t<=184.58d
51071019;Oth.yarn of combed woll(cont.>=85%), twisted
51071090;Other yarn of combed woll (containig>=85%)
51072000;Yarn of combed wool (containing<85%)
85167100;Electrothermic mach.for making coffee or tea, domestic
85167200;Electrotermics toasters, domestic
85013411;Electric motor of contin.current, 375kw<pot<=3000kw
85013419;Other electric motors of continuous current, p>375kw
85013420;Electric generators of continuous current, pot>375kw
85014011;Eletr.motor of altern.curr.single-ph.37.5w<p<=15kw, sync
85014019;Ot.eletr.motor of altern.curr.single-phas.37.5w<p<=15kw
85014021;Eletr.motor of altern.cur.single-p.pot>15kw, synchronous
85014029;Ot.eletr.motor of altern.curr.single-phase pot>15kw
85015110;Elect.motor alter.cur.sin.ph.37.5<p<=750w, squirrel-cage
85015120;Elec.motor alt.cur.sing.ph.37.5w<p<=750w, slip-ring
85015190;Ot.elect.motor altern.curr.sin.phase 37.5<p<=750w
84433299;Other input/output units, f/autom.data-proces.machines
84433910;Inkjet printing machinery
84433921;Indirect reproducing fotocop appliance by monocr. eletrost.
84433928;Other indirect reprod. eletrost. fotocop.appliance.
84433929;Other direct reprod. eletrost. fotocop. appliance
52052400;Cotton yarn>=85%, simple, fibr.combed.125d<=tit<192.31d
52052600;Cotton yarn>=85%, simple, fibr.combed.106.38d<=tit<125d
52052700;Cotton yarn>=85%, simple, fibr.combed.83.33d<=tit<106.38d
52052800;Cotton yarn>=85%, simple, fibr.combed.title<83.33dec.
52053100;Cotton yarn>=85%, twisted fibr.n/comb..title>=714.29d
52053200;Cotton yarn>=85%, twisted fibr.n/comb.232.56d<=t<714.29d
52113100;Fabric of cotton<85%, dyed/fibre synt/art.taf., w>200g/m2
52113200;Fabric of cotton<85%, dyed/fibr.synt/art.twill, w>200g/m2
52113900;Ot.fabrics of cotton<85%, dyed/fibre synt/art, w>200g/m2
52105990;Other fabrics of printed cotton, synthetic or ariticial fibres, weight<200g/m2
52111100;Fabric of cotton<85%, raw/fibre synt/art.taf., w>200g/m2
52111200;Fabric of cotton<85%, raw/fibre synt/art.twill, w>200g/m2
52111900;Ot.fabrics of cotton<85%, raw/fibr.synt/art, w>200g/m2
52112010;Fabrics of cotton, bleached, synthetic or artificial fibres, point taffeta, weight<200g/m2
55102000;Yarn of artificial fibres with wool or fine animal hair
55102011;Other yarn of artificial staple fibers, mixed mainly or solely with wool or fine animal hair, made from cellulose fibers, rayon viscose, except modal
55102012;Other yarn of artificial staple fibers, mixed mainly or solely with wool or fine animal hair, made from cellulose fibers, modal
55102013;Other yarn of artificial staple fibers, mixed mainly or solely with wool or fine animal hair, made from cellulose fibers, of lyocell
85013210;Electric motor of continuous current, 750w<pot<=75kw
85013220;Electric generators of contin.current, 750w<pot<=75kw
85013310;Electric motor of continuous current, 75kw<pot<=375kw
85173090;Oth.apparatus electr.of commut.f/telephonic/telegraphic
85175010;Modems
85175011;Digital modems(band base)
85175012;Analogical modems, speed<=9600bits/s
52041912;Other sewing thread, of raw cotton, tit<=5000dec.cable>=3
52041920;Other sewing thread, of raw cotton, tit<=5000dec.
52041931;Ot.sewing thread, of cotton bleac/col.t<=5000d, cable=2
52041932;Ot.sewing thread, of cotton bleac/col.t<=5000d, cable>=3
53091100;Fabrics of flax (containing>=85%), raw or bleached
53091900;Other fabrics of flax (containing>=85%)
53092100;Fabrics of flax (containing<85%), raw or bleached
53092900;Other fabrics of flax (containing<85%)
53101010;Fabrics of burlap of jute, raw
53101090;Fabrics of other textile bast fibres, raw
84549090;Parts of conver.etc.of kind used metallurgy/foundries
84551000;Tube mills, of metal
84552110;Mills combi.hot and/or cold, metal, with smooth rollers
84552190;Other mills combin.hot and/or cold, of metal
84552210;Cold-rolling mills for metal, with smooth rolls
84552290;Other cold-rolling mills for metal
84553010;Rolls for rolling mills, melted, of steel/nodular iron
84553020;Rolls f/roll.mills wroug.of steel cut fast c>=0.80%, etc
84553090;Other rolls for rolling mills of metal
84559000;Other parts of metal mills
84561011;Machine-tools, num.com.f/cut plates metal.e>8mm
84864000;Machinery specif. note 9 c) present. chapter
84869000;Parts, accessor.,machinery for prod. of spheres and plaques
84871000;Helixes for embarkations and their shovels
84879000;Parts of others machinnery without electric connection
85011011;Electr.motor of contin.current, pot<=37.5w, step<=1.8g
85011019;Other electric motor of continuous current, p<=37.5w
85011021;Electr.motor of alternating current, pot<=37.5w, synchor.
85011029;Other electr.motor of alternating current, p<=37.5w
85011030;Universal electric motor, potency < =37.5w
85011090;Other electric motor potency <= 37.5w
85012000;Universal electric motor, potency > 37.5w
85013110;Electric motor of continuous current, 37.5w<pot<=750w
85013120;Electric generators of continuous current, pot<=750w
85175013;Analogical modems, 9600<s<=28800bit/s
85175019;Other modems
85175021;Terminal equipment/repeater on metal line
85175022;Terminal equipm./repeater, on fibr.optic, s>2.5gbits/s
85175029;Other terminal equipments or repeaters
85175030;Multiplexers operating by frequency sharing
85175041;Multiplexers oper.by time sharing, synchronous dig., etc
85175049;Other multiplexers operating by time sharing
85175050;Converters of synchronous/asynchronous signs, etc.
85175061;Centralizing of subscriber lines
85175062;Centralizing digital circuits
85175069;Other centralizing for telecommunication
85175090;Ot.appar.f/carrier-current line systems /dig.line syst.
85175091;Terminals of text oper.with transmis.baudot code, etc
84542090;Ladles of foundry
84543010;Machines for casting under pressure
84543020;Centrifugal casting machines
84543090;Ot.casting mach.of kind used metal./metal foundries, etc
84549010;Parts of centrifugal casting machines
60024010;Fabrics of cotton mesh, w<=30cm, elastomeric>=5%
60024020;Fabrics of fibre mesh synt/artif.w<=30cm, e>=5%
60024090;Fabrics of mesh other textile materials.w<=30cm, e>=5%
60024100;Mesh-warp fabric of wool or fine animal hair
60024200;Mesh-warp fabric of cotton
60024300;Mesh-warp fabric of synthetic/artificial fibre
60024900;Mesh-warp fabric of other textile materials
60029010;Other fabrics of mesh cotton , w<=30cm
60029020;Other fabrics of fibres mesh synt/artif.w<=30cm
60029090;Other fabrics of mesh of oth.textile materials w<=30cm
60029100;Other mesh-warp fabric of wool or fine animal hair
52041940;Other sewing thread,  of cotton bleac/col.t>5000d
52042000;Ot.sewing thread, of cotton bleac/colours f/retail sale
52051100;Cotton yarn>=85%, simple, fibre n/combed tit>=714.29d
84821090;Other ball bearings
84822010;Tapered roller bearings, radial
84822090;Other tapered roller bearings
84823000;Spherical roller bearings
84541000;Converters of kind used metallurgy/in metal foundries
84542010;Ingot moulds of foundry
84714972;System of controlling unit of communications
84714973;System of unit translators f/intercon.networks
84714974;System of distributing unit of connections f/netsworks
84714975;System of other units of control, etc.of signs
84714976;System of other units of autom.data-proces.machines
84714991;System of readers and recording of magnetic cards
84714992;System of readers of bars code
84714993;System of readers of characters magnetized
84714994;System of readers and recording, f/data-proces.machines
84714995;System of other autom.data-proces.machines
84714996;"System of digitizing of images (""scanners"")"
84715010;Digital proces.unit small cap.microproces.fob<=us$12500
84509090;Parts of washing machines, cap<=10kg of dry clothes
84511000;Dry-cleaning machines
84512100;Machines f/dry clothes, cap<=10kg of dry clothes
84512900;Other machines for dry clothes
54021010;Yarn high tenacity, of nylon (aliphatic polyamide)
54021020;Yarn high tenacity, of aramids (aromatic polyamide)
54021090;Yarn high tenacity, of other polyamides
54021100;Yarn high tenacity of aramids
55143011;Fabrics < 85% polyester staple fibres by weight, point taffeta, mixed with cotton
55143012;Fabrics < 85% synthetic staple fibres by weight, made of yarn of different colours, mixed with cotton, point twill
55143019;Other fabrics < 85% polyester staple fibres by weight, made of yarn of different colours, mixed with cotton
55143090;Other fabrics < 85% synthetic staple fibres by weight, made of yarn of different colours, mixed with cotton
84716014;Other printers of impact, (dot matrix printers)
84716019;Other printers of impact
58013600;Chenille fabric of fibre synthetic/artificial
85176199;Other transm. appar/equip. with incorp. recep.
85176211;Multiplexers by frequency sharing
85176212;Dig. multiplexers by time shar., síncr. transm.>=155mbits/s
85176213;Other multiplexers operating by time sharing
84561090;Other machine-tools operated by laser, etc.
84562010;Machine-tools by ultrasonic, of numeric controlled
84562090;Other machine-tools operated by ultrasonic processes
84563010;Mach.tools by electrodischarge, of numeric controlled
84563011;Mach.tools by electrodisch., num.com.f/textur.cylin.surf
84563019;Oth.mach.tools by electrodischarge, of numer.controlled
84563090;Oth.machine-toolsoperated by electrodischarge
84569000;Other mach./tools that work. to remov. any material
84569100;Mach.tools f/dry-etching patterns on semicond.mater.
84569900;Oth.mach.tools oper.by process eletro-chemical, etc
84571000;Machining centres, for working metals
55111000;Yarn of synthetic fibres>=85%, for retail sale
55112000;Yarn of synthetic fibres<85%, for retail sale
55113000;Yarns of artificial fibres, for retail sale
58043090;Other income of mechanically made
58050010;Hand-woven tapestrie of cotton
58050020;Hand-woven tapestrie of synthetic fibres, etc.
58050090;Hand-woven tapestrie other of textile materials, etc.
58061000;Narrow of velvet/plush, of fabric of chenille/towelling
58062000;Oth.narrow contain.>=5% of elastomeric/rubber yarn
58063100;Narrow of cotton
58063200;Narrow of synthetic or artificial fibres
58063900;Narrow of other textile materials
58064000;Narrow without warp, of yarn/fib.assembl.adhesive
58071000;Labels, badges, etc.of textile materials, woven
58079000;Other labels, badges, etc.of textile materials
58081000;Braids, in the piece
84807100;Molds for molding rubber/plastic, by injection, etc
84807900;Other molds for rubber/plastic
84811000;Pressure-reducing valves
54024300;Yarn of polyesters, single, sprain<=50 turn/meter
54024400;Other elastomeric yarn, single, twist <= 50 turns/m
54024510;Yarn of aramid, single, sprain<=50 turns/meter
54024520;Yarn of nylon, single, twisted or untwisted < 50 turns/m
54024590;Yarn of other polyamides, single, twist or untwisted < 50 turns/m
54024600;Yarn of polyester orient., single, twist or untwisted < 50 turns/m
54024700;Yarn of other polyester, single, twist or untwisted < 50 turns/m
54024710;Yarn of other polyester, crude, single, twist or untwisted < 50 turns/m
54024720;Yarn of other polyester, crude, single, twist or untwisted < 50 turns/m
54024790;Other yarn of other polyester, twist or untwisted < 50 turns/m
54024800;Yarn of other polypropyline, twist or untwisted < 50 turns/m
54024910;Elastomeric yarn, of oth.synth.filam.sing.sprain<=50t/m
55162200;Fabric of artif.fibres<85%with filam.synt/artif.dyed
55162300;Fabric of artif.fibres<85%with filam.synt/art.colours
55143100;Fabric polyest<85% with cot.w>170g/m2, taf.difer.colours
55143200;Fabric polyest<85% with cot.w>170g/m2, twill, dif.colours
55143300;Oth.fabrics polyest<85% with cot.w>170g/m2, dif.colours
55143900;Other fabrics synt.fibr<85% with cot.w>170g/m2, dif.col.
58089000;Goods of lacework, ornamental similar, tassels, etc
60041041;Tecidos de malha de fibra artif crus/branqueados l>30cm
60041042;Tecidos de malha de fibra artificiais tintos l>30cm
60041043;Tecidos de malha de fibra artif fios diver cores l>30cm
60041044;Tecidos de malha de fibra artificiais estampados l>30cm
60041090;Fabrics of mesh of other textile materials w>30cm, e>=5%
52053500;Cotton yarn>=85%, twisted.fibr.n/comb.title<125dec.
52054100;Cotton yarn>=85%, twisted.fibr.combed, title>=714.29decit
52054200;Cotton yarn>=85%, twisted.fibr.comb.232.56d<=tit<714.29d
52054300;Cotton yarn>=85%, twisted.fibr.comb.192.31d<=t<232.56d
52054400;Cotton yarn>=85%, twisted.fibr.comb125d<=title<192.31d
84716090;Other input/output units for data-proces.machines
84716091;Postal printers of bars code, 3 in 5, etc
84716099;Other input/output units, f/autom.data-proces.machines
84714935;System of printer, s<30ppm, laser, monochrome wi<=420mm
84714936;System of other printers, s<30ppm, wi>420mm
84714937;System of other printers, s<30ppm
84714941;System of tracer graphs, through feathers
84714942;System of other tracer graphs, wi>580mm
84714943;System of other tracer graphs
84714944;System digitizing of images, f/data-proces.machines
84714945;System of keyboards, f/data-proces.machines
84714946;System of indicative, f/data-proces.machines
84714947;System of digitizing tables, f/data-proces.machines
84714948;System of oth.entrance unit, f/data-proces.machines
84714951;System of terminal appar.with keyboard, video monochrome
84716074;Other output units by video, poli-chrome
84716080;Terminals of bank self-service
84714952;System of termin.appar.with keyboard, video poli-chrom.
85163200;Oth.electroth.hair-dressing apparatus, domestic
85163300;Electrothermic hand-drying apparatus, domestic
85164000;Electric smoothing irons, for domestic purposes
85165000;Microwave ovens, for domestic purposes
85166000;Oth.electrothermic ovens, cookers, etc.f/domestic purpos.
84485100;Sinkers, needles, etc.used in forming stitches
84485910;Parts and access.of circular looms f/fabric of stitch.
84485921;Parts/acces.flat knitting hand-oper.f/fabric of stit.
84485922;Parts and acces.of flat looms, f/fabric warpers stit.
84485929;Other parts and acces.of other flat knitting
84485930;Parts and acces.of mach.f/making knot.netting, tulle, etc
84485940;Parts and acces.of mach.f/making gimped yarn, turlle, etc
84485990;Oth.parts/acces.of oth.knitting, stitch-bonding mach.
84490010;Machinery for the manufacture or finishing of felt
85163100;Hair dryers, electrothermic, for domestic purposes
84490020;Machinery for the manufacture of nonwovens
84490080;Oth.machinery f/the manufacture/finishing of felt hat
84490091;Other machinery for the manufacture of nonwovens
58090000;Fabrics of metal thread of textile metallised yarn, etc
58101000;Embroid.chem., aerial, with bottom cut out in piece, etc
58109100;Embroider.of cotton in the piece, in strips or in motifs
51012900;Other wool, degreased, n/carbonised, n/carded, n/combed
51013000;Degreased woll, carbonised, n/carded, n/combed
51021000;Fine or coarse animal hair, not carded or combed
51021100;Fine animal hair, of kashmir(cashmere)goats n/combed
51021900;Other fine animal hair, n/combed n/combed
51022000;Coarse animal hair, n/combed or combed
51031000;Waste of combed of woll or of fine animal hair
51032000;Other waste of woll or of fine animal hair
51033000;Waste of coarse animal hair
51040000;Garnetted stock or of fine or coarse animal hair
51051000;Carded wool
51052100;Combed wool in fragments
51052910;Tops of combed wool
74121000;Fittings for tubes of refined copper
74122000;Fittings for tubes of copper alloys
74130000;Stranded wire, cabl.plaited bands, etc.n/electr.insulated
74142000;Cloth, of copper wires
74149000;Grill and netting, of copper wire, plastes, strips, copper
74151000;Nails, tacks, etc.copper/iron/steel, with heads of copper
74152100;Washers of copper
74152900;Other non-threaded articles, of copper
84595100;Milling machines, f/metals, knee-type, with num.controlled
84717011;Units of magnetic disks, f/flexible disks
84717012;Units of magnetic disks, f/hard disks
84717019;Other units of magnetic disks
84717021;Units of optical disks, f/reader of data
84717029;Other units of optical disks
84717031;Units of magnetic ribbons, f/ribbons in rolls
84717032;Units of magnetic ribbons, f/cartridges
84717033;Units of magnetic ribbons, f/cassette
84717039;Other units of magnetic ribbons
84717090;Other storage units
84718000;Other autom. units of  machines to data-processing
84718011;Controlling units of terminals of data-processing
84718012;Controlling units of terminals of data-processing
84718013;Protocol translators(converters)f/intercon.networks
84718014;Network connection distributors
84718019;Oth.units of control, adaptation, conversion of fate
84718090;Other units of automatic data-processing machines
84719011;Readers or tape recorders of magnetic cards type
84719012;Bar-code readers
84672992;Screwdrivers and tapping mach.with self-cont.elec.motor
84672993;Hammers with self-contained electric motor
84672999;Other tools with self-contained electric motor
84774010;Vaccum-moulding mach.expansible polystyrene/polypropyl.
84774090;Oth.vacuum-moulding machines or thermoforming machines
84775100;Mach.f/moulding/retreading pneum.tyres, mould.inner tube
84775911;Presses for moulding rubber/plastic cap<=30000kn
84775919;Other presses for moulding rubber/plastic
84775990;Other machinery f/moulding rubber/plastic
84778000;Oth.machinery f/working rubber/plastic f/manuf.its prod
84778010;Mach.join rubber sheets with fabric, f/manuf.pneum.tyre
84778090;Oth.machinery f/working rubber/plastic f/manuf.its prod
84779000;Parts of mach.f/working rubber/plastic f/manuf.its prod
84781010;Autom.machin.f/separating stems from leaves of tabacco
84781090;Other machinery f/preparing/making up tabacco
84789000;Parts of machinery f/preparing/making uptabacco
84791010;Self-propelled mach.f/laying, etc.bituminous road cover.
74153100;Screws of copper, for wood
74153200;Other screws, bolts and nuts, of copper
74153300;Screws, bolts and nuts, of cotton
74153900;Other threaded articles, of cotton
74160000;Copper springs
74170000;Cooking/heating apparatus, of copper, n/electric domestic
74181000;Household articles and parts thereof, of copper
74181100;Sponges, scrubbers, etc.of copper, f/cleaning/polishing
83013000;Locks of base metals, for furniture
83014000;Other locks of base metals
83015000;Clasps/frames with clasps, incorpor.locks, of base metals
83016000;Padlocks parts, locks, etc.of base metals
83017000;Keys of base metals, presented separately
83021000;Hinges of base metals, of any type
83022000;Castors with frame, of base metals
83023000;Other mountings, etc.of base metals, f/motor vehicle
83024100;Other mountings, etc.of base metals, f/constructions
83024200;Other mountings, etc.of base metals, for furniture
83024900;Other mountings, etc.of base metals
44101110;Wood boards, in rough or simply polished
44101120;Wood boards with melamine-impregnated papers
44101121;Wood particle boards, coverd by protec. film for pavement
44101129;Other wood particle boards, coverd by melamine paper
44101190;Other particle boards
44101210;Oriented strand boards, waferboard, brute, polished
84861000;Machinery for production of spheres and plaques
84862000;Machinery for produc. of devices without eletron. integr. circuit
85172190;Other fax machines
85172210;Automatic transmission and reception apparatus
85172290;Other teleprinters
85173011;Autom.central electronic commutation of teleph.line pub
85173012;Autom.central electrom.commut.of teleph.line public
85173013;Autom.cent.commut.of line priv.teleph.c<=25inter.lines
85173014;Autom.cent.commut.of line priv.telephone, 25/inter.lines
85173015;Autom.cent.commut.of line priv.teleph., c>200inter.lines
85173019;Other autom.cent.commut.of line privatetelephone
85173020;Automatic central of videotext
85173030;Central automatic of telex
85173041;Autom.cent.commut.package>3600/s, spe>72kbits/s
85173049;Oth.autom.cent.commut.package f/telephony, etc.
51061000;Yarn of carded wool(contaning>=85%)
51062000;Yarn of carded wool(contaning>=85%)
52114290;Ot.fabric of cotton<85%, denim/fib.syn/art, w>200g/m2
52114300;Fabric of cot<85%, colours/fibre syn/art.twill, w>200g/m2
52114900;Oth.fabrics of cotton<85%, col./fibre syn/art, w>200g/m2
52115100;Fabric of cot.<85%, printed/fibre syn/art.taf., w>200g/m2
52115200;Fabric of cot.<85%, printed/fibr.syn/art.twill, w>200g/m2
52115900;Ot.fabrics of cotton<85%, print./fibr.synt/art.w>200g/m2
52121100;Other fabrics of cotton, raw, weight<=200g/m2
52121200;Other fabrics of cotton, bleached, weight<=200g/m2
52121300;Other fabrics of cotton, dyed, weight<=200g/m2
52121400;Ot.fabrics of cotton, yarns of differ.colours, w<=200g/m2
52121500;Other fabrics of cotton, printed, weight<=200g/m2
51054000;Coarse fine animal hair, carded or combed
55122900;Fabric of other acrylics/modacrylics fibres>=85%
55129110;Fabric of aramid fibres>=85%, raw or bleached
55129190;Fabric of other synthetic staple fibres>=85%, raw/bleac.
55129910;Other fabrics of other aramid fibres>=85%
55129990;Other fabrics of other synthetic staple fibres>=85%
55131100;Fabric polyest<85% with cot.w<=170g/m2, taf.raw/blec.
55131200;Fabric polyest<85% with cot.w<=170g/m2, twill, raw/blec.
55131300;Oth.fabrics polyest<85% with cot.w<=170g/m2, raw/blec.
55131900;Oth.fabrics synt.fibr<85% with cot.w<=170g/m2, raw/blec.
55132100;Fabric polyester<85% with cot.w<=170g/m2, taf.dyed
55132200;Fabric polyester<85% with cot.w<=170g/m2, twill, dyed
55132300;Fabric polyester<85% with cot.w<=170g/m2, dyed
58109200;Embroid.of fibres synt/artif.in pice, in strips/motifs
58109900;Embroid.of other textile mater., in pice/strips/motifs
58110000;Quilted textile products in the piece
59011000;Fabric coat.gum/amylaceous subst., f/outer cov.book, etc
85171239;Other appar/equip. of transm./recep. of cellular telephony
85171241;Digital appar/equip. operating in band c, ku, l or s
85171249;Other appar/equip. of transm./recep. of telec. by satellite
85171290;Other appar/equip. of transm./recep. incorpor.
85171810;Interphones
84716021;Printers with si<30pbm, ink-jet printers wi<=420mm
84716022;Printers with si<30pvm, of transfer thermal solid wax
84716023;Printers with si<30pbm, by laser, etc.monochrome wi>230mm
84716024;Printers with si<30ppm, by laser, etc.poli-chromatic
84716025;Printer with si<30ppm, by laser, etc.monochrom. wi<=420mm
84716026;Other printers with si<30ppm, wi>420mm
84716029;Other printers with si<30ppm
84716030;Other printers with si>=30ppm
84716041;"Tracer graphs(""plotters""), dot matrix plotters"
85013320;Electric generators of contin.current, 75kw<pot<=375kw
85171231;Portable terminals of cellular telephony
85171232;Fixed terminals of cellular telephony without own source of energy
85015210;Elec.motor alter.cur.mult.ph.750w<p<=75kw, squirrel-cage
85015220;Elec.motor alter.cur.multi-phas.750w<p<=75kw, slip-ring
85015290;Ot.elect.motor altern.cur.poli-phase750w<p<=75kw
85015310;Elect.motor altern.cur.multi-phase 75kw<pot<=7500kw
85175099;Ot.appar.f/carrier-current line systems /dig.line syst.
84538000;Mach.f/making/repair.footwear ot.artic.of lathers/skins
84539000;Parts of machines f/produc./tan, etc.leathers/skins
55141200;Fabric polyester<85% with cot.w>170g/m2, twill, raw/bleac
55141300;Other fabric polyester<85% with cot.w>170g/m2, raw/bleac
55141900;Oth.fabric synt.fibres<85% with cot.w>170g/m2, raw/bleac
55141910;Other fabrics < 85% polyester staple fibres by weight, raw/bleached, mixed with cotton
55141990;Other fabrics < 85% synthetic staple fibres by weight, raw/bleached, mixed with cotton
55142100;Fabric polyest<85% with cot.w>170g/m2, taffeta, dyed
55142200;Fabric polyest<85% with cot.w>170g/m2, twill, dyed
55142300;Other fabrics polyest<85% with cot.w>170g/m2, dyed
55142900;Other fabrics synth.fibres<85% with cot.w>170g/m2, dyed
59119000;Oth.prod/articules, of textile material, f/technical uses
60011010;"Fabric of cotton mesh, called ""long pile"""
60011020;"Fabric of fibre mesh synt/artif.called ""long pile"""
60011090;"Fabric of fibre mesh synt/artif.called ""long pile"""
84714923;System of oth.printers of impact, dot matrix printers
84714924;System of other printers of impact
84714925;System of printer, of speed of impression>=30ppm
84714931;System of printer, s<30ppm, paint jet, wi<=420mm
84818011;Evacuation valves, used in bathroom and kitchen
84818019;Other appliances, used in bathroom and kitchen
84818021;Thermostatic or pressure sensitive expansion valves
84818029;Other dispositives used in cooling
84818031;Oth.valves, f/eq.gas, w<=50mbar, with thermoelet.safety
84818039;Other valves used in equipment by gas
84818091;Aerosol valves
84818092;Solenoid valves
84818093;Sluice valves
84818094;Globe valves
84818095;Spherical valves
84818096;Male valves
84818097;Butterfly valves
84818099;Taps and other appliances for pipes, etc
84819010;Parts of aerosol valves, /applian.used bathrooms, etc
84819090;Parts of taps, other appliances for canalizations, etc
84821010;Ball bearings, radial
85167920;Electrotermics frying pans, domestic
85167990;Other electrotermics apparatus, domestic
85168010;Oth.electric heating resistors f/electr.appar.domestic
85168090;Other electric heating resistors, domestic
85169000;Parts of heating f/electr.appar.f/heating, domestic
85171100;Line telep.sets appar.conj.with cordless handsets appar
85171211;Portable appliance of radio-telecom. ex:walkie/handle-talkie
85171212;Fixed terminals without own source of energy, mono-chanels
85171213;Analogical movable terminals used in vehicles automobiles
85171219;Other appliances of radio-telecom, radio-telegraph, analog.
85171221;Apparatus/equip. of trunk system,portable terminal
85171222;Fixed terminals of trunk system, without energy source
85167910;Electrotermics pots, domestic
85171223;Mobile terminals of trunk system term., used in vehicles /automobiles
84502010;Continuous tunnel of washing mach., cap>10kg dry clothes
84502090;Oth.washing machines, capacity>10kg of dry clothes
84509010;Parts of washing machines, cap>10kg of dry clothes
85176111;Appar./equip. for station of transm.rad.bidir.sys <=112kbts/s
85176119;Other dig.transm.rec.appar./equip for radiotel.freq<15ghz
85176120;Appar./equip. of trunk system for central station
85176130;Appar./equip. of cellular telephony for base station
85176141;Appar/equip.transm.telec.sat.main stat.fix.term.without antenna
85176142;Vsat station, without reflector antenna set
85176143;Digital appar/equip. operating in band c, ku, l or s
51113010;Fabric of wool, card.afieltr.c/synt.fibre etc.p/pels.tem
51113090;Ot.fabrics of wool/fine animal hair, card.c/fib.syn/art
51119000;Other fabrics of wool or of fine animal hair, carded
52122300;Other fabrics of cotton, dyed, weight>200g/m2
52122400;Ot.fabrics of cotton, yarns of differ.colours, w>200g/m2
52122500;Oth.fabrics of cotton, printed, weight>200g/m2
53011000;Flax, raw or retted
53012110;Flax broken
53012120;Flax scutched, but not spun
53012910;Flax combed, but not spun
53012990;Flax processed of another form, but not spun
53013000;Flax tow and waste
53021000;Rue hemp, raw or retted
53029000;True hemp processed, but not spun, tow, waste
53031010;Jute
53031011;Raw jute
53031012;Retted raw
53031090;Other textile bast fibres, raw or retted
53039010;Jute proces.in another form , but n/spun, tow, waste
53039090;Oth.textile bast fibres proces.in another form, tow, etc
53041000;"Sisal and other textile fibres of the ""agave"", raw"
53049000;"Sisal/ot.textile fibres of the ""agave"", proc.n/spun, etc"
53050010;Abaca (manila hemp) raw
53050090;Other vegetable textile fibres, tow and waste, processed
84669330;Parts and accessories of lathes for metals
84669340;Parts and acces.mac.tools f/drilling, milling, etc.metals
84669350;Parts and acces.mach.tools f/sharpening, etc.metals
84669360;Parts and acces.mach.tools f/planing, etc.gear
37039010;Paper forcolour photocomposition, sensitised unexposed
37039090;Ot.paper, cards and textiles, sens.unexposed
37040000;Photographic plates, film, etc.exposed but n/developed
37051000;Photographic plates, fotograp.film, expos.foroffset repr.
37052000;Microfilms exposed and developed
37059010;Photo masks on glass sheet, positive, etc.
37059090;Other photographic plates and film, exposed/developed
37061000;Cinematographic film, exposed and developed, w>=35mm
37069000;Other cinematographic film exposed and developed
38170020;Mixed alkylnaphthalenes
38171000;Mixed alkylbenzenes
38172000;Mixed alkylnaphthalene
38180010;Chemical elements doped of silicon, foruse in electronics
38180090;Other chemical elements doped foruse in electronics
38190000;Liquids forhydraulic brakes, etc.with petr.oils<=70%
38200000;Anti-freezing preparations and prepared de-icing fluids
38210000;Prepar.culture media for development of micro-organisms
38220000;Diagnostic/laboratory reagents on a backing/prepared
38220010;Decisive reagents the compon.blood/urine, paper sup.etc
38220090;Other diagnostic or laboratory reagents
38231100;Stearic acid (industrial monocarboxylic fatty acids)
38231200;Oleic acid (industrial monocarboxylic fatty acids)
38231300;"Tall oil fatty acids ""tall oil"""
38231900;Oth.industrial monocarboxylic fatty acids/ac.oils.refin
39119012;Polieteremides and its copolymers, with load, primary forms
39119013;Polieteremides and its copolymers, with load, primary forms
39119014;Poli(sulfeto de fenileno)
39119019;Polysulph, polysulphones, etc.with filler, primary forms
39119021;Chemically mod.polyterpenes, without filler, prim.foms
39119022;Poly(phenylene sulphide), with filler, primary forms
39119023;Polyethylamines, with filler, primary forms
39119024;Polieteremides and its copolymers, without load, primary forms
39119025;Polieteremides and its copolymers, without load, primary forms
39119026;Polysulphones
39119027;Hexadimethrine chloride
38151900;Other supported catalysts
38151910;Supported catalysts, active subst.=vanadium pentoxide
38151920;Supported catalysts, active subst.=copper/its compounds
38151930;Supported catalysts, active subst.=molybdenium/compounds
38151990;Other supported catalysts
38159010;Other supported catalytic for cracking petroleum oils
38159091;Other prepar.catalytic, active subst.isoprenyl aluminium
84512910;Oth.machines f/dry clothes f/microwaves, prod>=120 kg/h
84512990;Other machines for dry clothes
84513010;Ironing machines and presses f/clothes, automatics
84513090;Ot.iron.mach.and presses f/clothes, incl.fusing presses
84513091;Ironing presses for clothers, weighing<=14kg
84513099;Oth.ironing machines and presses, incl.fusing presses
84514010;Machines f/washing yarns/fabric/artic.of textile mater.
84514021;Machines f/dyeing cylindrical fabrics, static presur.etc
84514029;Oth.machines f/dyeing or bleaching yarns or fabrics
84514090;Machines f/dyeing or bleaching oth.textile materials
84714932;System of printer, s<30ppm, transfer thermal solid wax
84714933;System of printer, s<30ppm, laser, monochr.wi>230mm
84714934;System of printer, s<30ppm, laser, etc.poli-crhome
44123100;Plywood with ply of tropical wood thickness <6mm
48103110;Kraft paper, blea.w<=150g/m2, chem.fibre>95%, roll w<=15cm
48103190;Oth.kraft paper, w<=150g/m2, chem.fibre>95%, roll w<=15cm
48103200;Paper/kraft card, bleac.proc.fibre chem.>95%, w>150g/m2
48103210;Kraft bleac.paper w>150g/m2, rolls w<=15cm
48103290;Oth.kraft papers, w>150g/m2, chem.fibre>95%, rolls w<=15cm
48103900;Oth.kraft papers/paperb., coated, kaolin, etc.rolls/sheets
48103910;Oth.kraft papers/paperb.rolls w<=15cm, sheets w<=360mm
48103990;Oth.kraft papers/paperb., exc.for writing, etc.
48109100;Oth.papers/paperb.multiple layers, in rolls/sheets
48109210;Multi-ply paper, strip/roll w<=15cm, sheet<=360mm
48109290;Oth.multi-ply paper, coated with kaolin, rolls/sheets
39211400;Other plates, etc.regenerated cellulose, alveolar
39211900;Other plates, etc.of other plastics, alveolar
39219011;Plates, etc.melamine-formaldeh.resin, stratified
39219012;Other plates, etc. of other plastics with polyethylene support
39219019;Other plates, etc.of other plastics, stratified
39219020;Other plates, etc.of other plastics, with supp./reinfor.
39219022;Oth.plates, etc.of poly(ethylene) with rein.resin impreg
39219029;Other plates, etc.of other plastics, with supp./reinfor.
39219030;Other plates, etc.subst.poly(ethylene terephthalate)etc.
39219090;Other foils, sheets, film, plates and strip, of plastics
41041112;Whole leath.of bovines, slipts(than grain split)<=2.6m2
41041113;Oth.leathers of bovines, n/slipt wet pre-tanned, veg.
39079918;Polybutyl.terephthalate in liquid and pastes
39079919;Polybutyl.terephthalate in other primary forms
39079991;Other polyethers in liquid and pastes
39079992;Poly (epsilon caprolactone)
41041930;Oth.leathers/skins, bovines, wet state veg.pre-tanned
41041940;Other leathers/skins, bovines, including buffalos, wet
41041990;Leathers/skins, equine, wet
44111390;Other fibreboards of wood or ligenous materials t>5mm, t<9mm
44111391;Fibreboards of wood 5mm<thickness<9mm, coverd by protecting film
44111399;Other fibreboards of wood, 5mm<thickness<9mm
44111410;Fibreboards of wood, not mechanically worked t>9mm
44111490;Fibreboards of wood or ligenous materials t>9mm
44111900;Other fibreboard of wood, density>0.8g/cm3
44112100;Fibreboard of wood, n/mechan.worked 0.5<d<=0.8g/cm3
44112900;Oth.fibreboard of wood, 0.5g/cm3<d<=0.8g/cm3
44113100;Fibreboard of wood, n/mechally worked 0.35<d<=0.5g/cm3
44113900;Other fibreboard of wood, 0.35<d<=0.5g/cm3
44119100;Other fibreboard of wood, n/mechally worked n/coved
44119210;Fibreboards of wood, not mechanically worked d>0.8g/cm3
37031010;Photog.paper, etc.forcolour phot.sen.unex.rolls, w>610mm
48102100;Light weight coat.paper used forwrit.etc.fib.mec>10%
48102210;Light weight coat.paper, fib.>10%, w<=15cm, strip/sh.<=360
48102290;Other light weight coat.paper, fibre mechan.process>10%
48102900;Oth.paper/paperboard, forwriting, etc.fib.mech.proc>10%
48102910;Paper forwrit.etc.fibre>10%, strip/roll w<=15cm, sh.<=360m
48102990;Oth.paper/paperb.forwriting, etc.fibre mech.>10%, rolls
48103100;Kraft paper/paperb, bleac.fibre proc.chem>95%, w<=150g/m2
39221000;Baths, shower-baths, sinks and wash-basin, of plastics
39222000;Lavatory seats and covers, of plastics
39229000;Oth.articles forsanitary and hygienic uses, of plastics
39231000;Boxes, cases, crates and similar articles, of plastics
39231010;Plast.cases, used forputting up discs for laser read.syst
39231090;Oth.boxes, cases, crates, similar articles, etc.of plastics
39232110;Sacks, bags, cartridge, of ethylene polymers, cap<=1000cm³
39232190;Other sacks, bags, cartridge, of ethylene polymers
39232910;Sacks, bags, cartridge, of other plastics, cap<=1000cm³
39232990;Other sacks, bags and cartridge, of other plastics
39233000;Carboys, bottles, flasks, similar articles, of plastics
39234000;Spools, cops, bobbins and similar supports, of plastics
39235000;Stoppers, lids, caps, etc.forclose recip.of plastics
39239000;Oth.articles for the conveyance or packing, of plastics
39241000;Tableware, kitchenware, oth.household articles, of plast.
39249000;Other articles of hygiene/of dressing table, of plastic
41042100;Leathers/skins, bovines, vegetable pre-tanned
41042211;Leathers/skins, whole/half, bovines, wet blue, n/split
41042212;Leathers/skins, whole/half, bovines, wet blue, grain split
41042213;Leathers/skins, whole/half, bovines, wet blue, split(than g
41042219;"Other leathers/skins, bovines, ""wet blue"""
41042290;Oth.leathers, bovines, pre-tanned of other way
41042900;Oth.leathers/skins, of bovines/equine, tanned or retanned
41043111;Leat./skins, bovin.veg.pre-tann.forsoles, grain split n/fi
41043119;Ot.leat./skins, bov.pre-tan.prepar.grain split n/finis.
41043120;Leat./skins, bov.after tann.prepar.grain split n/finis.
41043190;Ot.leat./skins, bov./equine pre-tan.prepar.grain split
39094091;Other phenol-formaldehyde in primary forms
39094099;Other phenol-resins in primary forms
39095011;Polyurethane in solutions in organic solvent
31059011;Nitrate of sodium potassic, cont.n<=15% and k2o<=15%
31059019;Other nitrate of sodium potassic
31059090;Other fertilisers min./chem.c/nitrogen and potassium
32011000;Tanning extract, of quebracho
32012000;Tanning extracts, of wattle
32019011;Tanning extracts, of gambier
32019012;Tanning extract, of oak or chestnut
32019019;Tanning extracts of vegetable origin
32019020;Tannins
32019090;Salts, ethers, esters and other derivatives of tannins
32021000;Products synthetic organic tanning
32029011;Products tanning, with a basis of chromium salts
32029012;Products tanning, with a basis of titanium salts
32029013;Products tanning, with a basis of zirconium salts
32029019;Other products inorganic tanning
32029021;Tanning preparations, with a basis of chromium compounds
32029029;Other tanning preparations
32029030;Enzymatic preparations for pre-tanning
32030011;Hematein (coloring matter)
32030012;Fisetin (colorin matter)
32030013;Morin (cloring matter)
32030019;Other colouring matter of vegetable origin
37025412;Films forcolour photograf.unexpos.12, 24 or 36 exib.rolls
37025419;Ot.films forcolour photog.unexpos.w=35mm, l<=30m, rolls
37025491;Films forcolour photog.unexp.16<w<35mm, l<=30m, rells
37025499;Ot.films forcolour photog.unexp.16<w<35mm, l<=30m, rolls
37025510;Films forcolour photog.sen.unexp.w<35mm, l<=30m, rolls
37025590;Films forcolour photog.sen.unexp.16<w<35mm, l<=30m, rolls
37025600;Films forcolour photografic, sens.unexposed w<35mm, rolls
85053000;Electro-magnetic lifting heads
85059010;Electro-magnets
85059080;Plates, broach, dispositive magnetic, etc.of fixation
85059090;Parts of electro-magnetic couplings, clutches, etc.
85061010;Electric piles, of manganese dioxide, alkaline
85061020;Other electric piles, of manganese dioxide
84439933;Others cartridges discloser/products to turning toners
84439939;Other parts, aces. to appl. photocop. eletrostatic.
84439941;Other printing mechanism, even without print head
84439942;Other print heads
84439949;Other laser, led, lcs printing mechanism, parts and accessories
84454019;Ot.reeling machin.of textile material, automatic
84454021;Reeling machin.of textile mater, n/automat.s>=4000m/min
84454029;Other reeling machin.of textile mater, n/automatic
84454031;Machines f/making hanks, with control/automatic knotting
84454039;Other machines for making hanks
84454040;Automatic ball winding machines of textile material
84454090;Other textile winding or reeling machines
84459010;Warpers of textile material
84459020;Drawing-in and reeling machine for textile material
84459030;Warp tying-in or twisting machines of textile material
84459040;Automat.heddle-positioning mach.of textile material
84459090;Other machin.f/product./preparat.of textile yarns
84669490;Parts and acces.of oth.mach.tools f/working metals, etc.
84671110;Rotary pneumatic drills, for working in the hand
84671190;Other rotary pneumatic tools, f/working in the hand
84671900;Other pneumatic tools, for working in the hand
84672100;Drills with self-contained electric motor
84672200;Saws with self-contained electric motor
84672910;Shears with self-contained electric motor
84672991;Cutters for textiles, with self-contained electric motor
38089325;Herbicide based on paraquat dichloride, propanil, etc
38089326;Herbicide based on thriphularine
38089327;Herbicide based on imazethapyr
38089328;Other herbicides based on hexazinona
38089329;Other herbicides, presented in another way
38089331;Anti-sprouting containing bromomethane/bromochloromethane
39039010;Methacrylate-methyl-butadiene-styrene copolymers
39039020;Acrylonitrile-styrene-butyl acrylate
39039090;Othe polymers of styrene, in primary forms
39041010;Poly(vinyl chloride)obtained in suspens., primary forms
39041020;Poly(vinyl chloride)obtained in emulsion., primary forms
39041090;Other poly(vinyl chloride), in primary forms
39042100;Poly(vinyl chloride), non-plasticized, in primary forms
39042200;Poly(vinyl chloride), plasticized, in primary forms
39043000;Vinyl chloride-vinyl acetate copolymers, primary forms
39044010;Vinyl chloride-vinyl acetatecolumers, c/dibasic acid, etc
31031020;Superphosphates, cont.phosphorus pentoxide, 22%<p2o5<=45%
31031030;Superphosphates, cont.phosphorus pentoxide (p2o5)>45%
32082010;Paint of acrylic/vinyl polymers, dispersed/dissol.n/aqueous
32082011;Paint of acrylic polymers, for producing printed circuits
40121900;Other retreaded tires
40122000;Used rubber tires
40129010;Flaps for rubber tires
40129090;Protecting, bands wheelwork, etc.fortires of rubber
40131010;Inner tubes of rubber, fortires of bus, etc.m=11, 00-24
40131090;Inner tubes rubber, fortires of automobiles, etc
40132000;Inner tubes rubber, fortires of biclycles
40139000;Other inner tubes, of rubber
30043210;Medicament c/corticosteroid hormones, in doses
30043220;Medicament containing spironolactone, in doses
30043290;Medicament c/oth.deriv.hormones, analogues, in doses
30043911;Medicament c/growth hormones(somatropin)in doses
30043912;Medicament c/hgc (chorionic gonadotrophin), in doses
32074090;Ot.glass frit and other glass in powder/granules/flakes
32081010;Paint of polyesters, dispersed/dissolved n/aqueous
32081020;Varnishes of polyesters, dispersed/dissolved n/aqueous
32081030;Solutions of polyesters, dispersed/dissolved n/aqueous
38249085;Sodium methylate in methanol
38249086;Maneb, mancozeb and benzalkonium chloride
38249087;Aqueous dispers.of micro-capsules of polyurethane, etc
38159092;Other preparat.catalytic, active substance zinc oxide
38159099;Other catalytic preparations
38160011;Refract.cements/mortars, with a base of calcinated magn.
38160012;Refractory cements/mortars, with a base of sillimanite
38160019;Refractory cements and mortars
38160020;Prep.with a base refract.chromo-magnesite, zirconium, etc
38160021;Prep.with base refractory c>=50%corundum and graphite
38160029;Ot.prep.with a base refract.chromo-magnes.zirconium, etc
38160090;Other refract.concretes and similar compositions
38170010;Mixed alkylbenzenes
39095012;Polyurethane in aqueous dispersion
39095019;Other polyurethanes in aqueous dispersion
39095021;Hydroxyl.polyurethane c/propert.adhesive, in pieces, etc
39095029;Oth.polyurethanes in blocks irregular, pieces, powder, etc
39100011;Lineal pre-polymers mixtures, etc.(oil silicon)
39100012;Polydimethylsiloxane, etc.dispersion(oil silicon)
39100013;Copolymers oil dimethylsiloxane with vinyl compoun.etc
39100019;Other silicones oils in primary forms
39100020;Elastomer (silicon)
39100021;Silicon elastomer, heat vulcanized
39100029;Other silicon elastomer
39100030;Resin (silicon)
39100090;Silicones in primary forms
39111010;Petroleum resin, coumarone, etc.with filler, primary form
39111020;Petroleum resin, coumarone, etc.without filler, prim.form
39111021;Other petroleum resins without charge, total or partially hydrogenated
39111029;Other petroleum resins without charge
39119011;Chemically modified polyterpenes, with filler, prim.forms
32030021;Cochineal(colouring matter)
38089324;Herbicide based on glyphosate/its salts, imazaquin, etc
44119310;Fibreboards of wood, not mechanically worked 0.5<d<0.8 g/cm3
44119390;Other fibreboards of wood or ligenous materials 0.5<d<0.8g/cm3
44119410;Fibreboards of wood, not mechanically worked d<0.5 g/cm3
44119490;Other fibreboards of wood or ligenous materials d<0.5g/cm3
44119900;Other fibreboard of wood
44121000;Plywood, veneered panels stratified and similar in bamboo
44121300;Plywood consist.sheets<=6mm, face of tropical wood
44121400;Plywood consist.sheets<=6mm, face of non-conferous wood
44121900;Other plywood consisting in sheets of thickness<=6mm
44122200;Oth.plywood, ply of non-conferous wood, layer trop.wood
38089321;Herbicide containing bromomethane or bromochloromethane
38089322;Herbicide based on 2, 4-dichlorophenoxiacetic, etc
38089323;Herbicide based on atrazine, alachlor, diuron or ametrine
32030029;Other coloring matter of animal origin
32030030;Prep.with a base colour.matter of veget./animal origin
32041100;Disperse dyes and its preparations
32041210;Acid dyes, whether or n/premetallized, and its preparat.
32041220;Mordant dyes and its preparations
39191020;Plates, sheets, foil, tape, strip and other flat shapes, self-adhesive, made of plastic, in rolls of a width not exceeding 20 cm, of poly (vinyl chloride)
39191090;Plates, sheets, foil, tape, strip and other flat shapes, self-adhesive, made of plastic, in rolls of a width not exceeding 20 cm, of other materials
39199000;Oth.plates, sheets, strip, etc.self-adhes.of plastics
39199010;Other plates, sheets, foil, tape, strip and other flat shapes, self-adhesive, of plastics, whether in rolls or not, of polypropylene
39199020;Other plates, sheets, foil, tape, strip and other flat shapes, self-adhesive, of plastics, whether in rolls or not, of poly (vinyl chloride)
39199090;Other plates, sheets, foil, tape, strip and other flat shapes, self-adhesive, made plastic, coiled or not, of other materials
39201000;Plates, etc.of polym.of ethylene, without sup.n/reinf.etc
40121200;Retreaded tires, of bus and truks
40121300;Retreaded tires, of aerial vehicles
37079030;Photosen.diazo compounds forthe prepar.of phot.emulsions
37079090;Other chemical preparations for photographic uses, etc
38011000;Artificial graphite
38012010;Semi-colloidal graphite in suspension in mineral oil
38012090;Other colloidal or semi-colloidal graphite
38013010;Carbonaceous pastes for electrodes
84561019;Oth.machine-tools oper.by laser, etc.of num.controlled
84715040;Digital proces.unit very big cap.etc.fob>us$100000
84715090;Ot.units digital proces.stor.unit input/1 input/output
84716011;Printers of impact, line
84716012;Printers of impact, (dot matrix printers)
84716013;Printers of impact, (braille printer)
52114100;Fabric of cot.<85%, colours/fibre synt/art.taf.w>200g/m2
52114210;Fabric of cot.<85%, indigo blue/fibre synt/art, w>200g/m2
55103013;Other yarn of artificial staple fibers, mixed mainly or solely with cotton, made from cellulose fibers, of lyocell
55103019;Other yarn of artificial staple fibers, mixed mainly or solely with cotton, made from cellulose fibers, of other materials
55103090;Other yarn of artificial staple fibers, mixed mainly or solely with cotton, made from fibers other than cellulose
55109000;Other yarns of artificial fibres
55109011;Other yarn of artificial staple fibers, made from cellulose fibers, viscose rayon, except modal
55109012;Other yarn of artificial staple fibers, made from cellulose fibers, viscose rayon, of modal
55109013;Other yarn of artificial staple fibers, made from cellulose fibers, viscose rayon, of lyocell
55109019;Other yarn of staple fibers, obtained from cellulose fibers, of other materials
55109090;Other yarn of staple fibers, obtained from fibers other than cellulose
32061111;Rutile pigments particle size of>=0.6 microns, c/modif.
32061119;Oth.rutile pigments, c/titanium dioxide>=80% dried
32061120;Ot.pigments containing titanium dioxide>=80% dried
32061121;Anatase pigments, cont.titanium dioxide>=80% dried
32061129;Other pigments containing titanium dioxide>=80% dried
32061130;Preparations based on titanium dioxide, weighing>=80%
32061910;Pigment consist.of mica coated w/titanium dioxide
32061990;Other pigments and prep.with a base of titanium dioxide
32062000;Pigments and preparations based on chromium compounds
32063000;Pigments and preparations based on cadmium compounds
32049000;Other synthetic organic colouring matter, etc.
32050000;Colour lakes and its preparations
32064100;Ultramarine and its preparations
32064210;Lithopone
37071000;Sensitising emulsions for photographic uses
37079010;Fixers for photographic uses
37079021;Developing based on carbon black, etc.fordoc.reproduction
37079029;Other developing for photographic uses
39151000;Wastem, parings and scrap, of polymers of ethylene
39152000;Wastem, parings and scrap, of polymers of styrene
39153000;Wastem, parings, etc.of polymers of vinyl chloride
39159000;Wastem, parings and scrap of other plastics
39161000;Monofilaments, etc.of polymers of ethylene
39162000;Monofilaments, etc.of polymers of vinyl chloride
39169010;Monofilaments, of other plastics
39169090;Sticks and profiles, of other plastics
39171010;Artificial guts of hardened protein
39171021;Artificial guts, of regenerate cellulose d>=150mm
39171029;Artificial guts of other cellulosic plastics
40112090;Other new tires for bus or trucks
40113000;New tires for airplanes
40114000;New tires for motocycles
40115000;New tires for bycicles
40116100;New tires, for vehicles, agricultural/forest machines
40116200;New tires, for vehicles, construc./indust.ring<=61 cm
36020000;Prepared explosives, other than propellent powders
36030000;Safety fuses/detonating fuses, percussion, deton.caps, etc
36041000;Fireworks
36049010;Signalling flares, against rain rockets and similars
48109900;Other paper/paperb., coated with kaolin, etc.rolls/sheets
35069900;Other glue and prepared adhesives
35071000;Rennet and concentrates thereof
35079011;Alpha-amylase (aspergillus oryzae)
35079019;Other amylase and concentrates thereof
35079021;Fibronucleases
35079022;Bromelain
55144100;Fabric polyest<85% with cotton, w>170g/m2, taf.printed
55144200;Fabric polyest<85% with cotton, w>170g/m2, twill, printed
55144300;Other fabrics polyester<85% with cot.w>170g/m2, printed
55144900;Other fabrics synt.fibr<85% with cot.w>170g/m2, printed
60041031;Tecidos de malha de fibra sint crus/branqueados l>30cm
60041032;Tecidos de malha de fibra sintetica tintos l>30cm
60041033;Tecidos de malha de fibra sint fios divers cores l>30cm
60041034;Tecidos de malha de fibra sintetica estampados l>30cm
60041040;Tecidos de malha de fibra artificiais l>30cm
84572010;Unit construction mach., f/working metals, of num.control
84572090;Other unit construction machines, f/working metals
84573010;Multi-station transfer mach., f/work.metals, of num.con.
84573090;Other multi-station transfer machines, f/work.metals
84581110;Horizon.lathes, f/work.metals, with num.com.type  revolve
84716042;"Other tracer graphs(""plotters""), wi>580mm"
84716049;"Other tracer graphs (""plotters"")"
84716051;Digitizing of images, f/autom.data-proces.machines
84716052;Keyboard f/autom.data-proces.machines
84716053;Indicators f/autom.data-proces.machines
84716054;Digitizing tables, f/autom.data-proces.machines
84716059;Other input units, f/autom.data-proces.machines
84716061;Terminal apparatus with keyboard alphanumeric mon.video
84716062;Terminal apparatus with keyboard alphan.poli-chr.video
84716071;Output unit by video, cathode-ray tubes monochrome
84716072;Output unit by video, cathode-ray tubes poli-chrome
84716073;Other output units by video, cathode-ray tube monochrome
31053010;Diammonium hydrogenorthophosphate arsenic>=6mg/kg
31053090;Other diammonium hydrogenorthophosphate
31054000;Ammonium dihydrogenorthophosphate, inc.mixtures hydr.etc
31055100;Fertilisers containing nitrate and phosphate
31055900;Other fertilisers cont.mineral/chemical c/nitrate/phosp
31056000;Fertilisers containing phosphorus and potassium
37024310;Films forgraphic arts, sen.unex.w>610mm, l>200m, rolls
37024320;Films polyesters heliog.sens.unex.w>61cm, l<=200m, rolls
37024390;Oth.films, n/perforated sen.unex.w>610mm, l>200m, rolls
37024410;Films forcolour photog., sen.unex.105<w<=610mm, in rolls
37024421;Films forgraphic arts, monoc.sen.unex.105<w<=610mm, rolls
37024422;Films of photopolymer, acrylic composit.sens.w>105mm, <610mm, for product. print. circuit
37024429;Oth.films monoc.sen.unex.105<w<=610mm, in rolls
38089999;Other rodenticides presented in another way
38140020;Other solvents/thinners, containing organic hydrochlorofluorocarbons
38140030;Other solvents/thinners, containing carbon tetrachloride
38140090;Other composite organic solvents and thinner, etc
38151100;Supported catalysts, active substance=nickel or comp.
38151200;Supported catalysts, active subst.=precious metal/comp.
38151210;Catalyst ceramic beehive/metallic forcatal.conver.forveh
38151220;Catalysts with particles of a size<500 microns
39081023;Polyamide-6 or polyamide-6, 6, with filler, in pieces, etc
39081024;Polyamide-6/polyamide-6, 6, without filler, in pieces, etc
38130040;Preparations and charges con bromochloromethane for fire-extinguishers
38130090;Preparations and charges for fire-extinguishers, grenades, etc.
38140000;Other composite organic solvents and thinners, etc.
38140010;Other solvents/thinners, containing chlorofluorocarbons (cfc)
40094210;Rubber tube vulc.reinfor.oth.mat.with fitt.r>=17
40094290;Oth.rubber tubes vulc.reinfor.oth.mater.with fittings
51052991;Other combed wool, of thinness<22.5 micrometers
51052999;Other combed wool
51053000;Fine animal hair, carded or combed
51053100;Fine animal hair, of kashmir(cashmere)goat, carded/combed
51053900;Other fine animal hair, carded or combed
52054600;Cotton yarn>=85%, twisted.fibr.comb.106.38d<=title<125d
52054700;Cotton yarn>=85%, twisted.fibr.comb.83.33d<=tit<106.38d
52054800;Cotton yarn>=85%, twisted.fibr.comb.title<83.33decitex
52061100;Cotton yarn<85%, simple, fibr.n/comb.title>=714.29dec.
54024920;Yarn of polyethylene, tenacity >= 26cn/tex
54024990;Other synthetic filament yarns, single, sprain<=50t/m
54025110;Yarn of aramid, single, twist>50 turns/meter
54025190;Yarn of nylon/other polyamides, single, twist>50t/m
54025200;Yarn of polyesters, single, twist>50turns/meter
54025900;Yarn of other synthetic filament, single, twist>50turns/m
52122200;Other fabrics of cotton, bleached, weight>200g/m2
55121100;Fabric of polyester fibres>=85%, raw or bleached
55121900;Fabric of other polyester fibres>=85%
55122100;Fabric of acrylics/modacrylics fibres>=85%, raw/bleach.
48026992;Other paper fibre mech.process>10%, kraft
48026999;Oth.paper/paberboard, fibre mec>10%
48030010;Cellulose wadding or webs of cellulose fibres
48030090;Paper kind used forhousehold or sanitary purposes.etc
48041100;"Paper/paperb.""kraftliner"", forcovering, raw, rolls/sheets"
43040000;Artificial fur and articles thereof
44011000;Firewood in any state
44012100;Coniferous wood, in chips or particles
44012200;Non-coniferous wood, in chips or particles
48025592;Kraft paper, fibre mech<=10%, 40g/m2<=w<=150g/m2
48025599;Oth.paper/paperboard fibre proc.mec<=10%, 40<=w<=150g/m2
48025610;Fibre paper mech<=10%, 40<=w<=150g/m2, sheets side<=360mm
48025691;Paper forimpr.banknote paper, fib.mec<=10%, 40<=w<=150g/m2
48025692;Drawing paper, fibre<=10%, 40<=w<=150g/m2, w<=435x297mm
48025693;Kraft paper, fibre<=10%, 40<=w<=150g/m2, w<=435x297mm
39069048;Copolymer of potassium acrylate and acrylic acid, capable of absorbing distilled water up to four hundred times its own weight
39071010;Polyacetals with fillers, in liquid and pastes
39071011;Polyacetals with fillers, in liquid and pastes
39071019;Polyacetals with fillers, in other primary forms
39071020;Polyacetals with fillers, in other primary forms
39071021;Polyacetals with fillers, in liquid and pastes
39071022;Polyacetals without fillers, in irreg.blocks etc.n/stab.
39071029;Polyacetals without fillers, in other primary forms
39071031;Polydextrose without fillers, in liquid and pastes
39071039;Polyacetals without fillers, in liquid and pastes
39071041;Polydextrose without fillers, in other primary forms
39071042;Ot.polyacetals without fillers, powd., pas.thro.ap.0, 85mm
39071049;Polyacetals without fillers, in other primary forms
39071090;Other polyacetals
30063015;Opacif.preparat.zirconium dioxide, etc.forx-ray examinat.
30063016;Opacif.preparat.sodium diatriazide, etc.forx-ray exam.
30063017;Opacif.preparat.w/base ioversol/iopromide forx-ray exam.
37012010;Film in the flat, instant print sen., unex.forcolour phot.
37012020;Film in the flat, instant print sen., unex.formonoch.phot.
37013010;Ot.plates/film flat, sen.unex.d>255mm forcolour phothog.
37013021;Aluminium plates/plane, sen.photos.polymers unex.d>255mm
30066000;Chemical contraceptive preparat.based on hormone/sperm.
30067000;Preparations in gel,  used surgical intervention, etc.
30068000;Pharmaceuticals waste
30069110;Plastic bags for colostomy, ileostomy, urostomy
30069190;Other identified equipment for use in ostomy
85171233;Mobile terminals of the  type used in vehicles/automobiles
85173050;Autom.central networking system f/telephonic, etc.
85173061;Dig. routers crossconect, granularity>=2mbits/s
85173062;Crossconect, serial connection speed>4mbits/s, etc
85173069;Other eletr. dig.routers crossconect to teleph./telegraph.
84524000;Furniture, bases and covers f/sewing mach., parts thereof
84529011;Thread-guides, shuttles, etc.f/sewing mach., domestic
84529019;Other parts of sewing machines, domestic
84529020;"Furniture,bases and covers f/ sewing machines;its parts"
84529081;Thread guides,shuttles and door-to-reels,sewing machine
84529089;Other parts of sewing machines for home use
84529091;Thread-guides, shuttles, etc.f/other sewing machines
84529092;Parts of mach.f/sewing toget.parts of knitted garments
84529093;Rotary shuttles of sewing machines
84529094;Moulded bodies by foundry
84529099;Parts of other sewing machines
84531010;Mach.f/divide leathers c/w<=3m, endless lamin.electron.
84531090;Other machines f/produc./tan/work leathers/skins
84532000;Machinery for making or repairing footwear
52122100;Other fabrics of cotton, raw, weight>200g/m2
84490099;Parts and acces.machinery f/manuf./finish.of felt, etc.
84501100;Washing machines, cap<=10kg, fully automatic machin.
84501200;Washing machines, cap<=10kg, with built-in centrif.drier
84501900;Oth.washing machines, capac<=10kg of dry clothes
84713090;Oth.portable digital autom.data-proc.machin.w<=10kg, etc
84714110;Dig.data-proc.mach.w<750g, entr.data/command, scr <280cm2
84714190;Ot.dig.mach.f/data-proc.with/cpu, incl.input/output unt.
84714900;Other aut. proces. dig. machine by form of system
84714911;System of unit proces.dig.small cap.etc.fob<=us$12500
84714912;System of unit proces.dig.medium cap.etc.fob<=us$46000
84714913;System of unit proces.dig.big cap.etc.fob<=us$100000
84714914;System of unit proc.dig.very big cap.etc.fob<=us$100000
84714915;System of ot.unit proc.dig.with unit of mem.input/outp.
84714921;System of printer of impact, of line
84714922;System of printer of impact, braille
48051900;Other paper forcorrugated, uncoated, in rolls/sheets
48052100;Multi-ply paper/paperb., bleached, rolls/sheets
48052200;Multi-ply paper/paperb., 1 external bleached ply
48052300;Multi-ply paper/paperb., 2 external bleached ply
48052400;Testliner paper, uncoated, in rolls/sheets, w<=150g/m2
48052500;Testliner paper, uncoated, in rolls/sheets, w>150g/m2
48052900;Oth.paper/paperb.of multiple layers, uncoat.rolls/sheets
48053000;Sulphite wrapping paper, n/covered, in rolls/sheets
48054000;Filter paper and paperboard, uncoated, in rolls/sheets
39201010;Plates of polymers of ethylene, n/reinf.etc.roll w<=66cm
39209910;Plates, etc.of silicones, without support, n/reinf.etc
39209920;Plates, etc.poly(vinyl alcohol), without supp., n/rein.etc
39209930;Plates, etc.polym.of vinyl fluor., without sup.n/rein.etc
39209940;Plates, etc.polym.of polyimides, without supp., n/rein.etc
39209950;Plates, etc. of poli(chlorotrifluoroethylene), no reinforce, etc
39209990;Oth.plates, etc.of ot.plastic, n/alveol.without supp.etc
39129090;Ot.cellulose and its chemical derivatives, primary forms
39131000;Alginic acid,  its salts and esters, primary forms
39139011;Chlorinated/hydrochloride rubber, in pieces, clots, etc.
39139012;Chlorinated rubber, in other forms
39139019;Ot.natural rubber/its chemical derivatives, prim.forms
39139020;Xanthane gum, in primary forms
39139030;Dextran, in primary forms
40102200;Conveyor belt endless trapez.18<c<=24dm, vulcan.rub
39201090;Other plates of polymers of ethylene, n/reinf.etc.
39201091;Plates of polymers of ethyl., n/reinf.etc.prod.acum.elec
39201099;Other plates of polymers of ethylene, n/reinforced, etc
39202011;Plates, etc.polym.of prop.biax.orien.metal./without sup
38249088;Mixtures of dihalogenated n, n-dialkyl phosphoroamid.etc
48083000;Other kraft paper, creped or crinkled, etc.rolls/sheets
48084000;Kraft paper, creped/crinkled
48089000;Other paper/paperb.wavy/creped, etc.rolls/sheets
48091000;Carbon paper or similar, in rolls and sheets
48092000;Self-copy paper, in rolls and sheets
48099000;Other paper forcopies or duplication, in rolls and sheets
48101100;Paper forwriting, etc.fibre mec.proc.<=10%, w<=150g/m2
48101210;Metall.paper/paperb.fibre mech.proc<=10%, w>150g/m2, etc
48101220;Baryta paper/paperb., fibre mech.proc<=10%, w>150g/m2, etc
48101290;Oth.paper forwriting, etc.fibre mech.proc<=10%, w>150g/m2
38249083;Tiophosph.triisocianate phen./triphenylmet.in sol.etc
38249084;Propylene oxide mixt.c/<= 30% b/weight of ethyl.oxide
31032000;Basic slag
31039011;Hydrogenorthophosphate calcium cont.p2o5<=46%
37013050;Film in the flat, polyesters heliograp.sens.unex.d>255mm
37013090;Other plates and film in the flat, sens.unex.d>255mm
37019100;Ot.plates/film flat, sensit.unexposed forcolour phothog.
37019900;Oth.plates/film flat, sensitiz.unexposed formonoc.phothog
37021010;Film for x-ray, sensitized 1 side unexposed in rolls
37021020;Film for x-ray, sensitized 2 side unexposed in rolls
37022010;Film instant print, unexp.forcolour photografic, in rolls
37022020;Film instant print, unexp.formonoc.photografic, in rolls
37023100;Ot.film forcolour photografic, sens.unex.w<=105mm, rolls
37023200;Films, c/silver halide emulsion sens.unex.w<=105mm, rolls
37023900;Oth.films, n/perforated sensitized unex.w<=105mm, rolls
37024100;Films forcolour photog., sen.unex.w>610mm, l>200m, rolls
37024210;Films forgraphic arts, sen.unex.w>610mm, l>200m, rolls
32082020;Varnishes acrylic/vinyl polym., disper./dissol.n/aqueous
32082030;Solutions acrylic/vinyl polym., disper./dissol.n/aqueous
32089010;Paint of ot.syn.polymers, etc, dispersed/dissol.n/aqueous
32089021;Varnishes of cellulose deriv., dispers./dissol.n/aqueous
32089029;Varnishes of ot.synt.polim.etc, disper./dissol.n/aqueous
32089031;Solutions of silicones dispersed/dissolved n/aqueous
39119029;Other polyterpenes, etc.without filler, primary forms
39121110;Cellulose acetate, non-plasticised, with filler, prim.form
39121120;Cellulose acetate, non-plastic., without filler, prim.form
39121200;Cellulose acetate, plasticised, primary form
39122010;Cellulose nitrate, with filler, primary form
32082019;Other paints based on acrylic or vinyl polymers
39122021;Cellul.nitrate, with fil., in alc.non-volat.content>=65%
39122029;Other cellulose nitrate, with filler, in primary form
32042011;4, 4-bis(1, 3, 5)triazinyl-6-amin.-2, 2-disulp.acid der.etc
32042019;Oth.stilbene deriv.used as fluoresc.brightening agents
32042090;Ot.synt.org.prod.used as fluorescent brightening agents
30045040;Medicament c/vitamina a1 (retinol), etc.in doses
30045050;Medicament c/calcium d-pantothenate, etc.in doses
41043911;Ot.leat./skins, bovine, after-tann.prepar.n/finishing
41043912;Ot.leat./skins, bovine, after-tann.prepar.with finishing
41043990;Oth.leath./skins, bovine/equine, parchment-dressed
41044110;Whole leath.of bovines, dry state, grain splits s<=2, 6m2
38249089;Other produc./preparat. based on organic compounds
38249090;Other produc./preparat.of chemical ind./allied ind.etc
38251000;Municipal waste
30044020;Medicam.c/pilocarpine/its nitrate/hydrochloride, doses
30044030;Medic.c/dihydroergocristine methanesulp., doses
30044040;Medicament c/codeine or its salts, in doses
30044050;Medicam.c/granisetron, tropisetron, etc.in doses
30044090;Oth.medicam.c/alkaloids/hormones, etc.in doses
30045010;Medicament c/calcium folinate (leucovorine), in doses
30045020;Medicam.c/nicotinamide ac./its sodium salt, etc.in doses
30045030;Medicament c/hydroxycobalamine/its salts, in doses
37024290;Oth.films, n/perforated sen.unex.w>610mm, l>200m, rolls
85176149;Other appar/equip. of transm./recep. of telec. by satellite
85176191;Other appar/equip dig.radio, freq.<=23ghz,rate<=8mbits/s
55151100;Fabric of polyester fibres with rayon viscose
55151200;Fabric of polyester fibres with filament synt/artif.
60023010;Mesh fabrics of cotton, w>30cm, c/elastom.etc
60023020;Mesh fabrics of synt/artif fibre, w>30cm, c/elastom.etc
60023090;Mesh fabrics of oth.text.mater.w>30cm, c/elastom.etc
60012100;Towelling fabric, fabric of cotton mesh
60012200;Towelling fabric, of fibre mesh synthetic/artificial
60012900;Towelling fabric, of other textile materials
60019100;Pile fabrics, of cotton mesh
60019200;Pile fabrics, of fibre mesh synthetic/artificial
60019900;Pile fabrics, of mesh of other textile materials
60021010;Mesh fabrics of cotton, w<=30cm, cont.elastomeric, etc
60021020;Mesh fabrics of synt/artif fibre, w<=30cm, c/elastom.etc
60021090;Mesh fabrics of oth.text.mater.w<=30cm, c/elastom.etc
60022010;Other mesh fabrics of cotton, w<=30cm
60022020;Other mesh fabrics of synt/artif fibre, w<=30cm
60022090;Oth.mesh fabrics of oth.text.mater.w<=30cm
52041111;Sewing thread, of raw cotton>=85%, tit.<=5000d, cable=2
52041112;Sewing thread, of raw cotton>=85%, tit.<=5000d, cable>=3
52041120;Sewing thread, of raw cotton>=85%, tit.>5000dec.
48045100;Paper/kraft paperb., raw, w>=225g/m2, in rolls/sheets
48043190;Oth.paper/kraft paperboard, raw<=150g/m2, rolls/sheets
48043910;Oth.paper/kraft paperb., w<=150g/m2, dielec.streng.>=600v
48043990;Oth.paper/kraft paperb., w<=150g/m2, in rolls/sheets
48044100;Paper/paperboard kraft, raw, 150<w<225g/m2, rolls/sheets
48044200;Kraft paper, bleach.fibre chem.proc.>95%, 150<w<=225g/m2
48044900;Oth.paper/kraft paperboard, 150<w<225g/m2, rolls/sheets
48045200;Pap./kraft paperb, bleac.fibre chem.proc.>95%, w>=225g/m2
48045900;Other paper/kraft paperb.w>=225g/m2, in rolls/sheets
39181000;Floor coverings, etc.of polymers of vinyl chloride
39189000;Floor coverings, walls/roofs, of other plastics
39191000;Plates, sheets, etc.self-adhes., of plastics, rolls, w<=20cm
44101900;Other woodboards
44101911;Waferboard
44101919;Other waferboard
44101991;Other wood boards, in rough or simply polished
44101992;Other wood boards, coverd by melamine paper
44101999;Other wood boards, cover. sup. with laminates, sheet of plastic
44102100;"Particle board ""waferboard"", etc.unworked"
44102900;"Other particle board""waferboard"", etc."
44103100;Oth.board wood in brute/simply polished
44103200;Other board wood, covered, melanine paper
44103300;Other board wood, covered, laminates of plastics
44103900;Other wood panels
44109000;Board of other woody matters
44111100;Fibreboard of wood, n/mechanically worked d>0.8g/cm3
44111210;Fibreboards of wood, not mechanically worked t>5mm
48114190;Other paper/paperboard self-adhesive, in rolls/sheets
48114910;Other paper/paperboard self-adhesive, strip/roll w<=15cm
48114990;Oth.gummed/adhesive paper and paperboard, rolls/sheets
41012020;Divid./whol.leathers/skin, bovine, grain splits, w<=8kg
41012030;Divid./whol.leat./skin, bovine, splits(than grain)w<=8kg
41012110;Raw skins of bovine, whole, n/divided, fresh, etc.
41012120;Raw skins of bovine, whole, grain splits, fresh, etc
44083100;Sheets forveneering, of dark/light red meranti, etc.t<=6mm
44083110;Sheets forveneering, etc.coniferous wood stratified
44083190;Sheets forveneering, etc.of dark red meranti, etc
35079023;Streptokinase
35079024;Streptodornase
35079025;Mixed streptoquinase and streptodornase
35079026;Papain
35079029;Other proteases and its concentrated
35079031;Lysozyme and its hydrochloride
35079032;L-asparaginase
35079039;Other enzymes and its concentrated
35079041;Prepared enzymes with a basis of cellulases
35079042;Prepared enzymes based on transglutaminase
35079049;Other prepared enzymes
36010000;Propellent powders
36049090;Other signalling flares and pyrotechnic articles
36050000;Matches, other than pyrotechnic articles
39079999;Other polyethers in primary forms
39081011;Polyamide-11 liquids and pastes
39081012;Polyamide-12 liquids and pastes
39081013;Polyamide-6/polyamide-6, 6, with load liquids and pastes
39081014;Polyamide-6/polyamide-6, 6, without  load liquids, pastes
39081019;Polyamide-6, 9 or 6, 10 or 6-12, in liquids and pastes
39081021;Polyamide-11 in irreg.blocks, pieces, clots, etc.
39081022;Polyamide-12 in irreg.blocks, pieces, clots, etc.
31039019;Other hydrogenorthophosphate calcium
31039090;Other mineral or chemical fertilisers, phosphatic
31041000;Carnalite and other crude natural potassium salts
31042010;Potassium chloride, containing potassium oxide(k2o)<=60%
31042090;Other potassium chloride
31043010;Potassium sulphate, potassium oxide(k2o)<=52%
31043090;Other potassium sulphate
31049010;Sulphate double of potassium and magn., cont.k2o>al30%
31049090;Other mineral or chemical fertilisers, potassic
31051000;Fertilisers in tablets/packages wei.<=10kg
31052000;Fertilisers contaning nitrogen, phosphorus and potassium
48101990;Oth.paper/paperb.forwriting etc.mechanical fibre<=10%
37025110;Films forcolour photografic, unex.w<=16mm, l<=14m, in rells
37025190;Ot.films forcolour photografic, unex.w<=16mm, l<=14m, rolls
37025200;Films forcolour photografic, sen.unex.w<=16mm, l>14m, rolls
37025300;Films forcolors dispos.unexp.16<w<=35mm, l<=30m, rolls
37025411;Films forcolour photograf.sens.unexp.w=35mm, l<=30m, reels
38130030;Charges with hydrochlorofluorocarbons (hcfc) for fire-extinguishers
44119290;Other fibreboards of wood, not mechanically worked d>0.8g/cm3
48101910;Ot.paper forwrit.etc.fibre<=10%, strip w<=15cm, sh.<360mm
48101981;Oth.metallized paper, w>150g/m2, fibre<=10%
48101982;Other baryta paper, w>150g/m2, fibre<=10%
48101989;Oth.paper/paperb.forwriting etc.w>150g/m2, fibre<=10%
40116310;"Radial tires, new, for""dumpers"", ring>=1448mm"
40116320;Other new tires, forcontruction vehicles ring>=1143mm
40116390;Other new tires, forcontruction vehicles ring>61cm, spine
48231100;Self-adhesive paper, in strips or rolls
48231200;Cellulose paper, self-adhesive, in strips/rolls
48231900;Other gummed or adhesivos paper, in strip/rolls
48232000;Filter paper and paperboard
48232010;Filter paper, etc.15g/m2<w<=25g/m2, fibr.copol.acet.vinyl
48232090;Oth.filter paper/paperboard, in strips/rolls
48232091;Filter paper, of cellulose, strip/roll 15<w<=36cm
48232099;Filter paper and paperboard, of cellulose
40093210;Rubber tube vulc.reinfor.text.mat.with fitt.r>=17
40093290;Oth.rubber tubes vulc.reinfor.text.mat.with fitt.
40094000;Rubber tube vulc.n/hard.with oth.mater.without fittings
38089995;Other nematocides presented another way
38089996;Raticides presented in another way
40116910;Other new tires, band fish spine, ring>=1143mm
40116990;Other new tires, of rubber, band fish spine
40119110;"New tires, of rubber, ""herring-bone"" for bulldozer"
40119111;New tires, of rubber, band spine forsec.diam.ring>=1143mm
37031021;Paper heliogr.monoc.sen.unex.in rolls, w>610mm
37031029;Other papers formonoc.photog.sen.unex.in rolls, w>610mm
39206300;Plates, etc.unsatur.polyesters without sup.n/reinforced
39206900;Plates, etc.of ot.polyesters without supp.n/reinfor.etc
39207100;Plates, etc., reg.cellulose without supp.n/reinf.etc
39207210;Plates, etc.of vulcan.fibre t<=1mm, without supp.n/reinf.
39207290;Oth.plates, etc., of vulcan.fibre, without sup.n/reinf.etc
41012130;Raw skins of bov.whole, splits(than grain spl.)fresh, etc
41012210;Raw skins of bovine, (backs), not slipt, fresh, etc
41012220;Raw skins of bovine, (backs), grain splits, fresh, etc
41012230;Raw skins of bovine, (backs), slipts(than grain)fresh, etc
41012910;Oth.raw skins of bov.(backs), n/slipt, fresh, etc
41012920;Oth.raw skins of bovine, (backs), grain splits, fresh, etc
41012930;Ot.raw skins of bovine, slipts(than grain spl.)fresh, etc
41013010;Raw skins of bovine, conser.of another way, not slipt
41013020;Raw skins, of bovine, conser.of another way, grain splits
41013030;Raw skins of bovine, cons.another way slipts(than grain)
41014010;Raw skins, equine, not split
41014020;Raw skins, equine, grain splits
41014030;Raw skins, equine, splits (other than grain splits)
41015010;Whole leathers/skin of bovine, not split, w<=16kg
41015020;Whole leathers/skin, bovine, grain splits, w<=16kg
41015030;Whole leath./skin, bov.slipts(ot.than grain sp.), w<=16kg
44089090;Sheets for veneering, etc, of other wood
44091000;Coniferous wood,  continuously shaped
44092000;Non-coniferous wood, continuously shaped
44092100;Of shaped bamboo, stick, friezes  non-coniferous
44092900;Other shaped wood, etc,. non-coniferous
44101100;Waferboard
39206100;Plates, etc.of polycarbonates, without sup.n/rein.etc
39206211;Plates, etc.poly(ethyl.tereph.)t<5 micr.without supp.etc
39206219;Ot.plates, etc.poly(ethyl.tereph.)t<=40 micr.without sup
39206291;Plates, etc.poly(ethyl.tereph.)w<=12cm, without supp.etc
39206299;Oth.plates, etc.poly(ethyl.terephthalate)without sup.etc
41041114;Oth.leathers bovines, incl.buffalos, wet split(than grain
41041119;Equine leathers, wet state, split(than grain split)
41041121;"Whole leathers of bovine, split""wet blue"", s<=2, 6m2"
41041122;Whole leathers of bovines, grain splits s<=2, 6m2
41041123;Oth.tanned bovine, split, wet, veget pre-tanned
41041124;Other leathers bovines, incl.buffalos, wet, grain splits
41041129;Other equine leathers, wet, grain splits
41041910;"Other whole leathers of bovines, ""wet blue"", s<=2, 6m2"
41041920;Oth.leathers/skins, whole, bovines, wet state s<=2, 6m2
44039100;Wood oak (quercus spp), in rough
44039200;Wood beech (fagus spp), in rough
44039900;Other wood, in rough
44041000;Hoopwood, stakes, etc.of coniferous
44042000;Hoopwood, stakes, etc.of non-coniferous
44050000;Wood wool and wood flour
37029700;Other sensitized films,not printed, wid.<= 35mm,len>30m
37029800;Other sensitized films, not printed, width> 35mm
44013100;Wood pellets
44013900;Other sawdust and waste, of wood
44020000;Wood charcoal
44021000;Bamboo wood charcoal, even agglomerated
44029000;Other wood charcoal, even agglomerated
44031000;Wood in the rough, treated with paint, creosote, etc.
44032000;Coniferous wood, in rough
44034100;Wood of dark or light red meranti, etc.in rough
44034900;Other tropical wood, in rough
39079912;Poli (butylene terephthalate) in liquid and pastes
40095010;Rubber tube vulc.n/hard.with fitt.pression<17.3mpa
40095090;Oth.rubber tubes vulcanized n/hardened, with fittings
40101100;Conveyor belt of rubber vulcan.reinfor.only with metal
40101200;Conveyor belt of rubber vulcan.reinfor.with text.mater.
40101300;Conveyor belt of rubber vulcan.reinfor.with plastics
40101900;Other conveyor belt, of vulcanised rubber
40102100;Conveyor belt endless trapez.6dm<c<=18dm, vulcan.rub
43015000;Raw furskins, of mouse-musky, whole
43016000;Raw furskins, of fox, whole
43017000;Raw furskins, of seal, whole
43018000;Raw furskins, of other animals, whole
43019000;Heads, tails, paws, etc.of animals used in the skins ind.
43021100;Tanned/dressed furskins, of mink, whole, unassembled
40094100;Rubber tubes vulc.n/hard.reinfor.oth.mat.without fitt.
44072500;Dark red meranti wood, etc.sawn, cut in sheets thin.>6mm
44072600;White lauan wood, etc.sawn, cut in sheets thin.>6mm
44072700;Sapelli wood, sawn, lenghtwise, thickness>6mm
44072800;Iroco wood, sawn, lenghtwise, thickness>6mm
48026210;Other paper fibre mech.process>10%, side<=360mm
48026291;Other paper fibre mech.process>65%, w<=57g/m2
48026292;Oth.paper fibre mec>10%, kraft, sheets<=435mmx297mm
48026299;Oth.paper/paberboard, fibre mec>10%, sheets<=435mmx297mm
48026910;Paper fibre mec>10%, belts w<=15cm, sheets side<=360mm
48026991;Other paper fibre mech.process>=65%, w<=57g/m2
38099130;Fire-retardant prod.forindustry textile/similar indus.
38099141;Water-repelent agen.based on paraffin, etc.fortextile ind
38099149;Ot.water-repel.based on paraffin forind.textile/ind.sim.
38099190;Other finishing agents, etc.fortextil ind.
38099211;Water-repelent agen.based on paraffin, etc.forpaper ind
38099219;Other water-repelent forpaper ind./similar ind.
38099290;Other finishing agents, etc.forpaper ind.
38099311;Water-repelent agen.based on paraffin, etc.forleather ind
38099319;Other water-repelent forleather ind./similar ind.
39069046;Methyl acrylate copolymer, acrylate >=50%
39069047;Ethyl acrylate copolymer, n-butyl acrylate, etc
38091010;Prep.with a basis of amylaceous substances fortex.indust
38091090;Other preparat.with a basis of amylaceous substances
38099110;Finishing agents prepar., used industry text./similar
38099120;Mordants prep.forindustry textile/similar indus.
39081029;Polyamide-6, 9 or 6, 10 or 6-12, in bloks irregular, etc.
39089010;Lauryl-lactam copolymer, in primary forms
39089020;Ot.polyamides obt.condensation of dimer.fatty acid etc
39089090;Other polyamides in primary forms
39091000;Urea resins, thiourea resins, in primary forms
39092011;Melamine-formaldehyde, with filler in powder form
39092019;Other melamine resins, with filler, in primary forms
39092021;Melamine-formaldehyde, without filler, in powder form
39092029;Other melamine resins, without filler, in primary forms
39093010;Other amino resins, with filler, in primary forms
39093020;Other amino resins, without filler, in primary forms
39094011;Phenol-formaldehyde, liposoluble, pure or modified
39094019;Other phenolic resins, liposoluble, pure or modified
30063021;Reagent of diagn.of somatoliberin, foruse in the patient
30063029;Other reagents of diagn. for use in the patient
30064011;Dental cements for filling
30064012;Other dental products for filling
30064020;Bone reconstruction cements
30065000;First-aid boxes and kits
43021200;Tanned/dressed furskins, rabbit/, whole, unassembled
30069200;Pharmaceuticals waste
31010000;Fertilisers obtained animal/vegetable, etc
36061000;Liquid combustible, etc.used for lighter, cap<=300cm3
36069000;Ferro-cerium/oth.pyrophoric alloys, artic.of inflam.mat.
37011010;Plates and film in the flat, forx-ray, sensit.1side, unexp.
37011021;Plates/film in the flat, forx-ray, odont.sens.1side, unexp.
37011029;Other plates/film in the flat, forx-ray, sens.1side, unexp.
44079960;Vivaro wood, sawn/cut in sheets, etc.thick.>6mm
44079970;Curupay wood, sawn/cut in sheets, etc, thick.>6mm
44079990;Other wood, sawn/cut in sheets, etc, thick.>6mm
44081010;Wood sheets, of pine brazil, thickness<=6mm
44081090;Other wood sheets, of coniferous, thickness<=6mm
44081091;Sheets for veneering, etc.of pine brazil
44081099;Sheets for veneering, etc.of other coniferous wood
48045910;Semi-bleached kraft paper, proc. chem. fibre w>=225g/m2,rolls
48045990;Other paper/kraft paperboard, w>=225g/m2, rolls/sheets
48051000;Semi-chemical paper forcorrugated, uncoated, rolls/sheets
48051100;Semi-chemic.paper forcorrugated, uncoated, rolls/sheets
48051200;Straw paper forcorrugated, uncoated, in rolls/sheets
48025699;Oth.fibre paper<=10%, 40<=w<=150g/m2, w<=435x297mm
48025710;Other fibre paper<=10%, 40<=w<=150g/m2, belts<=15cm, etc.
48025791;Paper forimpr.banknote paper, fib.mec<=10%, 40<=w<=150g/m2
48025792;Drawing paper, fibre mec<=10%, 40g/m2<=w<=150g/m2
48025793;Kraft paper, fibre mec<=10%, 40g/m2<=p<=150g/m2
39123111;Carboxymethylcellulose content>=75%, in primary forms
39123119;Other carboxymethylcellulose, in primary forms
39123121;Salts of carboxymethylcellulose con.>=75%, primary forms
39123129;Other salts of carboxymethylcellulose, in primary forms
39123910;Hydroxylated methyl-, ethyl-propyl cellul., primary form
39123920;Other methylcelluloses, in primary forms
39123930;Other ethylcelluloses, in primary forms
39123990;Other eters of cellulose, in primary forms
39129010;Cellulose propionate, in primary forms
39129020;Cellulose acetobutanoate, in primary forms
39129031;Microcrystalline cellulose, in powder
39129039;Microcrystalline cellulose, in primary forms
39129040;Other cellulose, in powder
39173290;Oth.tubes of plastics, n/reinforced, without fittings
39173300;Tubes of plastic, n/reinforced, without fittings
39173900;Other plastic tubes
30063018;Opacif.preparat.sodium iothalamate, etc.forx-ray exam.
30063019;Other opacififying preparations, for x-ray examinations
48041900;"Oth.paper/paperb.""kraftliner"", forcover., raw, rolls/sheets"
39172100;Rigid tubes, of polymers of ethylene
39172200;Rigid tubes, of polymers of propylene
39172300;Rigid tubes, of polymers of vinyl chloride
39172900;Rigid tubes, of other plastics
39173100;Flexible tubes, of plastic, forsupport pressure>=27.6 mpa
39173210;Tubes of copol.of ethylene, n/reinforc., without fittings
39173221;Semipermeable capillary tube of polypforhemodyalisis
39173229;Other tubes of polypr., n/reinforced, without fittings
39173230;Tube of poly(ethylene terephth.), n/reinf., without fit.
39173240;Tubes of silicones, n/reinforced, without fittings
39173251;Semipermeable capillary tube reg.cellul.forhemodyalisis
39173259;Oth.tubes of regenerate, n/reinforced, without fittings
38112120;Additives anti-cor./oxidation inhibit.c/petrol.oils, etc
38112130;Dispersants addit.not containing ash, petroleum oils, etc
44072920;Ipe wood, sawn/cut in sheets etc.thick.>6mm
37013022;Polyesters plates/plane, sen.photos.polym.unex.d>255mm
37013029;Other plane plates, sen.photos.polymers unex.d>255mm
37029100;Other films sensitized unexpos.w<=16mm, l<=14m, in rolls
37029200;Other films sensitized unexpos.w<=16mm, l>14m, in rolls
37029300;Other films sensitized unexp.16mm<w<=35mm, l<=30m, rolls
37029400;Other films sensitized unexp.16mm<w<=35mm, l>14m, rolls
37029500;Other films sensitized unexposed w>35mm, in rolls
37029600;Other sensitized films,not printed,wid.<= 35mm,len<=30m
38151290;Other catalysts, cont.active substance precious metal
38112131;Dispersants-deterg.addictive tbn<170, lubricating oils
38112139;Other dispersants-detergents addictive, lubricating oils
38112140;Detergents addict.c/metal compounds, c/petroleum oil, etc
38112150;Other prep.cont.1 or more addictive c/petroleum oil, etc
38112190;Other addictives c/petroleum oil, etc.forlubricat.oils
38112910;Other addictives dispersants not containing ash
38112920;Other addictives detergents containing metal compounds
39071091;Ot.polyacetals, in granules, of a particle diameter>2 mm
39071099;Other polyacetals
39072011;Polyoxyphenylene with fillers, in primary forms
39072012;Polyoxyphenylene without fillers, in primary forms
39072020;Poly(tetramethylene ether glycol), in primary forms
39072031;Poly(ethylene glycol) 400, in primary forms
39072039;Other polyether polyols, in primary forms
39072041;Poly (epichlorohydrin)
39072042;Copolymers of ethylene oxide
39072049;Other
39072090;Other polyethers, in primary forms
39073011;Epoxide resins with fillers, in liquid and pastes
39073019;Epoxide resins with fillers, in other primary forms
39073021;Tetrabromobisphenol a copolymer, etc.without fil.prim.fo
39073022;Epoxide resins without fillers, in liquid and pastes
39073028;Epoxide resins without fillers, in liquid and pastes
39073029;Epoxide resins without fillers, in primary forms
39074000;Polycarbonates in primary forms
39074010;Polycarbonates prim.forms 60g/10min<=fluidity<=80g/10m
31021010;Urea containing of nitrogen>45% weighing
31021090;Other urea, whether or not in aqueous solution
31022100;Ammonium sulphate
31022910;Ammonium sulphonitrate
31022990;Oth.double salts/mixtures of sulphate/ammonium nitrate
31023000;Ammonium nitrate, whether or not in aqueous solution
31024000;Mixtures of ammonium nitrate with calcium carbonate, etc
31025011;Sodium nitrate, natural, containing nitrogen<=16.3%
31025019;Other sodium nitrate, natural
31025090;Other sodium nitrate
31026000;Double salts mixtures of calcium nitrate and ammonium
31027000;Calcium cyanamide
31028000;Mixtures of urea w/ammonium nitrate in aqueous sol., etc
31029000;Oth.fertilizer chemical/minerals, nitrogenous
31031010;Superphosphates, cont.phosphorus pentoxide(p2o5)<=22%
37032000;Other papers forcolour photography, sensitised unexposed
39202012;Plates, etc., polym.of prop.biax.orien.metal./without sup
39202019;Ot.plates, etc.polym.prop.biax.orien.met./without sup
39202090;Other plates, etc.polym.of propyl.without supp.n/reinf.
39174000;Fittings for tubes, of plastics
39174010;Fittings for tubes, of plastcis, used in hemodialysis
39174090;Other fittings for tubes, of plastics
40119120;"New radial tires, band fish spine, for""dumpers"", etc."
40119190;Other new tires, band of wheelwork forms fish spine
40119210;Other new tires, for agric.vehicles mes.:4, 00-15, etc
40119290;Other new tires,  for forest/agricultural vehicles
40119300;Other new tires, for construction vehicles ring<=61cm
40119410;"Other radial tires, news, ""dumpers"", ring>=1448"
40119420;Other new tires, for construction vehicles ring<=1143mm
40119490;Other new tires, for construction vehicles ring<=61cm
40119910;New tires, for tractors/agricultural implem.divid.measures
40119921;New tires for bulldozer sec.diam.ring>=1143mm
40119929;Other new tires for bulldozer, etc.
40119930;"New radial tires for ""dumpers"", etc."
40119990;Other new rubber tires
44072930;Pau marfim wood, sawn/cut in sheets etc.thick.>6mm
44072940;Louro wood, sawn/cut in sheets etc.thick.>6mm
44072990;Other tropical wood, sawn/cut in sheets etc.thick.>6mm
44079100;Oak wood, sawn/cut in sheets, etc.thick.>6mm
44079200;Beech wood, sawn/cut in sheets, etc.thick.>6mm
44079300;Maple wood, sawn, lenghtwise, thickness>6mm
44079400;Cherry wood, lenghtwise sawn in sheets, thickness >6mm
44079500;Ash wood, lenghtwise sawn in sheets, thickness >6mm
44079910;Canafistula wood, sawn/cut in sheets, etc.thick.>6mm
48042100;Kraft paper forsack of great capacity, raw, rolls/sheets
48042900;Oth.kraft paper forsack of great capac.raw, rolls/sheets
48043110;Paper/kraft paperb., raw, w<=150g/m2, dielet.streng.>=600v
41041111;"Whole leathers of bovines, n/split ""wet blue"", s<=2.6m2"
39211100;Oth.plates, etc.of polymers of styrene, alveolar
41019010;Other leathers/skin, bovine, not split
41019020;Other leathers/skin, of bovine, grain splits
41019030;Other leathers/skin, of bovine, splits(than grain splits)
41021000;Skin in brute, sheep, with wool
41022100;"Skin in brute, sheep, ""pickled"""
41022900;Other skin in brute, sheep, waxed or without wool
41031000;Skin in brute, of goats
41032000;Skin in brute, of reptiles
41033000;Leathers/skin, of swine, in brute
41039000;Skin in brute, of other animals
41041011;"Leathers/skin whole, bovine, s<=2.6m2, ""wet blue"", n/spl"
41041012;"Leathers/skin whole, bovine, s<=2.6m2, ""wet blue"", grain sl"
41041013;"Leathers/skin whole, bov.s<=2.6m2, ""wet blue"", splits(than"
41041020;"Leathers/skin whole, bovine, s<=2.6m2, ""box-calf"""
41041090;Oth.leathers/skins whole, bovine, s<=2.6m2, prepared
39204100;Plates, etc.polym.of vinyl chloride without supp.etc
39204210;Plates, etc.polym.of polyvin.chlor.flex.tran.without sup
39204290;Ot.plates, etc.polym.of polyv.chlor.flex.without sup.etc
40169100;Covering forpavements, etc.of vulcanised rubber n/harden.
40169200;Erasers
40169300;Gaskets, washers, similars, of vulcan.rubber, n/harden.
40169400;Fenders to moor embarkations, of vulcan.rubber, n/harden.
40169510;Inflatable articles of rescue, of vulcan.rubber, n/hard.
40169590;Ot.inflatable articles, of vulcanised rubber, n/harden.
40169910;Stoppers of epdm forcapacitors, perforated formount.term.
40169990;Oth.articles of vulcanised rubber oth.than hard rubber
44083910;Wood sheets, of cedar, thickness<=6mm
44111290;Other fibreboards of wood or ligenous materials t>5mm
44111310;Fibreboards of wood, not mechanically worked t>5mm, t<9mm
48101310;Paper/paperboard forwriting, etc.fibre<=10%, rolls w<=15cm
48101381;Metal.paper/paperb., fibre<=10%, rolls/sheets w>150g/m2
48057010;Paper/paperboard with fiberglass, 150<w<225g/m2, rolls/sh
48057090;Oth.paper/paperboard, uncoat.rolls/sheets 150<w<225g/m2
48058000;Oth.paper/paperboard, w<225g/m2, uncoat.rolls/sheets
48059100;Oth.paper/paperb.n/covered, in rolls/sheets w<=150g/m2
48059210;Paper with fiberglass, 150<w<225g/m2
48059290;Oth.paper uncoated rolls/sh.150<w<225g/m2, rolls/sheets
48059300;Oth.paper/paperboard uncoated rolls/sheets w>225g/m2
48061000;Vegetable parchm.and paperboard parchment, rolls/sheets
48062000;Greaseproof papers, in rolls or sheets
48063000;Tracing papers, in rolls or sheets
48064000;Glassine and other glazed papers, etc.in rolls/sheets
39204310;Plates of poly(vinyl chloride) plast>=6%, transp.
39204390;Other plates of poly(vinyl chloride), plast>=6%
39204900;Other plates, sheets, etc.of poly(vinyl chloride)
39205100;Plates, etc.of poly(meth.methac.), without sup.n/rein.etc
39205900;Plates, etc.acrylate polymers, without sup.n/rein.etc
40111000;New tires for automobiles of passengers
39191010;Plates, sheets, foil, tape, strip and other flat shapes, self-adhesive, made of plastic, in rolls of a width not exceeding 20 cm, of polypropylene
40102300;Conveyor belt endless synch.6<c<=15dm, vulcan.rub
40102400;Conveyor belt endless synch.150<c<=198dm, vulc.rub
40102900;Other conveyor belt, of vulcanised rubber
40103100;Transmission belts trapez.v-ribbed 60<c<=180cm
40103200;Transmission belts trapez.n/ribbed 60<c<=180cm
40103300;Transmission belt trapez.v-ribbed 180<c<=240cm
40103400;Transmission belt trapez.n/ribbed 180<c<=240cm
40103500;Transmission belt, synchronous, 80<c<=150cm
40103600;Transmission belt, synchronous, 150<c<=198cm
40103900;Other transmission belts
40112010;New tires for bus or trucks, meassured=11, 00-24
44013000;Sawdust and wood waste and residues
48115110;Paper bleac.coat.etc.plast.w>150g/m2, strip w<=15cm, sh
48115121;Paper bleac.coat.etc.silicone, w>150g/m2, rolls/sheets
48115122;Paper bleac.coat.etc. stratif.polyet.alumin.w>150g/m2
48115123;Paper bleac.coat.etc.polyethylene/polyprop, w>150g/m2
48115128;Outros papéis gofrados na face recoberta ou revestida
39269040;Laboratory and pharmaceutical articles, of plastics
39269050;Oth.acces.of plastics, used for hemodialysis, obturators
39269061;Rings of circular cross section of tetrafluoroethylene and ether
39269069;Rings of circular cross section of plastic
39269090;Other articles of plastics
40011000;Natural rubber latex, whether or not prevulcanised
40012100;Natural rubber in other forms smoked sheets
40012200;Technically specified natural rubber (tsnr), other forms
40012910;Creped natural rubber
40012920;Natural rubber granulated or compressed
40012990;Natural rubber in other forms
39211310;Oth.plates, etc.of polyester, 24<=pores<=157, 3, 5<=pka<=4
39211390;Other plates, etc.of polyurethanes, alveolar
48101382;Baryta paper/paperb., fibre<=10%, rolls/sheets w>150g/m2
48101389;Other paper forwriting, etc.fibre<=10%, rolls w>150g/m2
48101390;Other paper forwriting, etc.fibre<=10%, in rolls
48101410;Paper forwriting, etc.fibre<10%, sheets, side<=360mm
38013090;Similar carbonaceous pastes forfurnace linings
38019000;Ot.prep.based on graphite/other carbon, in paste, etc.
38021000;Activated carbon
38029010;Siliceous fossil meals (activated)
38029020;Bentonita (activated natural mineral)
38029030;Atapulgite
38029040;Other clays and activated lands
44101290;Other oriented strand boards, waferboard
48070000;Comp.paper/paperb.(made stick.flat layers)unc.rolls/sh
48071000;Stratified paper/paperb.with bitumen, etc.unc.rolls,
48079000;Ot.comp.paper/paperb.(made stick.flat layers)unc.rolls,
48081000;Conr.paper/paperboard, incl.perforated, in rolls/sheets
48082000;Kraft parer forsack great capac.creped, etc.rolls/sheets
38112990;Other addictives lubricating oils
38119010;Other addictives dispers.n/ash, foroil combust.petroleum
38119090;Other addictives prepartions, formineral oils/oth.liquids
38121000;"Prepared denominated ""rubber accelerators"""
38122000;Compound plasticisers for rubber or plastics
38123011;Anti-oxidising preparat.forrubber, deriv.n of p-phenylen.
30063014;Opacif.preparat.dimeglumine gadop.forx-ray examinattion
35029010;Serum albumin
35029090;Other albumins, albuminates and oth.deriv.of albumins
35030011;Ossein gelatin, its derivatives, of a purity of >=99, 98%
35030012;Ossein gelatin, its derivatives, of a purity of <99, 98%
35030019;Other gelatin and its derivatives
35030090;Isinglass, oth.glues of animal origin, excl.casein glues
35040011;Peptones and peptonates
35040019;Other derivatives peptones
35040020;Powdered soya proteins, of a protein content of >=90%
35040030;Powdered potato proteins, of a protein content of >=80%
40119119;Other new tires, of rubber, band of wheelwork forms fish sp
44061000;Sleepers wood, for railroads, etc.not impregnated
44069000;Other wood sleepers,  for railroads or similar
44071000;Coniferous wood, sawn/cut in sheets etc.thinck.>6mm
44072100;Mahogany wood, lenghtwise sawn, cut in sheeets, thickness.>6mm
44072200;Virola, imbuia,balsa, sawn/cut, lenghtwise, in sheets, thick>6mm
44072410;Mahogany wood, sawn/cut in sheets etc.thinck.>6mm
44072420;Imbuia wood, sawn/cut in sheets etc.thinck.>6mm
44072490;Virola wood, balsa/sawn/cut in sheets etc.thinck.>6mm
38123012;Anti-oxidising prepar.forrubber, alkylarylphosphites, etc
38123013;Anti-oxidising prepar.forrubber, 2, 2, 4-trimethyl-1, 2-etc.
38123019;Oth.anti-oxidising prepar./oth.comp.stabilis., forrubber
38123021;Anti-oxidising forplastic, deriv.n of p-phenylenediamine
38123029;Oth.anti-oxidising prepar./oth.comp.stabilis., forplastic
38130000;Preparations and charges for fire-extinguishers, grenades, etc.
38130010;Charges with bromochlorodifluoromethane, etc. for fire-extinguishers
38130020;Charges with hydrobromofluorocarbons (hbfc) for fire-extinguishers
39074090;Other polycarbonates, in primary forms
39075010;Alkyd resins, in liquid and pastes
39075090;Alkyd resins, in other primary forms
39076000;Poly(ethylene terephthalate) in primary forms
39077000;Poly (lactic acid) primary forms
39079100;Other polyethers unsaturated, in primary forms
39079911;Polybutyl.terephthalate c/glass fibre filler, prim.form
43021300;Tanned/dressed furskins, of lamb, whole, unassembled
43021910;Tanned/dressed furskins, of sheep, whole, unassembled
43021990;Tanned/dressed furskins of ot.animals, whole, unassembled
43022000;Heads, tails, paws, etc.tanned/finish.whole, unassembled
43023000;Tanned/dressed furskins whole/pieces, etc.assembled
43031000;Articles of apparel/clothing accessories, of furskin
43039000;Other articles of furskin
40161010;Parts of automobiles, etc.vulcan.rubber alveol.n/harden.
40161090;Oth.works of vulcan.rubber alveol.n/harden.
44079920;Peroba wood, sawn/cut in sheets, etc.thick.>6mm
44079930;Guayaibi wood, sawn/cut in sheets, etc.thick.>6mm
44079940;Incienso wood, sawn/cut in sheets, etc.thick.>6mm
44079950;Urunday wood, sawn/cut in sheets, etc.thick.>6mm
37013031;Aluminium plates/plane, sens.oth.proc.unexposed d>255mm
37013039;Other plane plates, sen.other proc.unex.d>255mm
37013040;Film in the flat, forgraphic arts, sensit.unexpos.d>255mm
38099390;Other finishing agents, etc.forleather ind.
38101010;Pickling preparations for metal surfaces
38101020;Soldering, brazing or welding powders and pastes
38109000;Oth.fluxes/auxiliary prep./stiks/for soldering, etc
38111100;Anti-knock preparations based on lead compounds
38111900;Other anti-knock preparations
38112110;Addict.forgetting better viscos.improv.c/petrol.oils, etc
40170000;Hard rubber and other articles of hard rubber
39203000;Plates, etc.polym.of styrene without supp.n/reinf.etc
41011000;Raw skins of bovine, whole, when dried<=8kg, etc.
41012000;Raw hides and skins, whole, with weight restriction
41012010;Whole leathers/skin of bovine, n/divided w<=8kg
40121000;Retreaded pneumatic rubber tires
40121100;Retreaded tires, for passenger automobiles
44072910;Cedar wood, sawn/cut in sheets etc.thick.>6mm
44083920;Wood sheets, of pau marfim, thickness<=6mm
44083990;Sheets of other tropical wood, thickness<=6mm
44083991;Sheets for veneering compensated, etc, of cedar
44083992;Sheets for veneering compensated, etc, of pau marfim
44083999;Sheets for veneering, etc, of other tropical wood
44089000;Sheets of other wood, thickness<=6mm
44089010;Sheets for veneering, etc, of other stratified wood
48054010;Filter paper and paperboard, fibre acetate vin.copolymer
48054090;Other filter paper/paperboard, uncoated, in rolls/sheets
48055000;Felt paper and paperb.and woolly paper and paperb., etc
48056000;Oth.paper/paperboard, uncoat.rolls/sheets w<=150g/m2
48101481;Metallized paper, fibre<=10%, w>150g/m2, sheets<=435x297mm
48101482;Baryta paper, fibre<=10%, w>150g/m2, sheet, side<=435x297mm
48101489;Oth.paper forwrit.etc.fib.<=10%, w>150g/m2, sheet<=435x297
48101490;Oth.paper forwrit.etc.fibre<=10%, sheets<=435x297mm
39211200;Oth.plates, etc.of polymers of vinyl chloride, alveolar
39211300;Oth.plates, etc.of polyurethanes, alveolar
